ISO-10303-21;
HEADER;
/* Generated by software containing ST-Developer
 * from STEP Tools, Inc. (www.steptools.com) 
 */

FILE_DESCRIPTION(
/* description */ (''),
/* implementation_level */ '2;1');

FILE_NAME(
/* name */ 'sensor_enclosure_assembly.step',
/* time_stamp */ '2026-07-01T01:24:44-04:00',
/* author */ (''),
/* organization */ (''),
/* preprocessor_version */ 'ST-DEVELOPER v20.1',
/* originating_system */ 'Autodesk Translation Framework v15.8.0.0',
/* authorisation */ '');

FILE_SCHEMA (('AUTOMOTIVE_DESIGN { 1 0 10303 214 3 1 1 }'));
ENDSEC;

DATA;
#10=MECHANICAL_DESIGN_GEOMETRIC_PRESENTATION_REPRESENTATION('',(#37,#38,
#39),#20427);
#11=ITEM_DEFINED_TRANSFORMATION($,$,#12955,#13677);
#12=ITEM_DEFINED_TRANSFORMATION($,$,#13030,#13678);
#13=ITEM_DEFINED_TRANSFORMATION($,$,#13133,#13679);
#14=(
REPRESENTATION_RELATIONSHIP($,$,#20444,#20443)
REPRESENTATION_RELATIONSHIP_WITH_TRANSFORMATION(#11)
SHAPE_REPRESENTATION_RELATIONSHIP()
);
#15=(
REPRESENTATION_RELATIONSHIP($,$,#20445,#20443)
REPRESENTATION_RELATIONSHIP_WITH_TRANSFORMATION(#12)
SHAPE_REPRESENTATION_RELATIONSHIP()
);
#16=(
REPRESENTATION_RELATIONSHIP($,$,#20446,#20443)
REPRESENTATION_RELATIONSHIP_WITH_TRANSFORMATION(#13)
SHAPE_REPRESENTATION_RELATIONSHIP()
);
#17=CONTEXT_DEPENDENT_SHAPE_REPRESENTATION(#14,#20440);
#18=CONTEXT_DEPENDENT_SHAPE_REPRESENTATION(#15,#20441);
#19=CONTEXT_DEPENDENT_SHAPE_REPRESENTATION(#16,#20442);
#20=NEXT_ASSEMBLY_USAGE_OCCURRENCE('Tray:1','Tray:1','Tray:1',#20448,#20449,
'Tray:1');
#21=NEXT_ASSEMBLY_USAGE_OCCURRENCE('Lid:1','Lid:1','Lid:1',#20448,#20450,
'Lid:1');
#22=NEXT_ASSEMBLY_USAGE_OCCURRENCE('Base:1','Base:1','Base:1',#20448,#20451,
'Base:1');
#23=CONICAL_SURFACE('',#13103,5.,0.785398163397448);
#24=CONICAL_SURFACE('',#13107,5.,0.785398163397447);
#25=CONICAL_SURFACE('',#13111,5.,0.785398163397447);
#26=CONICAL_SURFACE('',#13115,5.,0.785398163397447);
#27=CONICAL_SURFACE('',#13643,4.75,0.785398163397449);
#28=CONICAL_SURFACE('',#13647,4.75,0.785398163397447);
#29=CONICAL_SURFACE('',#13651,4.75,0.785398163397447);
#30=CONICAL_SURFACE('',#13655,4.75,0.785398163397448);
#31=SHAPE_REPRESENTATION_RELATIONSHIP('SRR','None',#20444,#34);
#32=SHAPE_REPRESENTATION_RELATIONSHIP('SRR','None',#20445,#35);
#33=SHAPE_REPRESENTATION_RELATIONSHIP('SRR','None',#20446,#36);
#34=ADVANCED_BREP_SHAPE_REPRESENTATION('',(#40),#20424);
#35=ADVANCED_BREP_SHAPE_REPRESENTATION('',(#41),#20425);
#36=ADVANCED_BREP_SHAPE_REPRESENTATION('',(#42),#20426);
#37=STYLED_ITEM('',(#20467),#40);
#38=STYLED_ITEM('',(#20467),#41);
#39=STYLED_ITEM('',(#20467),#42);
#40=MANIFOLD_SOLID_BREP('TrayBody',#12917);
#41=MANIFOLD_SOLID_BREP('LidBody',#12918);
#42=MANIFOLD_SOLID_BREP('BaseShell',#12919);
#43=FACE_BOUND('',#1458,.T.);
#44=FACE_BOUND('',#1459,.T.);
#45=FACE_BOUND('',#1460,.T.);
#46=FACE_BOUND('',#1461,.T.);
#47=FACE_BOUND('',#1563,.T.);
#48=FACE_BOUND('',#1564,.T.);
#49=FACE_BOUND('',#1565,.T.);
#50=FACE_BOUND('',#1566,.T.);
#51=FACE_BOUND('',#1572,.T.);
#52=FACE_BOUND('',#1573,.T.);
#53=FACE_BOUND('',#1574,.T.);
#54=FACE_BOUND('',#1575,.T.);
#55=FACE_BOUND('',#1576,.T.);
#56=FACE_BOUND('',#1577,.T.);
#57=FACE_BOUND('',#1578,.T.);
#58=FACE_BOUND('',#1579,.T.);
#59=FACE_BOUND('',#1580,.T.);
#60=FACE_BOUND('',#1581,.T.);
#61=FACE_BOUND('',#1582,.T.);
#62=FACE_BOUND('',#1583,.T.);
#63=FACE_BOUND('',#2043,.T.);
#64=FACE_BOUND('',#2045,.T.);
#65=FACE_BOUND('',#2046,.T.);
#66=FACE_BOUND('',#2047,.T.);
#67=FACE_BOUND('',#2048,.T.);
#68=FACE_BOUND('',#2049,.T.);
#69=FACE_BOUND('',#2050,.T.);
#70=FACE_BOUND('',#2051,.T.);
#71=FACE_BOUND('',#2052,.T.);
#72=FACE_BOUND('',#2053,.T.);
#73=FACE_BOUND('',#2054,.T.);
#74=FACE_BOUND('',#2055,.T.);
#75=FACE_BOUND('',#2056,.T.);
#76=FACE_BOUND('',#2057,.T.);
#77=FACE_BOUND('',#2058,.T.);
#78=FACE_BOUND('',#2059,.T.);
#79=FACE_BOUND('',#2060,.T.);
#80=FACE_BOUND('',#2061,.T.);
#81=FACE_BOUND('',#2068,.T.);
#82=FACE_BOUND('',#2070,.T.);
#83=FACE_BOUND('',#2071,.T.);
#84=FACE_BOUND('',#2072,.T.);
#85=FACE_BOUND('',#2073,.T.);
#86=FACE_BOUND('',#2074,.T.);
#87=FACE_BOUND('',#2075,.T.);
#88=FACE_BOUND('',#2076,.T.);
#89=FACE_BOUND('',#2077,.T.);
#90=FACE_BOUND('',#2078,.T.);
#91=FACE_BOUND('',#2079,.T.);
#92=FACE_BOUND('',#2080,.T.);
#93=FACE_BOUND('',#2081,.T.);
#94=FACE_BOUND('',#2082,.T.);
#95=FACE_BOUND('',#2083,.T.);
#96=FACE_BOUND('',#2084,.T.);
#97=FACE_BOUND('',#2085,.T.);
#98=FACE_BOUND('',#2086,.T.);
#99=FACE_BOUND('',#2092,.T.);
#100=FACE_BOUND('',#2094,.T.);
#101=FACE_BOUND('',#2095,.T.);
#102=FACE_BOUND('',#2096,.T.);
#103=FACE_BOUND('',#2097,.T.);
#104=FACE_BOUND('',#2098,.T.);
#105=FACE_BOUND('',#2099,.T.);
#106=FACE_BOUND('',#2100,.T.);
#107=FACE_BOUND('',#2101,.T.);
#108=FACE_BOUND('',#2102,.T.);
#109=FACE_BOUND('',#2103,.T.);
#110=FACE_BOUND('',#2104,.T.);
#111=FACE_BOUND('',#2105,.T.);
#112=FACE_BOUND('',#2106,.T.);
#113=FACE_BOUND('',#2107,.T.);
#114=FACE_BOUND('',#2108,.T.);
#115=FACE_BOUND('',#2109,.T.);
#116=FACE_BOUND('',#2110,.T.);
#117=FACE_BOUND('',#2111,.T.);
#118=FACE_BOUND('',#2112,.T.);
#119=FACE_BOUND('',#2113,.T.);
#120=FACE_BOUND('',#2114,.T.);
#121=FACE_BOUND('',#2115,.T.);
#122=FACE_BOUND('',#2116,.T.);
#123=FACE_BOUND('',#2117,.T.);
#124=FACE_BOUND('',#2118,.T.);
#125=FACE_BOUND('',#2119,.T.);
#126=FACE_BOUND('',#2120,.T.);
#127=FACE_BOUND('',#2121,.T.);
#128=FACE_BOUND('',#2122,.T.);
#129=FACE_BOUND('',#2123,.T.);
#130=FACE_BOUND('',#2124,.T.);
#131=FACE_BOUND('',#2125,.T.);
#132=FACE_BOUND('',#2126,.T.);
#133=FACE_BOUND('',#2127,.T.);
#134=FACE_BOUND('',#2128,.T.);
#135=FACE_BOUND('',#2129,.T.);
#136=FACE_BOUND('',#2130,.T.);
#137=FACE_BOUND('',#2131,.T.);
#138=FACE_BOUND('',#2132,.T.);
#139=FACE_BOUND('',#2133,.T.);
#140=FACE_BOUND('',#2139,.T.);
#141=FACE_BOUND('',#2143,.T.);
#142=FACE_BOUND('',#2144,.T.);
#143=FACE_BOUND('',#2145,.T.);
#144=FACE_BOUND('',#2155,.T.);
#145=FACE_BOUND('',#2156,.T.);
#146=FACE_BOUND('',#2157,.T.);
#147=FACE_BOUND('',#2160,.T.);
#148=FACE_BOUND('',#2161,.T.);
#149=FACE_BOUND('',#2162,.T.);
#150=FACE_BOUND('',#2163,.T.);
#151=FACE_BOUND('',#2164,.T.);
#152=FACE_BOUND('',#2165,.T.);
#153=FACE_BOUND('',#2166,.T.);
#154=FACE_BOUND('',#2167,.T.);
#155=FACE_BOUND('',#2168,.T.);
#156=FACE_BOUND('',#2169,.T.);
#157=FACE_BOUND('',#2170,.T.);
#158=FACE_BOUND('',#2171,.T.);
#159=FACE_BOUND('',#2172,.T.);
#160=FACE_BOUND('',#2173,.T.);
#161=FACE_BOUND('',#2174,.T.);
#162=FACE_BOUND('',#2175,.T.);
#163=FACE_BOUND('',#2176,.T.);
#164=FACE_BOUND('',#2184,.T.);
#165=FACE_BOUND('',#2187,.T.);
#166=FACE_BOUND('',#2188,.T.);
#167=FACE_BOUND('',#2189,.T.);
#168=FACE_BOUND('',#2190,.T.);
#169=FACE_BOUND('',#2191,.T.);
#170=FACE_BOUND('',#2192,.T.);
#171=FACE_BOUND('',#2193,.T.);
#172=FACE_BOUND('',#2194,.T.);
#173=FACE_BOUND('',#2195,.T.);
#174=FACE_BOUND('',#2196,.T.);
#175=FACE_BOUND('',#2197,.T.);
#176=FACE_BOUND('',#2198,.T.);
#177=FACE_BOUND('',#2199,.T.);
#178=FACE_BOUND('',#2200,.T.);
#179=FACE_BOUND('',#2201,.T.);
#180=FACE_BOUND('',#2202,.T.);
#181=FACE_BOUND('',#2203,.T.);
#182=FACE_BOUND('',#2206,.T.);
#183=FACE_BOUND('',#2207,.T.);
#184=FACE_BOUND('',#2208,.T.);
#185=FACE_BOUND('',#2209,.T.);
#186=FACE_BOUND('',#2210,.T.);
#187=FACE_BOUND('',#2211,.T.);
#188=FACE_BOUND('',#2212,.T.);
#189=FACE_BOUND('',#2213,.T.);
#190=FACE_BOUND('',#2214,.T.);
#191=FACE_BOUND('',#2215,.T.);
#192=FACE_BOUND('',#2216,.T.);
#193=FACE_BOUND('',#2217,.T.);
#194=FACE_BOUND('',#2218,.T.);
#195=FACE_BOUND('',#2219,.T.);
#196=FACE_BOUND('',#2220,.T.);
#197=FACE_BOUND('',#2221,.T.);
#198=FACE_BOUND('',#2222,.T.);
#199=FACE_BOUND('',#2223,.T.);
#200=FACE_BOUND('',#2224,.T.);
#201=FACE_BOUND('',#2225,.T.);
#202=FACE_BOUND('',#2226,.T.);
#203=FACE_BOUND('',#2227,.T.);
#204=FACE_BOUND('',#2228,.T.);
#205=FACE_BOUND('',#2229,.T.);
#206=FACE_BOUND('',#2230,.T.);
#207=FACE_BOUND('',#2231,.T.);
#208=FACE_BOUND('',#2232,.T.);
#209=FACE_BOUND('',#2233,.T.);
#210=FACE_BOUND('',#2234,.T.);
#211=FACE_BOUND('',#2235,.T.);
#212=FACE_BOUND('',#2236,.T.);
#213=FACE_BOUND('',#2237,.T.);
#214=FACE_BOUND('',#2238,.T.);
#215=FACE_BOUND('',#2239,.T.);
#216=FACE_BOUND('',#2240,.T.);
#217=FACE_BOUND('',#2241,.T.);
#218=FACE_BOUND('',#2242,.T.);
#219=FACE_BOUND('',#2243,.T.);
#220=FACE_BOUND('',#2244,.T.);
#221=FACE_BOUND('',#2245,.T.);
#222=PLANE('',#12962);
#223=PLANE('',#12963);
#224=PLANE('',#12964);
#225=PLANE('',#12965);
#226=PLANE('',#12966);
#227=PLANE('',#12967);
#228=PLANE('',#12968);
#229=PLANE('',#12969);
#230=PLANE('',#12970);
#231=PLANE('',#12971);
#232=PLANE('',#12972);
#233=PLANE('',#12973);
#234=PLANE('',#12974);
#235=PLANE('',#12975);
#236=PLANE('',#12976);
#237=PLANE('',#12977);
#238=PLANE('',#12978);
#239=PLANE('',#12979);
#240=PLANE('',#12980);
#241=PLANE('',#12981);
#242=PLANE('',#12982);
#243=PLANE('',#12983);
#244=PLANE('',#12984);
#245=PLANE('',#12985);
#246=PLANE('',#12986);
#247=PLANE('',#12987);
#248=PLANE('',#12988);
#249=PLANE('',#12989);
#250=PLANE('',#12990);
#251=PLANE('',#12991);
#252=PLANE('',#12992);
#253=PLANE('',#12993);
#254=PLANE('',#12994);
#255=PLANE('',#12995);
#256=PLANE('',#12996);
#257=PLANE('',#12997);
#258=PLANE('',#12998);
#259=PLANE('',#12999);
#260=PLANE('',#13000);
#261=PLANE('',#13001);
#262=PLANE('',#13002);
#263=PLANE('',#13003);
#264=PLANE('',#13004);
#265=PLANE('',#13005);
#266=PLANE('',#13006);
#267=PLANE('',#13007);
#268=PLANE('',#13008);
#269=PLANE('',#13009);
#270=PLANE('',#13010);
#271=PLANE('',#13011);
#272=PLANE('',#13012);
#273=PLANE('',#13013);
#274=PLANE('',#13014);
#275=PLANE('',#13015);
#276=PLANE('',#13016);
#277=PLANE('',#13017);
#278=PLANE('',#13018);
#279=PLANE('',#13019);
#280=PLANE('',#13020);
#281=PLANE('',#13021);
#282=PLANE('',#13022);
#283=PLANE('',#13023);
#284=PLANE('',#13024);
#285=PLANE('',#13025);
#286=PLANE('',#13026);
#287=PLANE('',#13027);
#288=PLANE('',#13028);
#289=PLANE('',#13029);
#290=PLANE('',#13079);
#291=PLANE('',#13080);
#292=PLANE('',#13081);
#293=PLANE('',#13082);
#294=PLANE('',#13083);
#295=PLANE('',#13084);
#296=PLANE('',#13085);
#297=PLANE('',#13086);
#298=PLANE('',#13087);
#299=PLANE('',#13088);
#300=PLANE('',#13089);
#301=PLANE('',#13090);
#302=PLANE('',#13091);
#303=PLANE('',#13092);
#304=PLANE('',#13093);
#305=PLANE('',#13094);
#306=PLANE('',#13095);
#307=PLANE('',#13096);
#308=PLANE('',#13097);
#309=PLANE('',#13098);
#310=PLANE('',#13099);
#311=PLANE('',#13100);
#312=PLANE('',#13101);
#313=PLANE('',#13102);
#314=PLANE('',#13106);
#315=PLANE('',#13110);
#316=PLANE('',#13114);
#317=PLANE('',#13118);
#318=PLANE('',#13119);
#319=PLANE('',#13122);
#320=PLANE('',#13125);
#321=PLANE('',#13126);
#322=PLANE('',#13131);
#323=PLANE('',#13132);
#324=PLANE('',#13134);
#325=PLANE('',#13135);
#326=PLANE('',#13136);
#327=PLANE('',#13137);
#328=PLANE('',#13138);
#329=PLANE('',#13139);
#330=PLANE('',#13140);
#331=PLANE('',#13141);
#332=PLANE('',#13142);
#333=PLANE('',#13143);
#334=PLANE('',#13144);
#335=PLANE('',#13145);
#336=PLANE('',#13146);
#337=PLANE('',#13147);
#338=PLANE('',#13148);
#339=PLANE('',#13149);
#340=PLANE('',#13150);
#341=PLANE('',#13151);
#342=PLANE('',#13152);
#343=PLANE('',#13153);
#344=PLANE('',#13154);
#345=PLANE('',#13155);
#346=PLANE('',#13156);
#347=PLANE('',#13157);
#348=PLANE('',#13158);
#349=PLANE('',#13159);
#350=PLANE('',#13160);
#351=PLANE('',#13161);
#352=PLANE('',#13162);
#353=PLANE('',#13163);
#354=PLANE('',#13164);
#355=PLANE('',#13165);
#356=PLANE('',#13166);
#357=PLANE('',#13167);
#358=PLANE('',#13168);
#359=PLANE('',#13169);
#360=PLANE('',#13170);
#361=PLANE('',#13171);
#362=PLANE('',#13172);
#363=PLANE('',#13173);
#364=PLANE('',#13174);
#365=PLANE('',#13175);
#366=PLANE('',#13176);
#367=PLANE('',#13177);
#368=PLANE('',#13178);
#369=PLANE('',#13179);
#370=PLANE('',#13180);
#371=PLANE('',#13181);
#372=PLANE('',#13182);
#373=PLANE('',#13183);
#374=PLANE('',#13184);
#375=PLANE('',#13185);
#376=PLANE('',#13186);
#377=PLANE('',#13187);
#378=PLANE('',#13188);
#379=PLANE('',#13189);
#380=PLANE('',#13190);
#381=PLANE('',#13191);
#382=PLANE('',#13192);
#383=PLANE('',#13193);
#384=PLANE('',#13194);
#385=PLANE('',#13195);
#386=PLANE('',#13196);
#387=PLANE('',#13197);
#388=PLANE('',#13198);
#389=PLANE('',#13199);
#390=PLANE('',#13200);
#391=PLANE('',#13201);
#392=PLANE('',#13202);
#393=PLANE('',#13203);
#394=PLANE('',#13204);
#395=PLANE('',#13205);
#396=PLANE('',#13206);
#397=PLANE('',#13207);
#398=PLANE('',#13208);
#399=PLANE('',#13209);
#400=PLANE('',#13210);
#401=PLANE('',#13211);
#402=PLANE('',#13212);
#403=PLANE('',#13213);
#404=PLANE('',#13214);
#405=PLANE('',#13215);
#406=PLANE('',#13216);
#407=PLANE('',#13217);
#408=PLANE('',#13218);
#409=PLANE('',#13219);
#410=PLANE('',#13220);
#411=PLANE('',#13221);
#412=PLANE('',#13222);
#413=PLANE('',#13223);
#414=PLANE('',#13224);
#415=PLANE('',#13225);
#416=PLANE('',#13226);
#417=PLANE('',#13227);
#418=PLANE('',#13228);
#419=PLANE('',#13229);
#420=PLANE('',#13230);
#421=PLANE('',#13231);
#422=PLANE('',#13232);
#423=PLANE('',#13233);
#424=PLANE('',#13234);
#425=PLANE('',#13235);
#426=PLANE('',#13236);
#427=PLANE('',#13237);
#428=PLANE('',#13238);
#429=PLANE('',#13239);
#430=PLANE('',#13240);
#431=PLANE('',#13241);
#432=PLANE('',#13242);
#433=PLANE('',#13243);
#434=PLANE('',#13244);
#435=PLANE('',#13245);
#436=PLANE('',#13246);
#437=PLANE('',#13247);
#438=PLANE('',#13248);
#439=PLANE('',#13249);
#440=PLANE('',#13250);
#441=PLANE('',#13251);
#442=PLANE('',#13252);
#443=PLANE('',#13253);
#444=PLANE('',#13254);
#445=PLANE('',#13255);
#446=PLANE('',#13256);
#447=PLANE('',#13257);
#448=PLANE('',#13258);
#449=PLANE('',#13259);
#450=PLANE('',#13260);
#451=PLANE('',#13261);
#452=PLANE('',#13262);
#453=PLANE('',#13263);
#454=PLANE('',#13264);
#455=PLANE('',#13265);
#456=PLANE('',#13266);
#457=PLANE('',#13267);
#458=PLANE('',#13268);
#459=PLANE('',#13269);
#460=PLANE('',#13270);
#461=PLANE('',#13271);
#462=PLANE('',#13272);
#463=PLANE('',#13273);
#464=PLANE('',#13274);
#465=PLANE('',#13275);
#466=PLANE('',#13276);
#467=PLANE('',#13277);
#468=PLANE('',#13278);
#469=PLANE('',#13279);
#470=PLANE('',#13280);
#471=PLANE('',#13281);
#472=PLANE('',#13282);
#473=PLANE('',#13283);
#474=PLANE('',#13284);
#475=PLANE('',#13285);
#476=PLANE('',#13286);
#477=PLANE('',#13287);
#478=PLANE('',#13288);
#479=PLANE('',#13289);
#480=PLANE('',#13290);
#481=PLANE('',#13291);
#482=PLANE('',#13292);
#483=PLANE('',#13293);
#484=PLANE('',#13294);
#485=PLANE('',#13295);
#486=PLANE('',#13296);
#487=PLANE('',#13297);
#488=PLANE('',#13298);
#489=PLANE('',#13299);
#490=PLANE('',#13300);
#491=PLANE('',#13301);
#492=PLANE('',#13302);
#493=PLANE('',#13303);
#494=PLANE('',#13304);
#495=PLANE('',#13305);
#496=PLANE('',#13306);
#497=PLANE('',#13307);
#498=PLANE('',#13308);
#499=PLANE('',#13309);
#500=PLANE('',#13310);
#501=PLANE('',#13311);
#502=PLANE('',#13312);
#503=PLANE('',#13313);
#504=PLANE('',#13314);
#505=PLANE('',#13315);
#506=PLANE('',#13316);
#507=PLANE('',#13317);
#508=PLANE('',#13318);
#509=PLANE('',#13319);
#510=PLANE('',#13320);
#511=PLANE('',#13321);
#512=PLANE('',#13322);
#513=PLANE('',#13323);
#514=PLANE('',#13324);
#515=PLANE('',#13325);
#516=PLANE('',#13326);
#517=PLANE('',#13327);
#518=PLANE('',#13328);
#519=PLANE('',#13329);
#520=PLANE('',#13330);
#521=PLANE('',#13331);
#522=PLANE('',#13332);
#523=PLANE('',#13333);
#524=PLANE('',#13334);
#525=PLANE('',#13335);
#526=PLANE('',#13336);
#527=PLANE('',#13337);
#528=PLANE('',#13338);
#529=PLANE('',#13339);
#530=PLANE('',#13340);
#531=PLANE('',#13341);
#532=PLANE('',#13342);
#533=PLANE('',#13343);
#534=PLANE('',#13344);
#535=PLANE('',#13345);
#536=PLANE('',#13346);
#537=PLANE('',#13347);
#538=PLANE('',#13348);
#539=PLANE('',#13349);
#540=PLANE('',#13350);
#541=PLANE('',#13351);
#542=PLANE('',#13352);
#543=PLANE('',#13353);
#544=PLANE('',#13354);
#545=PLANE('',#13355);
#546=PLANE('',#13356);
#547=PLANE('',#13357);
#548=PLANE('',#13358);
#549=PLANE('',#13359);
#550=PLANE('',#13360);
#551=PLANE('',#13361);
#552=PLANE('',#13362);
#553=PLANE('',#13363);
#554=PLANE('',#13364);
#555=PLANE('',#13365);
#556=PLANE('',#13366);
#557=PLANE('',#13367);
#558=PLANE('',#13368);
#559=PLANE('',#13369);
#560=PLANE('',#13370);
#561=PLANE('',#13371);
#562=PLANE('',#13372);
#563=PLANE('',#13373);
#564=PLANE('',#13374);
#565=PLANE('',#13375);
#566=PLANE('',#13376);
#567=PLANE('',#13377);
#568=PLANE('',#13378);
#569=PLANE('',#13379);
#570=PLANE('',#13380);
#571=PLANE('',#13381);
#572=PLANE('',#13382);
#573=PLANE('',#13383);
#574=PLANE('',#13384);
#575=PLANE('',#13385);
#576=PLANE('',#13386);
#577=PLANE('',#13387);
#578=PLANE('',#13388);
#579=PLANE('',#13389);
#580=PLANE('',#13390);
#581=PLANE('',#13391);
#582=PLANE('',#13392);
#583=PLANE('',#13393);
#584=PLANE('',#13394);
#585=PLANE('',#13395);
#586=PLANE('',#13396);
#587=PLANE('',#13397);
#588=PLANE('',#13398);
#589=PLANE('',#13399);
#590=PLANE('',#13400);
#591=PLANE('',#13401);
#592=PLANE('',#13402);
#593=PLANE('',#13403);
#594=PLANE('',#13404);
#595=PLANE('',#13405);
#596=PLANE('',#13406);
#597=PLANE('',#13407);
#598=PLANE('',#13408);
#599=PLANE('',#13409);
#600=PLANE('',#13410);
#601=PLANE('',#13411);
#602=PLANE('',#13412);
#603=PLANE('',#13413);
#604=PLANE('',#13414);
#605=PLANE('',#13415);
#606=PLANE('',#13416);
#607=PLANE('',#13417);
#608=PLANE('',#13418);
#609=PLANE('',#13419);
#610=PLANE('',#13420);
#611=PLANE('',#13421);
#612=PLANE('',#13422);
#613=PLANE('',#13423);
#614=PLANE('',#13424);
#615=PLANE('',#13425);
#616=PLANE('',#13426);
#617=PLANE('',#13427);
#618=PLANE('',#13428);
#619=PLANE('',#13429);
#620=PLANE('',#13430);
#621=PLANE('',#13431);
#622=PLANE('',#13432);
#623=PLANE('',#13433);
#624=PLANE('',#13434);
#625=PLANE('',#13435);
#626=PLANE('',#13436);
#627=PLANE('',#13437);
#628=PLANE('',#13438);
#629=PLANE('',#13439);
#630=PLANE('',#13440);
#631=PLANE('',#13441);
#632=PLANE('',#13442);
#633=PLANE('',#13443);
#634=PLANE('',#13444);
#635=PLANE('',#13445);
#636=PLANE('',#13446);
#637=PLANE('',#13447);
#638=PLANE('',#13448);
#639=PLANE('',#13449);
#640=PLANE('',#13450);
#641=PLANE('',#13451);
#642=PLANE('',#13452);
#643=PLANE('',#13453);
#644=PLANE('',#13454);
#645=PLANE('',#13455);
#646=PLANE('',#13456);
#647=PLANE('',#13457);
#648=PLANE('',#13458);
#649=PLANE('',#13459);
#650=PLANE('',#13460);
#651=PLANE('',#13461);
#652=PLANE('',#13462);
#653=PLANE('',#13463);
#654=PLANE('',#13464);
#655=PLANE('',#13465);
#656=PLANE('',#13466);
#657=PLANE('',#13467);
#658=PLANE('',#13468);
#659=PLANE('',#13469);
#660=PLANE('',#13470);
#661=PLANE('',#13471);
#662=PLANE('',#13472);
#663=PLANE('',#13473);
#664=PLANE('',#13474);
#665=PLANE('',#13475);
#666=PLANE('',#13476);
#667=PLANE('',#13477);
#668=PLANE('',#13478);
#669=PLANE('',#13479);
#670=PLANE('',#13480);
#671=PLANE('',#13481);
#672=PLANE('',#13482);
#673=PLANE('',#13483);
#674=PLANE('',#13484);
#675=PLANE('',#13485);
#676=PLANE('',#13486);
#677=PLANE('',#13487);
#678=PLANE('',#13488);
#679=PLANE('',#13489);
#680=PLANE('',#13490);
#681=PLANE('',#13491);
#682=PLANE('',#13492);
#683=PLANE('',#13493);
#684=PLANE('',#13494);
#685=PLANE('',#13495);
#686=PLANE('',#13496);
#687=PLANE('',#13497);
#688=PLANE('',#13498);
#689=PLANE('',#13499);
#690=PLANE('',#13500);
#691=PLANE('',#13501);
#692=PLANE('',#13502);
#693=PLANE('',#13503);
#694=PLANE('',#13504);
#695=PLANE('',#13505);
#696=PLANE('',#13506);
#697=PLANE('',#13507);
#698=PLANE('',#13508);
#699=PLANE('',#13509);
#700=PLANE('',#13510);
#701=PLANE('',#13511);
#702=PLANE('',#13512);
#703=PLANE('',#13513);
#704=PLANE('',#13514);
#705=PLANE('',#13515);
#706=PLANE('',#13516);
#707=PLANE('',#13517);
#708=PLANE('',#13518);
#709=PLANE('',#13519);
#710=PLANE('',#13520);
#711=PLANE('',#13521);
#712=PLANE('',#13522);
#713=PLANE('',#13523);
#714=PLANE('',#13524);
#715=PLANE('',#13525);
#716=PLANE('',#13526);
#717=PLANE('',#13527);
#718=PLANE('',#13528);
#719=PLANE('',#13529);
#720=PLANE('',#13530);
#721=PLANE('',#13531);
#722=PLANE('',#13532);
#723=PLANE('',#13533);
#724=PLANE('',#13534);
#725=PLANE('',#13535);
#726=PLANE('',#13536);
#727=PLANE('',#13537);
#728=PLANE('',#13538);
#729=PLANE('',#13539);
#730=PLANE('',#13540);
#731=PLANE('',#13541);
#732=PLANE('',#13542);
#733=PLANE('',#13543);
#734=PLANE('',#13544);
#735=PLANE('',#13545);
#736=PLANE('',#13546);
#737=PLANE('',#13547);
#738=PLANE('',#13548);
#739=PLANE('',#13549);
#740=PLANE('',#13550);
#741=PLANE('',#13551);
#742=PLANE('',#13552);
#743=PLANE('',#13553);
#744=PLANE('',#13554);
#745=PLANE('',#13555);
#746=PLANE('',#13556);
#747=PLANE('',#13557);
#748=PLANE('',#13558);
#749=PLANE('',#13559);
#750=PLANE('',#13560);
#751=PLANE('',#13561);
#752=PLANE('',#13562);
#753=PLANE('',#13563);
#754=PLANE('',#13564);
#755=PLANE('',#13565);
#756=PLANE('',#13566);
#757=PLANE('',#13567);
#758=PLANE('',#13568);
#759=PLANE('',#13569);
#760=PLANE('',#13570);
#761=PLANE('',#13571);
#762=PLANE('',#13575);
#763=PLANE('',#13576);
#764=PLANE('',#13577);
#765=PLANE('',#13578);
#766=PLANE('',#13579);
#767=PLANE('',#13580);
#768=PLANE('',#13581);
#769=PLANE('',#13582);
#770=PLANE('',#13589);
#771=PLANE('',#13593);
#772=PLANE('',#13597);
#773=PLANE('',#13601);
#774=PLANE('',#13608);
#775=PLANE('',#13609);
#776=PLANE('',#13610);
#777=PLANE('',#13611);
#778=PLANE('',#13612);
#779=PLANE('',#13621);
#780=PLANE('',#13622);
#781=PLANE('',#13623);
#782=PLANE('',#13624);
#783=PLANE('',#13630);
#784=PLANE('',#13631);
#785=PLANE('',#13632);
#786=PLANE('',#13633);
#787=PLANE('',#13639);
#788=PLANE('',#13640);
#789=PLANE('',#13641);
#790=PLANE('',#13642);
#791=PLANE('',#13646);
#792=PLANE('',#13650);
#793=PLANE('',#13654);
#794=PLANE('',#13658);
#795=PLANE('',#13659);
#796=PLANE('',#13662);
#797=PLANE('',#13665);
#798=PLANE('',#13666);
#799=PLANE('',#13667);
#800=PLANE('',#13668);
#801=PLANE('',#13669);
#802=PLANE('',#13670);
#803=PLANE('',#13674);
#804=PLANE('',#13676);
#805=FACE_OUTER_BOUND('',#1436,.T.);
#806=FACE_OUTER_BOUND('',#1437,.T.);
#807=FACE_OUTER_BOUND('',#1438,.T.);
#808=FACE_OUTER_BOUND('',#1439,.T.);
#809=FACE_OUTER_BOUND('',#1440,.T.);
#810=FACE_OUTER_BOUND('',#1441,.T.);
#811=FACE_OUTER_BOUND('',#1442,.T.);
#812=FACE_OUTER_BOUND('',#1443,.T.);
#813=FACE_OUTER_BOUND('',#1444,.T.);
#814=FACE_OUTER_BOUND('',#1445,.T.);
#815=FACE_OUTER_BOUND('',#1446,.T.);
#816=FACE_OUTER_BOUND('',#1447,.T.);
#817=FACE_OUTER_BOUND('',#1448,.T.);
#818=FACE_OUTER_BOUND('',#1449,.T.);
#819=FACE_OUTER_BOUND('',#1450,.T.);
#820=FACE_OUTER_BOUND('',#1451,.T.);
#821=FACE_OUTER_BOUND('',#1452,.T.);
#822=FACE_OUTER_BOUND('',#1453,.T.);
#823=FACE_OUTER_BOUND('',#1454,.T.);
#824=FACE_OUTER_BOUND('',#1455,.T.);
#825=FACE_OUTER_BOUND('',#1456,.T.);
#826=FACE_OUTER_BOUND('',#1457,.T.);
#827=FACE_OUTER_BOUND('',#1462,.T.);
#828=FACE_OUTER_BOUND('',#1463,.T.);
#829=FACE_OUTER_BOUND('',#1464,.T.);
#830=FACE_OUTER_BOUND('',#1465,.T.);
#831=FACE_OUTER_BOUND('',#1466,.T.);
#832=FACE_OUTER_BOUND('',#1467,.T.);
#833=FACE_OUTER_BOUND('',#1468,.T.);
#834=FACE_OUTER_BOUND('',#1469,.T.);
#835=FACE_OUTER_BOUND('',#1470,.T.);
#836=FACE_OUTER_BOUND('',#1471,.T.);
#837=FACE_OUTER_BOUND('',#1472,.T.);
#838=FACE_OUTER_BOUND('',#1473,.T.);
#839=FACE_OUTER_BOUND('',#1474,.T.);
#840=FACE_OUTER_BOUND('',#1475,.T.);
#841=FACE_OUTER_BOUND('',#1476,.T.);
#842=FACE_OUTER_BOUND('',#1477,.T.);
#843=FACE_OUTER_BOUND('',#1478,.T.);
#844=FACE_OUTER_BOUND('',#1479,.T.);
#845=FACE_OUTER_BOUND('',#1480,.T.);
#846=FACE_OUTER_BOUND('',#1481,.T.);
#847=FACE_OUTER_BOUND('',#1482,.T.);
#848=FACE_OUTER_BOUND('',#1483,.T.);
#849=FACE_OUTER_BOUND('',#1484,.T.);
#850=FACE_OUTER_BOUND('',#1485,.T.);
#851=FACE_OUTER_BOUND('',#1486,.T.);
#852=FACE_OUTER_BOUND('',#1487,.T.);
#853=FACE_OUTER_BOUND('',#1488,.T.);
#854=FACE_OUTER_BOUND('',#1489,.T.);
#855=FACE_OUTER_BOUND('',#1490,.T.);
#856=FACE_OUTER_BOUND('',#1491,.T.);
#857=FACE_OUTER_BOUND('',#1492,.T.);
#858=FACE_OUTER_BOUND('',#1493,.T.);
#859=FACE_OUTER_BOUND('',#1494,.T.);
#860=FACE_OUTER_BOUND('',#1495,.T.);
#861=FACE_OUTER_BOUND('',#1496,.T.);
#862=FACE_OUTER_BOUND('',#1497,.T.);
#863=FACE_OUTER_BOUND('',#1498,.T.);
#864=FACE_OUTER_BOUND('',#1499,.T.);
#865=FACE_OUTER_BOUND('',#1500,.T.);
#866=FACE_OUTER_BOUND('',#1501,.T.);
#867=FACE_OUTER_BOUND('',#1502,.T.);
#868=FACE_OUTER_BOUND('',#1503,.T.);
#869=FACE_OUTER_BOUND('',#1504,.T.);
#870=FACE_OUTER_BOUND('',#1505,.T.);
#871=FACE_OUTER_BOUND('',#1506,.T.);
#872=FACE_OUTER_BOUND('',#1507,.T.);
#873=FACE_OUTER_BOUND('',#1508,.T.);
#874=FACE_OUTER_BOUND('',#1509,.T.);
#875=FACE_OUTER_BOUND('',#1510,.T.);
#876=FACE_OUTER_BOUND('',#1511,.T.);
#877=FACE_OUTER_BOUND('',#1512,.T.);
#878=FACE_OUTER_BOUND('',#1513,.T.);
#879=FACE_OUTER_BOUND('',#1514,.T.);
#880=FACE_OUTER_BOUND('',#1515,.T.);
#881=FACE_OUTER_BOUND('',#1516,.T.);
#882=FACE_OUTER_BOUND('',#1517,.T.);
#883=FACE_OUTER_BOUND('',#1518,.T.);
#884=FACE_OUTER_BOUND('',#1519,.T.);
#885=FACE_OUTER_BOUND('',#1520,.T.);
#886=FACE_OUTER_BOUND('',#1521,.T.);
#887=FACE_OUTER_BOUND('',#1522,.T.);
#888=FACE_OUTER_BOUND('',#1523,.T.);
#889=FACE_OUTER_BOUND('',#1524,.T.);
#890=FACE_OUTER_BOUND('',#1525,.T.);
#891=FACE_OUTER_BOUND('',#1526,.T.);
#892=FACE_OUTER_BOUND('',#1527,.T.);
#893=FACE_OUTER_BOUND('',#1528,.T.);
#894=FACE_OUTER_BOUND('',#1529,.T.);
#895=FACE_OUTER_BOUND('',#1530,.T.);
#896=FACE_OUTER_BOUND('',#1531,.T.);
#897=FACE_OUTER_BOUND('',#1532,.T.);
#898=FACE_OUTER_BOUND('',#1533,.T.);
#899=FACE_OUTER_BOUND('',#1534,.T.);
#900=FACE_OUTER_BOUND('',#1535,.T.);
#901=FACE_OUTER_BOUND('',#1536,.T.);
#902=FACE_OUTER_BOUND('',#1537,.T.);
#903=FACE_OUTER_BOUND('',#1538,.T.);
#904=FACE_OUTER_BOUND('',#1539,.T.);
#905=FACE_OUTER_BOUND('',#1540,.T.);
#906=FACE_OUTER_BOUND('',#1541,.T.);
#907=FACE_OUTER_BOUND('',#1542,.T.);
#908=FACE_OUTER_BOUND('',#1543,.T.);
#909=FACE_OUTER_BOUND('',#1544,.T.);
#910=FACE_OUTER_BOUND('',#1545,.T.);
#911=FACE_OUTER_BOUND('',#1546,.T.);
#912=FACE_OUTER_BOUND('',#1547,.T.);
#913=FACE_OUTER_BOUND('',#1548,.T.);
#914=FACE_OUTER_BOUND('',#1549,.T.);
#915=FACE_OUTER_BOUND('',#1550,.T.);
#916=FACE_OUTER_BOUND('',#1551,.T.);
#917=FACE_OUTER_BOUND('',#1552,.T.);
#918=FACE_OUTER_BOUND('',#1553,.T.);
#919=FACE_OUTER_BOUND('',#1554,.T.);
#920=FACE_OUTER_BOUND('',#1555,.T.);
#921=FACE_OUTER_BOUND('',#1556,.T.);
#922=FACE_OUTER_BOUND('',#1557,.T.);
#923=FACE_OUTER_BOUND('',#1558,.T.);
#924=FACE_OUTER_BOUND('',#1559,.T.);
#925=FACE_OUTER_BOUND('',#1560,.T.);
#926=FACE_OUTER_BOUND('',#1561,.T.);
#927=FACE_OUTER_BOUND('',#1562,.T.);
#928=FACE_OUTER_BOUND('',#1567,.T.);
#929=FACE_OUTER_BOUND('',#1568,.T.);
#930=FACE_OUTER_BOUND('',#1569,.T.);
#931=FACE_OUTER_BOUND('',#1570,.T.);
#932=FACE_OUTER_BOUND('',#1571,.T.);
#933=FACE_OUTER_BOUND('',#1584,.T.);
#934=FACE_OUTER_BOUND('',#1585,.T.);
#935=FACE_OUTER_BOUND('',#1586,.T.);
#936=FACE_OUTER_BOUND('',#1587,.T.);
#937=FACE_OUTER_BOUND('',#1588,.T.);
#938=FACE_OUTER_BOUND('',#1589,.T.);
#939=FACE_OUTER_BOUND('',#1590,.T.);
#940=FACE_OUTER_BOUND('',#1591,.T.);
#941=FACE_OUTER_BOUND('',#1592,.T.);
#942=FACE_OUTER_BOUND('',#1593,.T.);
#943=FACE_OUTER_BOUND('',#1594,.T.);
#944=FACE_OUTER_BOUND('',#1595,.T.);
#945=FACE_OUTER_BOUND('',#1596,.T.);
#946=FACE_OUTER_BOUND('',#1597,.T.);
#947=FACE_OUTER_BOUND('',#1598,.T.);
#948=FACE_OUTER_BOUND('',#1599,.T.);
#949=FACE_OUTER_BOUND('',#1600,.T.);
#950=FACE_OUTER_BOUND('',#1601,.T.);
#951=FACE_OUTER_BOUND('',#1602,.T.);
#952=FACE_OUTER_BOUND('',#1603,.T.);
#953=FACE_OUTER_BOUND('',#1604,.T.);
#954=FACE_OUTER_BOUND('',#1605,.T.);
#955=FACE_OUTER_BOUND('',#1606,.T.);
#956=FACE_OUTER_BOUND('',#1607,.T.);
#957=FACE_OUTER_BOUND('',#1608,.T.);
#958=FACE_OUTER_BOUND('',#1609,.T.);
#959=FACE_OUTER_BOUND('',#1610,.T.);
#960=FACE_OUTER_BOUND('',#1611,.T.);
#961=FACE_OUTER_BOUND('',#1612,.T.);
#962=FACE_OUTER_BOUND('',#1613,.T.);
#963=FACE_OUTER_BOUND('',#1614,.T.);
#964=FACE_OUTER_BOUND('',#1615,.T.);
#965=FACE_OUTER_BOUND('',#1616,.T.);
#966=FACE_OUTER_BOUND('',#1617,.T.);
#967=FACE_OUTER_BOUND('',#1618,.T.);
#968=FACE_OUTER_BOUND('',#1619,.T.);
#969=FACE_OUTER_BOUND('',#1620,.T.);
#970=FACE_OUTER_BOUND('',#1621,.T.);
#971=FACE_OUTER_BOUND('',#1622,.T.);
#972=FACE_OUTER_BOUND('',#1623,.T.);
#973=FACE_OUTER_BOUND('',#1624,.T.);
#974=FACE_OUTER_BOUND('',#1625,.T.);
#975=FACE_OUTER_BOUND('',#1626,.T.);
#976=FACE_OUTER_BOUND('',#1627,.T.);
#977=FACE_OUTER_BOUND('',#1628,.T.);
#978=FACE_OUTER_BOUND('',#1629,.T.);
#979=FACE_OUTER_BOUND('',#1630,.T.);
#980=FACE_OUTER_BOUND('',#1631,.T.);
#981=FACE_OUTER_BOUND('',#1632,.T.);
#982=FACE_OUTER_BOUND('',#1633,.T.);
#983=FACE_OUTER_BOUND('',#1634,.T.);
#984=FACE_OUTER_BOUND('',#1635,.T.);
#985=FACE_OUTER_BOUND('',#1636,.T.);
#986=FACE_OUTER_BOUND('',#1637,.T.);
#987=FACE_OUTER_BOUND('',#1638,.T.);
#988=FACE_OUTER_BOUND('',#1639,.T.);
#989=FACE_OUTER_BOUND('',#1640,.T.);
#990=FACE_OUTER_BOUND('',#1641,.T.);
#991=FACE_OUTER_BOUND('',#1642,.T.);
#992=FACE_OUTER_BOUND('',#1643,.T.);
#993=FACE_OUTER_BOUND('',#1644,.T.);
#994=FACE_OUTER_BOUND('',#1645,.T.);
#995=FACE_OUTER_BOUND('',#1646,.T.);
#996=FACE_OUTER_BOUND('',#1647,.T.);
#997=FACE_OUTER_BOUND('',#1648,.T.);
#998=FACE_OUTER_BOUND('',#1649,.T.);
#999=FACE_OUTER_BOUND('',#1650,.T.);
#1000=FACE_OUTER_BOUND('',#1651,.T.);
#1001=FACE_OUTER_BOUND('',#1652,.T.);
#1002=FACE_OUTER_BOUND('',#1653,.T.);
#1003=FACE_OUTER_BOUND('',#1654,.T.);
#1004=FACE_OUTER_BOUND('',#1655,.T.);
#1005=FACE_OUTER_BOUND('',#1656,.T.);
#1006=FACE_OUTER_BOUND('',#1657,.T.);
#1007=FACE_OUTER_BOUND('',#1658,.T.);
#1008=FACE_OUTER_BOUND('',#1659,.T.);
#1009=FACE_OUTER_BOUND('',#1660,.T.);
#1010=FACE_OUTER_BOUND('',#1661,.T.);
#1011=FACE_OUTER_BOUND('',#1662,.T.);
#1012=FACE_OUTER_BOUND('',#1663,.T.);
#1013=FACE_OUTER_BOUND('',#1664,.T.);
#1014=FACE_OUTER_BOUND('',#1665,.T.);
#1015=FACE_OUTER_BOUND('',#1666,.T.);
#1016=FACE_OUTER_BOUND('',#1667,.T.);
#1017=FACE_OUTER_BOUND('',#1668,.T.);
#1018=FACE_OUTER_BOUND('',#1669,.T.);
#1019=FACE_OUTER_BOUND('',#1670,.T.);
#1020=FACE_OUTER_BOUND('',#1671,.T.);
#1021=FACE_OUTER_BOUND('',#1672,.T.);
#1022=FACE_OUTER_BOUND('',#1673,.T.);
#1023=FACE_OUTER_BOUND('',#1674,.T.);
#1024=FACE_OUTER_BOUND('',#1675,.T.);
#1025=FACE_OUTER_BOUND('',#1676,.T.);
#1026=FACE_OUTER_BOUND('',#1677,.T.);
#1027=FACE_OUTER_BOUND('',#1678,.T.);
#1028=FACE_OUTER_BOUND('',#1679,.T.);
#1029=FACE_OUTER_BOUND('',#1680,.T.);
#1030=FACE_OUTER_BOUND('',#1681,.T.);
#1031=FACE_OUTER_BOUND('',#1682,.T.);
#1032=FACE_OUTER_BOUND('',#1683,.T.);
#1033=FACE_OUTER_BOUND('',#1684,.T.);
#1034=FACE_OUTER_BOUND('',#1685,.T.);
#1035=FACE_OUTER_BOUND('',#1686,.T.);
#1036=FACE_OUTER_BOUND('',#1687,.T.);
#1037=FACE_OUTER_BOUND('',#1688,.T.);
#1038=FACE_OUTER_BOUND('',#1689,.T.);
#1039=FACE_OUTER_BOUND('',#1690,.T.);
#1040=FACE_OUTER_BOUND('',#1691,.T.);
#1041=FACE_OUTER_BOUND('',#1692,.T.);
#1042=FACE_OUTER_BOUND('',#1693,.T.);
#1043=FACE_OUTER_BOUND('',#1694,.T.);
#1044=FACE_OUTER_BOUND('',#1695,.T.);
#1045=FACE_OUTER_BOUND('',#1696,.T.);
#1046=FACE_OUTER_BOUND('',#1697,.T.);
#1047=FACE_OUTER_BOUND('',#1698,.T.);
#1048=FACE_OUTER_BOUND('',#1699,.T.);
#1049=FACE_OUTER_BOUND('',#1700,.T.);
#1050=FACE_OUTER_BOUND('',#1701,.T.);
#1051=FACE_OUTER_BOUND('',#1702,.T.);
#1052=FACE_OUTER_BOUND('',#1703,.T.);
#1053=FACE_OUTER_BOUND('',#1704,.T.);
#1054=FACE_OUTER_BOUND('',#1705,.T.);
#1055=FACE_OUTER_BOUND('',#1706,.T.);
#1056=FACE_OUTER_BOUND('',#1707,.T.);
#1057=FACE_OUTER_BOUND('',#1708,.T.);
#1058=FACE_OUTER_BOUND('',#1709,.T.);
#1059=FACE_OUTER_BOUND('',#1710,.T.);
#1060=FACE_OUTER_BOUND('',#1711,.T.);
#1061=FACE_OUTER_BOUND('',#1712,.T.);
#1062=FACE_OUTER_BOUND('',#1713,.T.);
#1063=FACE_OUTER_BOUND('',#1714,.T.);
#1064=FACE_OUTER_BOUND('',#1715,.T.);
#1065=FACE_OUTER_BOUND('',#1716,.T.);
#1066=FACE_OUTER_BOUND('',#1717,.T.);
#1067=FACE_OUTER_BOUND('',#1718,.T.);
#1068=FACE_OUTER_BOUND('',#1719,.T.);
#1069=FACE_OUTER_BOUND('',#1720,.T.);
#1070=FACE_OUTER_BOUND('',#1721,.T.);
#1071=FACE_OUTER_BOUND('',#1722,.T.);
#1072=FACE_OUTER_BOUND('',#1723,.T.);
#1073=FACE_OUTER_BOUND('',#1724,.T.);
#1074=FACE_OUTER_BOUND('',#1725,.T.);
#1075=FACE_OUTER_BOUND('',#1726,.T.);
#1076=FACE_OUTER_BOUND('',#1727,.T.);
#1077=FACE_OUTER_BOUND('',#1728,.T.);
#1078=FACE_OUTER_BOUND('',#1729,.T.);
#1079=FACE_OUTER_BOUND('',#1730,.T.);
#1080=FACE_OUTER_BOUND('',#1731,.T.);
#1081=FACE_OUTER_BOUND('',#1732,.T.);
#1082=FACE_OUTER_BOUND('',#1733,.T.);
#1083=FACE_OUTER_BOUND('',#1734,.T.);
#1084=FACE_OUTER_BOUND('',#1735,.T.);
#1085=FACE_OUTER_BOUND('',#1736,.T.);
#1086=FACE_OUTER_BOUND('',#1737,.T.);
#1087=FACE_OUTER_BOUND('',#1738,.T.);
#1088=FACE_OUTER_BOUND('',#1739,.T.);
#1089=FACE_OUTER_BOUND('',#1740,.T.);
#1090=FACE_OUTER_BOUND('',#1741,.T.);
#1091=FACE_OUTER_BOUND('',#1742,.T.);
#1092=FACE_OUTER_BOUND('',#1743,.T.);
#1093=FACE_OUTER_BOUND('',#1744,.T.);
#1094=FACE_OUTER_BOUND('',#1745,.T.);
#1095=FACE_OUTER_BOUND('',#1746,.T.);
#1096=FACE_OUTER_BOUND('',#1747,.T.);
#1097=FACE_OUTER_BOUND('',#1748,.T.);
#1098=FACE_OUTER_BOUND('',#1749,.T.);
#1099=FACE_OUTER_BOUND('',#1750,.T.);
#1100=FACE_OUTER_BOUND('',#1751,.T.);
#1101=FACE_OUTER_BOUND('',#1752,.T.);
#1102=FACE_OUTER_BOUND('',#1753,.T.);
#1103=FACE_OUTER_BOUND('',#1754,.T.);
#1104=FACE_OUTER_BOUND('',#1755,.T.);
#1105=FACE_OUTER_BOUND('',#1756,.T.);
#1106=FACE_OUTER_BOUND('',#1757,.T.);
#1107=FACE_OUTER_BOUND('',#1758,.T.);
#1108=FACE_OUTER_BOUND('',#1759,.T.);
#1109=FACE_OUTER_BOUND('',#1760,.T.);
#1110=FACE_OUTER_BOUND('',#1761,.T.);
#1111=FACE_OUTER_BOUND('',#1762,.T.);
#1112=FACE_OUTER_BOUND('',#1763,.T.);
#1113=FACE_OUTER_BOUND('',#1764,.T.);
#1114=FACE_OUTER_BOUND('',#1765,.T.);
#1115=FACE_OUTER_BOUND('',#1766,.T.);
#1116=FACE_OUTER_BOUND('',#1767,.T.);
#1117=FACE_OUTER_BOUND('',#1768,.T.);
#1118=FACE_OUTER_BOUND('',#1769,.T.);
#1119=FACE_OUTER_BOUND('',#1770,.T.);
#1120=FACE_OUTER_BOUND('',#1771,.T.);
#1121=FACE_OUTER_BOUND('',#1772,.T.);
#1122=FACE_OUTER_BOUND('',#1773,.T.);
#1123=FACE_OUTER_BOUND('',#1774,.T.);
#1124=FACE_OUTER_BOUND('',#1775,.T.);
#1125=FACE_OUTER_BOUND('',#1776,.T.);
#1126=FACE_OUTER_BOUND('',#1777,.T.);
#1127=FACE_OUTER_BOUND('',#1778,.T.);
#1128=FACE_OUTER_BOUND('',#1779,.T.);
#1129=FACE_OUTER_BOUND('',#1780,.T.);
#1130=FACE_OUTER_BOUND('',#1781,.T.);
#1131=FACE_OUTER_BOUND('',#1782,.T.);
#1132=FACE_OUTER_BOUND('',#1783,.T.);
#1133=FACE_OUTER_BOUND('',#1784,.T.);
#1134=FACE_OUTER_BOUND('',#1785,.T.);
#1135=FACE_OUTER_BOUND('',#1786,.T.);
#1136=FACE_OUTER_BOUND('',#1787,.T.);
#1137=FACE_OUTER_BOUND('',#1788,.T.);
#1138=FACE_OUTER_BOUND('',#1789,.T.);
#1139=FACE_OUTER_BOUND('',#1790,.T.);
#1140=FACE_OUTER_BOUND('',#1791,.T.);
#1141=FACE_OUTER_BOUND('',#1792,.T.);
#1142=FACE_OUTER_BOUND('',#1793,.T.);
#1143=FACE_OUTER_BOUND('',#1794,.T.);
#1144=FACE_OUTER_BOUND('',#1795,.T.);
#1145=FACE_OUTER_BOUND('',#1796,.T.);
#1146=FACE_OUTER_BOUND('',#1797,.T.);
#1147=FACE_OUTER_BOUND('',#1798,.T.);
#1148=FACE_OUTER_BOUND('',#1799,.T.);
#1149=FACE_OUTER_BOUND('',#1800,.T.);
#1150=FACE_OUTER_BOUND('',#1801,.T.);
#1151=FACE_OUTER_BOUND('',#1802,.T.);
#1152=FACE_OUTER_BOUND('',#1803,.T.);
#1153=FACE_OUTER_BOUND('',#1804,.T.);
#1154=FACE_OUTER_BOUND('',#1805,.T.);
#1155=FACE_OUTER_BOUND('',#1806,.T.);
#1156=FACE_OUTER_BOUND('',#1807,.T.);
#1157=FACE_OUTER_BOUND('',#1808,.T.);
#1158=FACE_OUTER_BOUND('',#1809,.T.);
#1159=FACE_OUTER_BOUND('',#1810,.T.);
#1160=FACE_OUTER_BOUND('',#1811,.T.);
#1161=FACE_OUTER_BOUND('',#1812,.T.);
#1162=FACE_OUTER_BOUND('',#1813,.T.);
#1163=FACE_OUTER_BOUND('',#1814,.T.);
#1164=FACE_OUTER_BOUND('',#1815,.T.);
#1165=FACE_OUTER_BOUND('',#1816,.T.);
#1166=FACE_OUTER_BOUND('',#1817,.T.);
#1167=FACE_OUTER_BOUND('',#1818,.T.);
#1168=FACE_OUTER_BOUND('',#1819,.T.);
#1169=FACE_OUTER_BOUND('',#1820,.T.);
#1170=FACE_OUTER_BOUND('',#1821,.T.);
#1171=FACE_OUTER_BOUND('',#1822,.T.);
#1172=FACE_OUTER_BOUND('',#1823,.T.);
#1173=FACE_OUTER_BOUND('',#1824,.T.);
#1174=FACE_OUTER_BOUND('',#1825,.T.);
#1175=FACE_OUTER_BOUND('',#1826,.T.);
#1176=FACE_OUTER_BOUND('',#1827,.T.);
#1177=FACE_OUTER_BOUND('',#1828,.T.);
#1178=FACE_OUTER_BOUND('',#1829,.T.);
#1179=FACE_OUTER_BOUND('',#1830,.T.);
#1180=FACE_OUTER_BOUND('',#1831,.T.);
#1181=FACE_OUTER_BOUND('',#1832,.T.);
#1182=FACE_OUTER_BOUND('',#1833,.T.);
#1183=FACE_OUTER_BOUND('',#1834,.T.);
#1184=FACE_OUTER_BOUND('',#1835,.T.);
#1185=FACE_OUTER_BOUND('',#1836,.T.);
#1186=FACE_OUTER_BOUND('',#1837,.T.);
#1187=FACE_OUTER_BOUND('',#1838,.T.);
#1188=FACE_OUTER_BOUND('',#1839,.T.);
#1189=FACE_OUTER_BOUND('',#1840,.T.);
#1190=FACE_OUTER_BOUND('',#1841,.T.);
#1191=FACE_OUTER_BOUND('',#1842,.T.);
#1192=FACE_OUTER_BOUND('',#1843,.T.);
#1193=FACE_OUTER_BOUND('',#1844,.T.);
#1194=FACE_OUTER_BOUND('',#1845,.T.);
#1195=FACE_OUTER_BOUND('',#1846,.T.);
#1196=FACE_OUTER_BOUND('',#1847,.T.);
#1197=FACE_OUTER_BOUND('',#1848,.T.);
#1198=FACE_OUTER_BOUND('',#1849,.T.);
#1199=FACE_OUTER_BOUND('',#1850,.T.);
#1200=FACE_OUTER_BOUND('',#1851,.T.);
#1201=FACE_OUTER_BOUND('',#1852,.T.);
#1202=FACE_OUTER_BOUND('',#1853,.T.);
#1203=FACE_OUTER_BOUND('',#1854,.T.);
#1204=FACE_OUTER_BOUND('',#1855,.T.);
#1205=FACE_OUTER_BOUND('',#1856,.T.);
#1206=FACE_OUTER_BOUND('',#1857,.T.);
#1207=FACE_OUTER_BOUND('',#1858,.T.);
#1208=FACE_OUTER_BOUND('',#1859,.T.);
#1209=FACE_OUTER_BOUND('',#1860,.T.);
#1210=FACE_OUTER_BOUND('',#1861,.T.);
#1211=FACE_OUTER_BOUND('',#1862,.T.);
#1212=FACE_OUTER_BOUND('',#1863,.T.);
#1213=FACE_OUTER_BOUND('',#1864,.T.);
#1214=FACE_OUTER_BOUND('',#1865,.T.);
#1215=FACE_OUTER_BOUND('',#1866,.T.);
#1216=FACE_OUTER_BOUND('',#1867,.T.);
#1217=FACE_OUTER_BOUND('',#1868,.T.);
#1218=FACE_OUTER_BOUND('',#1869,.T.);
#1219=FACE_OUTER_BOUND('',#1870,.T.);
#1220=FACE_OUTER_BOUND('',#1871,.T.);
#1221=FACE_OUTER_BOUND('',#1872,.T.);
#1222=FACE_OUTER_BOUND('',#1873,.T.);
#1223=FACE_OUTER_BOUND('',#1874,.T.);
#1224=FACE_OUTER_BOUND('',#1875,.T.);
#1225=FACE_OUTER_BOUND('',#1876,.T.);
#1226=FACE_OUTER_BOUND('',#1877,.T.);
#1227=FACE_OUTER_BOUND('',#1878,.T.);
#1228=FACE_OUTER_BOUND('',#1879,.T.);
#1229=FACE_OUTER_BOUND('',#1880,.T.);
#1230=FACE_OUTER_BOUND('',#1881,.T.);
#1231=FACE_OUTER_BOUND('',#1882,.T.);
#1232=FACE_OUTER_BOUND('',#1883,.T.);
#1233=FACE_OUTER_BOUND('',#1884,.T.);
#1234=FACE_OUTER_BOUND('',#1885,.T.);
#1235=FACE_OUTER_BOUND('',#1886,.T.);
#1236=FACE_OUTER_BOUND('',#1887,.T.);
#1237=FACE_OUTER_BOUND('',#1888,.T.);
#1238=FACE_OUTER_BOUND('',#1889,.T.);
#1239=FACE_OUTER_BOUND('',#1890,.T.);
#1240=FACE_OUTER_BOUND('',#1891,.T.);
#1241=FACE_OUTER_BOUND('',#1892,.T.);
#1242=FACE_OUTER_BOUND('',#1893,.T.);
#1243=FACE_OUTER_BOUND('',#1894,.T.);
#1244=FACE_OUTER_BOUND('',#1895,.T.);
#1245=FACE_OUTER_BOUND('',#1896,.T.);
#1246=FACE_OUTER_BOUND('',#1897,.T.);
#1247=FACE_OUTER_BOUND('',#1898,.T.);
#1248=FACE_OUTER_BOUND('',#1899,.T.);
#1249=FACE_OUTER_BOUND('',#1900,.T.);
#1250=FACE_OUTER_BOUND('',#1901,.T.);
#1251=FACE_OUTER_BOUND('',#1902,.T.);
#1252=FACE_OUTER_BOUND('',#1903,.T.);
#1253=FACE_OUTER_BOUND('',#1904,.T.);
#1254=FACE_OUTER_BOUND('',#1905,.T.);
#1255=FACE_OUTER_BOUND('',#1906,.T.);
#1256=FACE_OUTER_BOUND('',#1907,.T.);
#1257=FACE_OUTER_BOUND('',#1908,.T.);
#1258=FACE_OUTER_BOUND('',#1909,.T.);
#1259=FACE_OUTER_BOUND('',#1910,.T.);
#1260=FACE_OUTER_BOUND('',#1911,.T.);
#1261=FACE_OUTER_BOUND('',#1912,.T.);
#1262=FACE_OUTER_BOUND('',#1913,.T.);
#1263=FACE_OUTER_BOUND('',#1914,.T.);
#1264=FACE_OUTER_BOUND('',#1915,.T.);
#1265=FACE_OUTER_BOUND('',#1916,.T.);
#1266=FACE_OUTER_BOUND('',#1917,.T.);
#1267=FACE_OUTER_BOUND('',#1918,.T.);
#1268=FACE_OUTER_BOUND('',#1919,.T.);
#1269=FACE_OUTER_BOUND('',#1920,.T.);
#1270=FACE_OUTER_BOUND('',#1921,.T.);
#1271=FACE_OUTER_BOUND('',#1922,.T.);
#1272=FACE_OUTER_BOUND('',#1923,.T.);
#1273=FACE_OUTER_BOUND('',#1924,.T.);
#1274=FACE_OUTER_BOUND('',#1925,.T.);
#1275=FACE_OUTER_BOUND('',#1926,.T.);
#1276=FACE_OUTER_BOUND('',#1927,.T.);
#1277=FACE_OUTER_BOUND('',#1928,.T.);
#1278=FACE_OUTER_BOUND('',#1929,.T.);
#1279=FACE_OUTER_BOUND('',#1930,.T.);
#1280=FACE_OUTER_BOUND('',#1931,.T.);
#1281=FACE_OUTER_BOUND('',#1932,.T.);
#1282=FACE_OUTER_BOUND('',#1933,.T.);
#1283=FACE_OUTER_BOUND('',#1934,.T.);
#1284=FACE_OUTER_BOUND('',#1935,.T.);
#1285=FACE_OUTER_BOUND('',#1936,.T.);
#1286=FACE_OUTER_BOUND('',#1937,.T.);
#1287=FACE_OUTER_BOUND('',#1938,.T.);
#1288=FACE_OUTER_BOUND('',#1939,.T.);
#1289=FACE_OUTER_BOUND('',#1940,.T.);
#1290=FACE_OUTER_BOUND('',#1941,.T.);
#1291=FACE_OUTER_BOUND('',#1942,.T.);
#1292=FACE_OUTER_BOUND('',#1943,.T.);
#1293=FACE_OUTER_BOUND('',#1944,.T.);
#1294=FACE_OUTER_BOUND('',#1945,.T.);
#1295=FACE_OUTER_BOUND('',#1946,.T.);
#1296=FACE_OUTER_BOUND('',#1947,.T.);
#1297=FACE_OUTER_BOUND('',#1948,.T.);
#1298=FACE_OUTER_BOUND('',#1949,.T.);
#1299=FACE_OUTER_BOUND('',#1950,.T.);
#1300=FACE_OUTER_BOUND('',#1951,.T.);
#1301=FACE_OUTER_BOUND('',#1952,.T.);
#1302=FACE_OUTER_BOUND('',#1953,.T.);
#1303=FACE_OUTER_BOUND('',#1954,.T.);
#1304=FACE_OUTER_BOUND('',#1955,.T.);
#1305=FACE_OUTER_BOUND('',#1956,.T.);
#1306=FACE_OUTER_BOUND('',#1957,.T.);
#1307=FACE_OUTER_BOUND('',#1958,.T.);
#1308=FACE_OUTER_BOUND('',#1959,.T.);
#1309=FACE_OUTER_BOUND('',#1960,.T.);
#1310=FACE_OUTER_BOUND('',#1961,.T.);
#1311=FACE_OUTER_BOUND('',#1962,.T.);
#1312=FACE_OUTER_BOUND('',#1963,.T.);
#1313=FACE_OUTER_BOUND('',#1964,.T.);
#1314=FACE_OUTER_BOUND('',#1965,.T.);
#1315=FACE_OUTER_BOUND('',#1966,.T.);
#1316=FACE_OUTER_BOUND('',#1967,.T.);
#1317=FACE_OUTER_BOUND('',#1968,.T.);
#1318=FACE_OUTER_BOUND('',#1969,.T.);
#1319=FACE_OUTER_BOUND('',#1970,.T.);
#1320=FACE_OUTER_BOUND('',#1971,.T.);
#1321=FACE_OUTER_BOUND('',#1972,.T.);
#1322=FACE_OUTER_BOUND('',#1973,.T.);
#1323=FACE_OUTER_BOUND('',#1974,.T.);
#1324=FACE_OUTER_BOUND('',#1975,.T.);
#1325=FACE_OUTER_BOUND('',#1976,.T.);
#1326=FACE_OUTER_BOUND('',#1977,.T.);
#1327=FACE_OUTER_BOUND('',#1978,.T.);
#1328=FACE_OUTER_BOUND('',#1979,.T.);
#1329=FACE_OUTER_BOUND('',#1980,.T.);
#1330=FACE_OUTER_BOUND('',#1981,.T.);
#1331=FACE_OUTER_BOUND('',#1982,.T.);
#1332=FACE_OUTER_BOUND('',#1983,.T.);
#1333=FACE_OUTER_BOUND('',#1984,.T.);
#1334=FACE_OUTER_BOUND('',#1985,.T.);
#1335=FACE_OUTER_BOUND('',#1986,.T.);
#1336=FACE_OUTER_BOUND('',#1987,.T.);
#1337=FACE_OUTER_BOUND('',#1988,.T.);
#1338=FACE_OUTER_BOUND('',#1989,.T.);
#1339=FACE_OUTER_BOUND('',#1990,.T.);
#1340=FACE_OUTER_BOUND('',#1991,.T.);
#1341=FACE_OUTER_BOUND('',#1992,.T.);
#1342=FACE_OUTER_BOUND('',#1993,.T.);
#1343=FACE_OUTER_BOUND('',#1994,.T.);
#1344=FACE_OUTER_BOUND('',#1995,.T.);
#1345=FACE_OUTER_BOUND('',#1996,.T.);
#1346=FACE_OUTER_BOUND('',#1997,.T.);
#1347=FACE_OUTER_BOUND('',#1998,.T.);
#1348=FACE_OUTER_BOUND('',#1999,.T.);
#1349=FACE_OUTER_BOUND('',#2000,.T.);
#1350=FACE_OUTER_BOUND('',#2001,.T.);
#1351=FACE_OUTER_BOUND('',#2002,.T.);
#1352=FACE_OUTER_BOUND('',#2003,.T.);
#1353=FACE_OUTER_BOUND('',#2004,.T.);
#1354=FACE_OUTER_BOUND('',#2005,.T.);
#1355=FACE_OUTER_BOUND('',#2006,.T.);
#1356=FACE_OUTER_BOUND('',#2007,.T.);
#1357=FACE_OUTER_BOUND('',#2008,.T.);
#1358=FACE_OUTER_BOUND('',#2009,.T.);
#1359=FACE_OUTER_BOUND('',#2010,.T.);
#1360=FACE_OUTER_BOUND('',#2011,.T.);
#1361=FACE_OUTER_BOUND('',#2012,.T.);
#1362=FACE_OUTER_BOUND('',#2013,.T.);
#1363=FACE_OUTER_BOUND('',#2014,.T.);
#1364=FACE_OUTER_BOUND('',#2015,.T.);
#1365=FACE_OUTER_BOUND('',#2016,.T.);
#1366=FACE_OUTER_BOUND('',#2017,.T.);
#1367=FACE_OUTER_BOUND('',#2018,.T.);
#1368=FACE_OUTER_BOUND('',#2019,.T.);
#1369=FACE_OUTER_BOUND('',#2020,.T.);
#1370=FACE_OUTER_BOUND('',#2021,.T.);
#1371=FACE_OUTER_BOUND('',#2022,.T.);
#1372=FACE_OUTER_BOUND('',#2023,.T.);
#1373=FACE_OUTER_BOUND('',#2024,.T.);
#1374=FACE_OUTER_BOUND('',#2025,.T.);
#1375=FACE_OUTER_BOUND('',#2026,.T.);
#1376=FACE_OUTER_BOUND('',#2027,.T.);
#1377=FACE_OUTER_BOUND('',#2028,.T.);
#1378=FACE_OUTER_BOUND('',#2029,.T.);
#1379=FACE_OUTER_BOUND('',#2030,.T.);
#1380=FACE_OUTER_BOUND('',#2031,.T.);
#1381=FACE_OUTER_BOUND('',#2032,.T.);
#1382=FACE_OUTER_BOUND('',#2033,.T.);
#1383=FACE_OUTER_BOUND('',#2034,.T.);
#1384=FACE_OUTER_BOUND('',#2035,.T.);
#1385=FACE_OUTER_BOUND('',#2036,.T.);
#1386=FACE_OUTER_BOUND('',#2037,.T.);
#1387=FACE_OUTER_BOUND('',#2038,.T.);
#1388=FACE_OUTER_BOUND('',#2039,.T.);
#1389=FACE_OUTER_BOUND('',#2040,.T.);
#1390=FACE_OUTER_BOUND('',#2041,.T.);
#1391=FACE_OUTER_BOUND('',#2042,.T.);
#1392=FACE_OUTER_BOUND('',#2044,.T.);
#1393=FACE_OUTER_BOUND('',#2062,.T.);
#1394=FACE_OUTER_BOUND('',#2063,.T.);
#1395=FACE_OUTER_BOUND('',#2064,.T.);
#1396=FACE_OUTER_BOUND('',#2065,.T.);
#1397=FACE_OUTER_BOUND('',#2066,.T.);
#1398=FACE_OUTER_BOUND('',#2067,.T.);
#1399=FACE_OUTER_BOUND('',#2069,.T.);
#1400=FACE_OUTER_BOUND('',#2087,.T.);
#1401=FACE_OUTER_BOUND('',#2088,.T.);
#1402=FACE_OUTER_BOUND('',#2089,.T.);
#1403=FACE_OUTER_BOUND('',#2090,.T.);
#1404=FACE_OUTER_BOUND('',#2091,.T.);
#1405=FACE_OUTER_BOUND('',#2093,.T.);
#1406=FACE_OUTER_BOUND('',#2134,.T.);
#1407=FACE_OUTER_BOUND('',#2135,.T.);
#1408=FACE_OUTER_BOUND('',#2136,.T.);
#1409=FACE_OUTER_BOUND('',#2137,.T.);
#1410=FACE_OUTER_BOUND('',#2138,.T.);
#1411=FACE_OUTER_BOUND('',#2140,.T.);
#1412=FACE_OUTER_BOUND('',#2141,.T.);
#1413=FACE_OUTER_BOUND('',#2142,.T.);
#1414=FACE_OUTER_BOUND('',#2146,.T.);
#1415=FACE_OUTER_BOUND('',#2147,.T.);
#1416=FACE_OUTER_BOUND('',#2148,.T.);
#1417=FACE_OUTER_BOUND('',#2149,.T.);
#1418=FACE_OUTER_BOUND('',#2150,.T.);
#1419=FACE_OUTER_BOUND('',#2151,.T.);
#1420=FACE_OUTER_BOUND('',#2152,.T.);
#1421=FACE_OUTER_BOUND('',#2153,.T.);
#1422=FACE_OUTER_BOUND('',#2154,.T.);
#1423=FACE_OUTER_BOUND('',#2158,.T.);
#1424=FACE_OUTER_BOUND('',#2159,.T.);
#1425=FACE_OUTER_BOUND('',#2177,.T.);
#1426=FACE_OUTER_BOUND('',#2178,.T.);
#1427=FACE_OUTER_BOUND('',#2179,.T.);
#1428=FACE_OUTER_BOUND('',#2180,.T.);
#1429=FACE_OUTER_BOUND('',#2181,.T.);
#1430=FACE_OUTER_BOUND('',#2182,.T.);
#1431=FACE_OUTER_BOUND('',#2183,.T.);
#1432=FACE_OUTER_BOUND('',#2185,.T.);
#1433=FACE_OUTER_BOUND('',#2186,.T.);
#1434=FACE_OUTER_BOUND('',#2204,.T.);
#1435=FACE_OUTER_BOUND('',#2205,.T.);
#1436=EDGE_LOOP('',(#8678,#8679,#8680,#8681));
#1437=EDGE_LOOP('',(#8682,#8683,#8684,#8685));
#1438=EDGE_LOOP('',(#8686,#8687,#8688,#8689,#8690,#8691,#8692,#8693));
#1439=EDGE_LOOP('',(#8694,#8695,#8696,#8697));
#1440=EDGE_LOOP('',(#8698,#8699,#8700,#8701));
#1441=EDGE_LOOP('',(#8702,#8703,#8704,#8705));
#1442=EDGE_LOOP('',(#8706,#8707,#8708,#8709));
#1443=EDGE_LOOP('',(#8710,#8711,#8712,#8713));
#1444=EDGE_LOOP('',(#8714,#8715,#8716,#8717));
#1445=EDGE_LOOP('',(#8718,#8719,#8720,#8721));
#1446=EDGE_LOOP('',(#8722,#8723,#8724,#8725));
#1447=EDGE_LOOP('',(#8726,#8727,#8728,#8729));
#1448=EDGE_LOOP('',(#8730,#8731,#8732,#8733));
#1449=EDGE_LOOP('',(#8734,#8735,#8736,#8737));
#1450=EDGE_LOOP('',(#8738,#8739,#8740,#8741));
#1451=EDGE_LOOP('',(#8742,#8743,#8744,#8745));
#1452=EDGE_LOOP('',(#8746,#8747,#8748,#8749));
#1453=EDGE_LOOP('',(#8750,#8751,#8752,#8753));
#1454=EDGE_LOOP('',(#8754,#8755,#8756,#8757));
#1455=EDGE_LOOP('',(#8758,#8759,#8760,#8761));
#1456=EDGE_LOOP('',(#8762,#8763,#8764,#8765));
#1457=EDGE_LOOP('',(#8766,#8767,#8768,#8769,#8770,#8771,#8772,#8773));
#1458=EDGE_LOOP('',(#8774,#8775,#8776,#8777,#8778,#8779,#8780,#8781));
#1459=EDGE_LOOP('',(#8782,#8783,#8784,#8785,#8786,#8787,#8788,#8789,#8790,
#8791,#8792,#8793));
#1460=EDGE_LOOP('',(#8794,#8795,#8796,#8797,#8798,#8799,#8800,#8801,#8802,
#8803,#8804,#8805));
#1461=EDGE_LOOP('',(#8806,#8807,#8808,#8809,#8810,#8811,#8812,#8813,#8814,
#8815,#8816,#8817,#8818,#8819,#8820,#8821,#8822,#8823,#8824,#8825,#8826,
#8827,#8828,#8829));
#1462=EDGE_LOOP('',(#8830,#8831,#8832,#8833));
#1463=EDGE_LOOP('',(#8834,#8835,#8836,#8837));
#1464=EDGE_LOOP('',(#8838,#8839,#8840,#8841,#8842,#8843,#8844,#8845));
#1465=EDGE_LOOP('',(#8846,#8847,#8848,#8849));
#1466=EDGE_LOOP('',(#8850,#8851,#8852,#8853));
#1467=EDGE_LOOP('',(#8854,#8855,#8856,#8857));
#1468=EDGE_LOOP('',(#8858,#8859,#8860,#8861));
#1469=EDGE_LOOP('',(#8862,#8863,#8864,#8865));
#1470=EDGE_LOOP('',(#8866,#8867,#8868,#8869));
#1471=EDGE_LOOP('',(#8870,#8871,#8872,#8873));
#1472=EDGE_LOOP('',(#8874,#8875,#8876,#8877));
#1473=EDGE_LOOP('',(#8878,#8879,#8880,#8881));
#1474=EDGE_LOOP('',(#8882,#8883,#8884,#8885));
#1475=EDGE_LOOP('',(#8886,#8887,#8888,#8889));
#1476=EDGE_LOOP('',(#8890,#8891,#8892,#8893));
#1477=EDGE_LOOP('',(#8894,#8895,#8896,#8897));
#1478=EDGE_LOOP('',(#8898,#8899,#8900,#8901));
#1479=EDGE_LOOP('',(#8902,#8903,#8904,#8905,#8906,#8907,#8908,#8909,#8910,
#8911,#8912,#8913,#8914,#8915,#8916,#8917,#8918,#8919,#8920,#8921,#8922,
#8923,#8924,#8925));
#1480=EDGE_LOOP('',(#8926,#8927,#8928,#8929));
#1481=EDGE_LOOP('',(#8930,#8931,#8932,#8933));
#1482=EDGE_LOOP('',(#8934,#8935,#8936,#8937));
#1483=EDGE_LOOP('',(#8938,#8939,#8940,#8941));
#1484=EDGE_LOOP('',(#8942,#8943,#8944,#8945));
#1485=EDGE_LOOP('',(#8946,#8947,#8948,#8949));
#1486=EDGE_LOOP('',(#8950,#8951,#8952,#8953));
#1487=EDGE_LOOP('',(#8954,#8955,#8956,#8957));
#1488=EDGE_LOOP('',(#8958,#8959,#8960,#8961));
#1489=EDGE_LOOP('',(#8962,#8963,#8964,#8965));
#1490=EDGE_LOOP('',(#8966,#8967,#8968,#8969));
#1491=EDGE_LOOP('',(#8970,#8971,#8972,#8973));
#1492=EDGE_LOOP('',(#8974,#8975,#8976,#8977,#8978,#8979,#8980,#8981,#8982,
#8983,#8984,#8985));
#1493=EDGE_LOOP('',(#8986,#8987,#8988,#8989));
#1494=EDGE_LOOP('',(#8990,#8991,#8992,#8993));
#1495=EDGE_LOOP('',(#8994,#8995,#8996,#8997));
#1496=EDGE_LOOP('',(#8998,#8999,#9000,#9001));
#1497=EDGE_LOOP('',(#9002,#9003,#9004,#9005));
#1498=EDGE_LOOP('',(#9006,#9007,#9008,#9009));
#1499=EDGE_LOOP('',(#9010,#9011,#9012,#9013));
#1500=EDGE_LOOP('',(#9014,#9015,#9016,#9017));
#1501=EDGE_LOOP('',(#9018,#9019,#9020,#9021));
#1502=EDGE_LOOP('',(#9022,#9023,#9024,#9025));
#1503=EDGE_LOOP('',(#9026,#9027,#9028,#9029));
#1504=EDGE_LOOP('',(#9030,#9031,#9032,#9033));
#1505=EDGE_LOOP('',(#9034,#9035,#9036,#9037,#9038,#9039,#9040,#9041,#9042,
#9043,#9044,#9045));
#1506=EDGE_LOOP('',(#9046,#9047,#9048,#9049));
#1507=EDGE_LOOP('',(#9050,#9051,#9052,#9053));
#1508=EDGE_LOOP('',(#9054,#9055,#9056,#9057));
#1509=EDGE_LOOP('',(#9058,#9059,#9060,#9061));
#1510=EDGE_LOOP('',(#9062,#9063,#9064,#9065));
#1511=EDGE_LOOP('',(#9066,#9067,#9068,#9069));
#1512=EDGE_LOOP('',(#9070,#9071,#9072,#9073));
#1513=EDGE_LOOP('',(#9074,#9075,#9076,#9077));
#1514=EDGE_LOOP('',(#9078,#9079,#9080,#9081));
#1515=EDGE_LOOP('',(#9082,#9083,#9084,#9085));
#1516=EDGE_LOOP('',(#9086,#9087,#9088,#9089));
#1517=EDGE_LOOP('',(#9090,#9091,#9092,#9093));
#1518=EDGE_LOOP('',(#9094,#9095,#9096,#9097));
#1519=EDGE_LOOP('',(#9098,#9099,#9100,#9101));
#1520=EDGE_LOOP('',(#9102,#9103,#9104,#9105));
#1521=EDGE_LOOP('',(#9106,#9107,#9108,#9109));
#1522=EDGE_LOOP('',(#9110,#9111,#9112,#9113));
#1523=EDGE_LOOP('',(#9114,#9115,#9116,#9117));
#1524=EDGE_LOOP('',(#9118,#9119,#9120,#9121));
#1525=EDGE_LOOP('',(#9122,#9123,#9124,#9125));
#1526=EDGE_LOOP('',(#9126,#9127,#9128,#9129));
#1527=EDGE_LOOP('',(#9130,#9131,#9132,#9133));
#1528=EDGE_LOOP('',(#9134,#9135,#9136,#9137));
#1529=EDGE_LOOP('',(#9138,#9139,#9140,#9141));
#1530=EDGE_LOOP('',(#9142,#9143,#9144,#9145));
#1531=EDGE_LOOP('',(#9146,#9147,#9148,#9149));
#1532=EDGE_LOOP('',(#9150,#9151,#9152,#9153));
#1533=EDGE_LOOP('',(#9154,#9155,#9156,#9157));
#1534=EDGE_LOOP('',(#9158,#9159,#9160,#9161));
#1535=EDGE_LOOP('',(#9162,#9163,#9164));
#1536=EDGE_LOOP('',(#9165,#9166,#9167));
#1537=EDGE_LOOP('',(#9168,#9169,#9170));
#1538=EDGE_LOOP('',(#9171,#9172,#9173));
#1539=EDGE_LOOP('',(#9174,#9175,#9176,#9177));
#1540=EDGE_LOOP('',(#9178,#9179,#9180,#9181));
#1541=EDGE_LOOP('',(#9182,#9183,#9184,#9185));
#1542=EDGE_LOOP('',(#9186,#9187,#9188,#9189));
#1543=EDGE_LOOP('',(#9190,#9191,#9192,#9193));
#1544=EDGE_LOOP('',(#9194,#9195,#9196,#9197));
#1545=EDGE_LOOP('',(#9198,#9199,#9200,#9201));
#1546=EDGE_LOOP('',(#9202,#9203,#9204,#9205));
#1547=EDGE_LOOP('',(#9206,#9207,#9208,#9209));
#1548=EDGE_LOOP('',(#9210,#9211,#9212,#9213));
#1549=EDGE_LOOP('',(#9214,#9215,#9216,#9217));
#1550=EDGE_LOOP('',(#9218,#9219,#9220,#9221));
#1551=EDGE_LOOP('',(#9222,#9223,#9224,#9225));
#1552=EDGE_LOOP('',(#9226,#9227,#9228,#9229));
#1553=EDGE_LOOP('',(#9230,#9231,#9232,#9233));
#1554=EDGE_LOOP('',(#9234,#9235,#9236,#9237));
#1555=EDGE_LOOP('',(#9238,#9239,#9240,#9241));
#1556=EDGE_LOOP('',(#9242,#9243,#9244,#9245));
#1557=EDGE_LOOP('',(#9246,#9247,#9248,#9249));
#1558=EDGE_LOOP('',(#9250,#9251,#9252,#9253));
#1559=EDGE_LOOP('',(#9254,#9255,#9256,#9257));
#1560=EDGE_LOOP('',(#9258,#9259,#9260,#9261));
#1561=EDGE_LOOP('',(#9262,#9263,#9264,#9265));
#1562=EDGE_LOOP('',(#9266,#9267,#9268,#9269,#9270,#9271,#9272,#9273));
#1563=EDGE_LOOP('',(#9274));
#1564=EDGE_LOOP('',(#9275));
#1565=EDGE_LOOP('',(#9276));
#1566=EDGE_LOOP('',(#9277));
#1567=EDGE_LOOP('',(#9278,#9279,#9280,#9281));
#1568=EDGE_LOOP('',(#9282,#9283,#9284,#9285));
#1569=EDGE_LOOP('',(#9286,#9287,#9288,#9289));
#1570=EDGE_LOOP('',(#9290,#9291,#9292,#9293));
#1571=EDGE_LOOP('',(#9294,#9295,#9296,#9297,#9298,#9299,#9300,#9301));
#1572=EDGE_LOOP('',(#9302,#9303,#9304,#9305));
#1573=EDGE_LOOP('',(#9306,#9307,#9308));
#1574=EDGE_LOOP('',(#9309,#9310,#9311));
#1575=EDGE_LOOP('',(#9312,#9313,#9314,#9315));
#1576=EDGE_LOOP('',(#9316,#9317,#9318,#9319));
#1577=EDGE_LOOP('',(#9320,#9321,#9322,#9323));
#1578=EDGE_LOOP('',(#9324,#9325,#9326));
#1579=EDGE_LOOP('',(#9327,#9328,#9329));
#1580=EDGE_LOOP('',(#9330));
#1581=EDGE_LOOP('',(#9331));
#1582=EDGE_LOOP('',(#9332));
#1583=EDGE_LOOP('',(#9333));
#1584=EDGE_LOOP('',(#9334,#9335,#9336,#9337));
#1585=EDGE_LOOP('',(#9338,#9339,#9340,#9341));
#1586=EDGE_LOOP('',(#9342,#9343,#9344,#9345));
#1587=EDGE_LOOP('',(#9346,#9347,#9348,#9349));
#1588=EDGE_LOOP('',(#9350,#9351,#9352,#9353));
#1589=EDGE_LOOP('',(#9354,#9355,#9356,#9357));
#1590=EDGE_LOOP('',(#9358,#9359,#9360,#9361));
#1591=EDGE_LOOP('',(#9362,#9363,#9364,#9365));
#1592=EDGE_LOOP('',(#9366,#9367,#9368,#9369));
#1593=EDGE_LOOP('',(#9370,#9371,#9372,#9373));
#1594=EDGE_LOOP('',(#9374,#9375,#9376,#9377));
#1595=EDGE_LOOP('',(#9378,#9379,#9380,#9381));
#1596=EDGE_LOOP('',(#9382,#9383,#9384,#9385));
#1597=EDGE_LOOP('',(#9386,#9387,#9388,#9389));
#1598=EDGE_LOOP('',(#9390,#9391,#9392,#9393));
#1599=EDGE_LOOP('',(#9394,#9395,#9396,#9397));
#1600=EDGE_LOOP('',(#9398,#9399,#9400,#9401));
#1601=EDGE_LOOP('',(#9402,#9403,#9404,#9405));
#1602=EDGE_LOOP('',(#9406,#9407,#9408,#9409));
#1603=EDGE_LOOP('',(#9410,#9411,#9412,#9413));
#1604=EDGE_LOOP('',(#9414,#9415,#9416,#9417));
#1605=EDGE_LOOP('',(#9418,#9419,#9420,#9421));
#1606=EDGE_LOOP('',(#9422,#9423,#9424,#9425));
#1607=EDGE_LOOP('',(#9426,#9427,#9428,#9429));
#1608=EDGE_LOOP('',(#9430,#9431,#9432,#9433));
#1609=EDGE_LOOP('',(#9434,#9435,#9436,#9437));
#1610=EDGE_LOOP('',(#9438,#9439,#9440,#9441));
#1611=EDGE_LOOP('',(#9442,#9443,#9444,#9445));
#1612=EDGE_LOOP('',(#9446,#9447,#9448,#9449));
#1613=EDGE_LOOP('',(#9450,#9451,#9452,#9453));
#1614=EDGE_LOOP('',(#9454,#9455,#9456,#9457));
#1615=EDGE_LOOP('',(#9458,#9459,#9460,#9461));
#1616=EDGE_LOOP('',(#9462,#9463,#9464,#9465));
#1617=EDGE_LOOP('',(#9466,#9467,#9468,#9469));
#1618=EDGE_LOOP('',(#9470,#9471,#9472,#9473));
#1619=EDGE_LOOP('',(#9474,#9475,#9476,#9477));
#1620=EDGE_LOOP('',(#9478,#9479,#9480,#9481));
#1621=EDGE_LOOP('',(#9482,#9483,#9484,#9485));
#1622=EDGE_LOOP('',(#9486,#9487,#9488,#9489));
#1623=EDGE_LOOP('',(#9490,#9491,#9492,#9493));
#1624=EDGE_LOOP('',(#9494,#9495,#9496,#9497));
#1625=EDGE_LOOP('',(#9498,#9499,#9500,#9501));
#1626=EDGE_LOOP('',(#9502,#9503,#9504,#9505));
#1627=EDGE_LOOP('',(#9506,#9507,#9508,#9509));
#1628=EDGE_LOOP('',(#9510,#9511,#9512,#9513));
#1629=EDGE_LOOP('',(#9514,#9515,#9516,#9517));
#1630=EDGE_LOOP('',(#9518,#9519,#9520,#9521));
#1631=EDGE_LOOP('',(#9522,#9523,#9524,#9525));
#1632=EDGE_LOOP('',(#9526,#9527,#9528,#9529));
#1633=EDGE_LOOP('',(#9530,#9531,#9532,#9533));
#1634=EDGE_LOOP('',(#9534,#9535,#9536,#9537));
#1635=EDGE_LOOP('',(#9538,#9539,#9540,#9541));
#1636=EDGE_LOOP('',(#9542,#9543,#9544,#9545));
#1637=EDGE_LOOP('',(#9546,#9547,#9548,#9549));
#1638=EDGE_LOOP('',(#9550,#9551,#9552,#9553));
#1639=EDGE_LOOP('',(#9554,#9555,#9556,#9557));
#1640=EDGE_LOOP('',(#9558,#9559,#9560,#9561));
#1641=EDGE_LOOP('',(#9562,#9563,#9564,#9565));
#1642=EDGE_LOOP('',(#9566,#9567,#9568,#9569));
#1643=EDGE_LOOP('',(#9570,#9571,#9572,#9573));
#1644=EDGE_LOOP('',(#9574,#9575,#9576,#9577));
#1645=EDGE_LOOP('',(#9578,#9579,#9580,#9581));
#1646=EDGE_LOOP('',(#9582,#9583,#9584,#9585));
#1647=EDGE_LOOP('',(#9586,#9587,#9588,#9589));
#1648=EDGE_LOOP('',(#9590,#9591,#9592,#9593));
#1649=EDGE_LOOP('',(#9594,#9595,#9596,#9597));
#1650=EDGE_LOOP('',(#9598,#9599,#9600,#9601));
#1651=EDGE_LOOP('',(#9602,#9603,#9604,#9605));
#1652=EDGE_LOOP('',(#9606,#9607,#9608,#9609));
#1653=EDGE_LOOP('',(#9610,#9611,#9612,#9613));
#1654=EDGE_LOOP('',(#9614,#9615,#9616,#9617));
#1655=EDGE_LOOP('',(#9618,#9619,#9620,#9621));
#1656=EDGE_LOOP('',(#9622,#9623,#9624,#9625));
#1657=EDGE_LOOP('',(#9626,#9627,#9628,#9629));
#1658=EDGE_LOOP('',(#9630,#9631,#9632,#9633));
#1659=EDGE_LOOP('',(#9634,#9635,#9636,#9637));
#1660=EDGE_LOOP('',(#9638,#9639,#9640,#9641));
#1661=EDGE_LOOP('',(#9642,#9643,#9644,#9645));
#1662=EDGE_LOOP('',(#9646,#9647,#9648,#9649));
#1663=EDGE_LOOP('',(#9650,#9651,#9652,#9653));
#1664=EDGE_LOOP('',(#9654,#9655,#9656,#9657));
#1665=EDGE_LOOP('',(#9658,#9659,#9660,#9661));
#1666=EDGE_LOOP('',(#9662,#9663,#9664,#9665));
#1667=EDGE_LOOP('',(#9666,#9667,#9668,#9669));
#1668=EDGE_LOOP('',(#9670,#9671,#9672,#9673));
#1669=EDGE_LOOP('',(#9674,#9675,#9676,#9677));
#1670=EDGE_LOOP('',(#9678,#9679,#9680,#9681));
#1671=EDGE_LOOP('',(#9682,#9683,#9684,#9685));
#1672=EDGE_LOOP('',(#9686,#9687,#9688,#9689));
#1673=EDGE_LOOP('',(#9690,#9691,#9692,#9693));
#1674=EDGE_LOOP('',(#9694,#9695,#9696,#9697));
#1675=EDGE_LOOP('',(#9698,#9699,#9700,#9701));
#1676=EDGE_LOOP('',(#9702,#9703,#9704,#9705));
#1677=EDGE_LOOP('',(#9706,#9707,#9708,#9709));
#1678=EDGE_LOOP('',(#9710,#9711,#9712,#9713));
#1679=EDGE_LOOP('',(#9714,#9715,#9716,#9717));
#1680=EDGE_LOOP('',(#9718,#9719,#9720,#9721));
#1681=EDGE_LOOP('',(#9722,#9723,#9724,#9725));
#1682=EDGE_LOOP('',(#9726,#9727,#9728,#9729));
#1683=EDGE_LOOP('',(#9730,#9731,#9732,#9733));
#1684=EDGE_LOOP('',(#9734,#9735,#9736,#9737));
#1685=EDGE_LOOP('',(#9738,#9739,#9740,#9741));
#1686=EDGE_LOOP('',(#9742,#9743,#9744,#9745));
#1687=EDGE_LOOP('',(#9746,#9747,#9748,#9749));
#1688=EDGE_LOOP('',(#9750,#9751,#9752,#9753));
#1689=EDGE_LOOP('',(#9754,#9755,#9756,#9757));
#1690=EDGE_LOOP('',(#9758,#9759,#9760,#9761));
#1691=EDGE_LOOP('',(#9762,#9763,#9764,#9765));
#1692=EDGE_LOOP('',(#9766,#9767,#9768,#9769));
#1693=EDGE_LOOP('',(#9770,#9771,#9772,#9773));
#1694=EDGE_LOOP('',(#9774,#9775,#9776,#9777));
#1695=EDGE_LOOP('',(#9778,#9779,#9780,#9781));
#1696=EDGE_LOOP('',(#9782,#9783,#9784,#9785));
#1697=EDGE_LOOP('',(#9786,#9787,#9788,#9789));
#1698=EDGE_LOOP('',(#9790,#9791,#9792,#9793));
#1699=EDGE_LOOP('',(#9794,#9795,#9796,#9797));
#1700=EDGE_LOOP('',(#9798,#9799,#9800,#9801));
#1701=EDGE_LOOP('',(#9802,#9803,#9804,#9805));
#1702=EDGE_LOOP('',(#9806,#9807,#9808,#9809));
#1703=EDGE_LOOP('',(#9810,#9811,#9812,#9813));
#1704=EDGE_LOOP('',(#9814,#9815,#9816,#9817));
#1705=EDGE_LOOP('',(#9818,#9819,#9820,#9821));
#1706=EDGE_LOOP('',(#9822,#9823,#9824,#9825));
#1707=EDGE_LOOP('',(#9826,#9827,#9828,#9829));
#1708=EDGE_LOOP('',(#9830,#9831,#9832,#9833));
#1709=EDGE_LOOP('',(#9834,#9835,#9836,#9837));
#1710=EDGE_LOOP('',(#9838,#9839,#9840,#9841));
#1711=EDGE_LOOP('',(#9842,#9843,#9844,#9845));
#1712=EDGE_LOOP('',(#9846,#9847,#9848,#9849));
#1713=EDGE_LOOP('',(#9850,#9851,#9852,#9853));
#1714=EDGE_LOOP('',(#9854,#9855,#9856,#9857));
#1715=EDGE_LOOP('',(#9858,#9859,#9860,#9861));
#1716=EDGE_LOOP('',(#9862,#9863,#9864,#9865));
#1717=EDGE_LOOP('',(#9866,#9867,#9868,#9869));
#1718=EDGE_LOOP('',(#9870,#9871,#9872,#9873));
#1719=EDGE_LOOP('',(#9874,#9875,#9876,#9877));
#1720=EDGE_LOOP('',(#9878,#9879,#9880,#9881));
#1721=EDGE_LOOP('',(#9882,#9883,#9884,#9885));
#1722=EDGE_LOOP('',(#9886,#9887,#9888,#9889));
#1723=EDGE_LOOP('',(#9890,#9891,#9892,#9893));
#1724=EDGE_LOOP('',(#9894,#9895,#9896,#9897));
#1725=EDGE_LOOP('',(#9898,#9899,#9900,#9901));
#1726=EDGE_LOOP('',(#9902,#9903,#9904,#9905));
#1727=EDGE_LOOP('',(#9906,#9907,#9908,#9909));
#1728=EDGE_LOOP('',(#9910,#9911,#9912,#9913));
#1729=EDGE_LOOP('',(#9914,#9915,#9916,#9917));
#1730=EDGE_LOOP('',(#9918,#9919,#9920,#9921));
#1731=EDGE_LOOP('',(#9922,#9923,#9924,#9925));
#1732=EDGE_LOOP('',(#9926,#9927,#9928,#9929));
#1733=EDGE_LOOP('',(#9930,#9931,#9932,#9933));
#1734=EDGE_LOOP('',(#9934,#9935,#9936,#9937));
#1735=EDGE_LOOP('',(#9938,#9939,#9940,#9941));
#1736=EDGE_LOOP('',(#9942,#9943,#9944,#9945));
#1737=EDGE_LOOP('',(#9946,#9947,#9948,#9949));
#1738=EDGE_LOOP('',(#9950,#9951,#9952,#9953));
#1739=EDGE_LOOP('',(#9954,#9955,#9956,#9957));
#1740=EDGE_LOOP('',(#9958,#9959,#9960,#9961));
#1741=EDGE_LOOP('',(#9962,#9963,#9964,#9965));
#1742=EDGE_LOOP('',(#9966,#9967,#9968,#9969));
#1743=EDGE_LOOP('',(#9970,#9971,#9972,#9973));
#1744=EDGE_LOOP('',(#9974,#9975,#9976,#9977));
#1745=EDGE_LOOP('',(#9978,#9979,#9980,#9981));
#1746=EDGE_LOOP('',(#9982,#9983,#9984,#9985));
#1747=EDGE_LOOP('',(#9986,#9987,#9988,#9989));
#1748=EDGE_LOOP('',(#9990,#9991,#9992,#9993));
#1749=EDGE_LOOP('',(#9994,#9995,#9996,#9997));
#1750=EDGE_LOOP('',(#9998,#9999,#10000,#10001));
#1751=EDGE_LOOP('',(#10002,#10003,#10004,#10005));
#1752=EDGE_LOOP('',(#10006,#10007,#10008,#10009));
#1753=EDGE_LOOP('',(#10010,#10011,#10012,#10013));
#1754=EDGE_LOOP('',(#10014,#10015,#10016,#10017));
#1755=EDGE_LOOP('',(#10018,#10019,#10020,#10021));
#1756=EDGE_LOOP('',(#10022,#10023,#10024,#10025));
#1757=EDGE_LOOP('',(#10026,#10027,#10028,#10029));
#1758=EDGE_LOOP('',(#10030,#10031,#10032,#10033));
#1759=EDGE_LOOP('',(#10034,#10035,#10036,#10037));
#1760=EDGE_LOOP('',(#10038,#10039,#10040,#10041));
#1761=EDGE_LOOP('',(#10042,#10043,#10044,#10045));
#1762=EDGE_LOOP('',(#10046,#10047,#10048,#10049));
#1763=EDGE_LOOP('',(#10050,#10051,#10052,#10053));
#1764=EDGE_LOOP('',(#10054,#10055,#10056,#10057));
#1765=EDGE_LOOP('',(#10058,#10059,#10060,#10061));
#1766=EDGE_LOOP('',(#10062,#10063,#10064,#10065));
#1767=EDGE_LOOP('',(#10066,#10067,#10068,#10069));
#1768=EDGE_LOOP('',(#10070,#10071,#10072,#10073));
#1769=EDGE_LOOP('',(#10074,#10075,#10076,#10077));
#1770=EDGE_LOOP('',(#10078,#10079,#10080,#10081));
#1771=EDGE_LOOP('',(#10082,#10083,#10084,#10085));
#1772=EDGE_LOOP('',(#10086,#10087,#10088,#10089));
#1773=EDGE_LOOP('',(#10090,#10091,#10092,#10093));
#1774=EDGE_LOOP('',(#10094,#10095,#10096,#10097));
#1775=EDGE_LOOP('',(#10098,#10099,#10100,#10101));
#1776=EDGE_LOOP('',(#10102,#10103,#10104,#10105));
#1777=EDGE_LOOP('',(#10106,#10107,#10108,#10109));
#1778=EDGE_LOOP('',(#10110,#10111,#10112,#10113));
#1779=EDGE_LOOP('',(#10114,#10115,#10116,#10117));
#1780=EDGE_LOOP('',(#10118,#10119,#10120,#10121));
#1781=EDGE_LOOP('',(#10122,#10123,#10124,#10125));
#1782=EDGE_LOOP('',(#10126,#10127,#10128,#10129));
#1783=EDGE_LOOP('',(#10130,#10131,#10132,#10133));
#1784=EDGE_LOOP('',(#10134,#10135,#10136,#10137));
#1785=EDGE_LOOP('',(#10138,#10139,#10140,#10141));
#1786=EDGE_LOOP('',(#10142,#10143,#10144,#10145));
#1787=EDGE_LOOP('',(#10146,#10147,#10148,#10149));
#1788=EDGE_LOOP('',(#10150,#10151,#10152,#10153));
#1789=EDGE_LOOP('',(#10154,#10155,#10156,#10157));
#1790=EDGE_LOOP('',(#10158,#10159,#10160,#10161));
#1791=EDGE_LOOP('',(#10162,#10163,#10164,#10165));
#1792=EDGE_LOOP('',(#10166,#10167,#10168,#10169));
#1793=EDGE_LOOP('',(#10170,#10171,#10172,#10173));
#1794=EDGE_LOOP('',(#10174,#10175,#10176,#10177));
#1795=EDGE_LOOP('',(#10178,#10179,#10180,#10181));
#1796=EDGE_LOOP('',(#10182,#10183,#10184,#10185));
#1797=EDGE_LOOP('',(#10186,#10187,#10188,#10189));
#1798=EDGE_LOOP('',(#10190,#10191,#10192,#10193));
#1799=EDGE_LOOP('',(#10194,#10195,#10196,#10197));
#1800=EDGE_LOOP('',(#10198,#10199,#10200,#10201));
#1801=EDGE_LOOP('',(#10202,#10203,#10204,#10205));
#1802=EDGE_LOOP('',(#10206,#10207,#10208,#10209));
#1803=EDGE_LOOP('',(#10210,#10211,#10212,#10213));
#1804=EDGE_LOOP('',(#10214,#10215,#10216,#10217));
#1805=EDGE_LOOP('',(#10218,#10219,#10220,#10221));
#1806=EDGE_LOOP('',(#10222,#10223,#10224,#10225));
#1807=EDGE_LOOP('',(#10226,#10227,#10228,#10229));
#1808=EDGE_LOOP('',(#10230,#10231,#10232,#10233));
#1809=EDGE_LOOP('',(#10234,#10235,#10236,#10237));
#1810=EDGE_LOOP('',(#10238,#10239,#10240,#10241));
#1811=EDGE_LOOP('',(#10242,#10243,#10244,#10245));
#1812=EDGE_LOOP('',(#10246,#10247,#10248,#10249));
#1813=EDGE_LOOP('',(#10250,#10251,#10252,#10253));
#1814=EDGE_LOOP('',(#10254,#10255,#10256,#10257));
#1815=EDGE_LOOP('',(#10258,#10259,#10260,#10261));
#1816=EDGE_LOOP('',(#10262,#10263,#10264,#10265));
#1817=EDGE_LOOP('',(#10266,#10267,#10268,#10269));
#1818=EDGE_LOOP('',(#10270,#10271,#10272,#10273));
#1819=EDGE_LOOP('',(#10274,#10275,#10276,#10277));
#1820=EDGE_LOOP('',(#10278,#10279,#10280,#10281));
#1821=EDGE_LOOP('',(#10282,#10283,#10284,#10285));
#1822=EDGE_LOOP('',(#10286,#10287,#10288,#10289));
#1823=EDGE_LOOP('',(#10290,#10291,#10292,#10293));
#1824=EDGE_LOOP('',(#10294,#10295,#10296,#10297));
#1825=EDGE_LOOP('',(#10298,#10299,#10300,#10301));
#1826=EDGE_LOOP('',(#10302,#10303,#10304,#10305));
#1827=EDGE_LOOP('',(#10306,#10307,#10308,#10309));
#1828=EDGE_LOOP('',(#10310,#10311,#10312,#10313));
#1829=EDGE_LOOP('',(#10314,#10315,#10316,#10317));
#1830=EDGE_LOOP('',(#10318,#10319,#10320,#10321));
#1831=EDGE_LOOP('',(#10322,#10323,#10324,#10325));
#1832=EDGE_LOOP('',(#10326,#10327,#10328,#10329));
#1833=EDGE_LOOP('',(#10330,#10331,#10332,#10333));
#1834=EDGE_LOOP('',(#10334,#10335,#10336,#10337));
#1835=EDGE_LOOP('',(#10338,#10339,#10340,#10341));
#1836=EDGE_LOOP('',(#10342,#10343,#10344,#10345));
#1837=EDGE_LOOP('',(#10346,#10347,#10348,#10349));
#1838=EDGE_LOOP('',(#10350,#10351,#10352,#10353));
#1839=EDGE_LOOP('',(#10354,#10355,#10356,#10357));
#1840=EDGE_LOOP('',(#10358,#10359,#10360,#10361));
#1841=EDGE_LOOP('',(#10362,#10363,#10364,#10365));
#1842=EDGE_LOOP('',(#10366,#10367,#10368,#10369));
#1843=EDGE_LOOP('',(#10370,#10371,#10372,#10373));
#1844=EDGE_LOOP('',(#10374,#10375,#10376,#10377));
#1845=EDGE_LOOP('',(#10378,#10379,#10380,#10381));
#1846=EDGE_LOOP('',(#10382,#10383,#10384,#10385));
#1847=EDGE_LOOP('',(#10386,#10387,#10388,#10389));
#1848=EDGE_LOOP('',(#10390,#10391,#10392,#10393));
#1849=EDGE_LOOP('',(#10394,#10395,#10396,#10397));
#1850=EDGE_LOOP('',(#10398,#10399,#10400,#10401));
#1851=EDGE_LOOP('',(#10402,#10403,#10404,#10405));
#1852=EDGE_LOOP('',(#10406,#10407,#10408,#10409));
#1853=EDGE_LOOP('',(#10410,#10411,#10412,#10413));
#1854=EDGE_LOOP('',(#10414,#10415,#10416,#10417));
#1855=EDGE_LOOP('',(#10418,#10419,#10420,#10421));
#1856=EDGE_LOOP('',(#10422,#10423,#10424,#10425));
#1857=EDGE_LOOP('',(#10426,#10427,#10428,#10429));
#1858=EDGE_LOOP('',(#10430,#10431,#10432,#10433));
#1859=EDGE_LOOP('',(#10434,#10435,#10436,#10437));
#1860=EDGE_LOOP('',(#10438,#10439,#10440,#10441));
#1861=EDGE_LOOP('',(#10442,#10443,#10444,#10445));
#1862=EDGE_LOOP('',(#10446,#10447,#10448,#10449));
#1863=EDGE_LOOP('',(#10450,#10451,#10452,#10453));
#1864=EDGE_LOOP('',(#10454,#10455,#10456,#10457));
#1865=EDGE_LOOP('',(#10458,#10459,#10460,#10461));
#1866=EDGE_LOOP('',(#10462,#10463,#10464,#10465));
#1867=EDGE_LOOP('',(#10466,#10467,#10468,#10469));
#1868=EDGE_LOOP('',(#10470,#10471,#10472,#10473));
#1869=EDGE_LOOP('',(#10474,#10475,#10476,#10477));
#1870=EDGE_LOOP('',(#10478,#10479,#10480,#10481));
#1871=EDGE_LOOP('',(#10482,#10483,#10484,#10485));
#1872=EDGE_LOOP('',(#10486,#10487,#10488,#10489));
#1873=EDGE_LOOP('',(#10490,#10491,#10492,#10493));
#1874=EDGE_LOOP('',(#10494,#10495,#10496,#10497));
#1875=EDGE_LOOP('',(#10498,#10499,#10500,#10501));
#1876=EDGE_LOOP('',(#10502,#10503,#10504,#10505));
#1877=EDGE_LOOP('',(#10506,#10507,#10508,#10509));
#1878=EDGE_LOOP('',(#10510,#10511,#10512,#10513));
#1879=EDGE_LOOP('',(#10514,#10515,#10516,#10517));
#1880=EDGE_LOOP('',(#10518,#10519,#10520,#10521));
#1881=EDGE_LOOP('',(#10522,#10523,#10524,#10525));
#1882=EDGE_LOOP('',(#10526,#10527,#10528,#10529));
#1883=EDGE_LOOP('',(#10530,#10531,#10532,#10533));
#1884=EDGE_LOOP('',(#10534,#10535,#10536,#10537));
#1885=EDGE_LOOP('',(#10538,#10539,#10540,#10541));
#1886=EDGE_LOOP('',(#10542,#10543,#10544,#10545));
#1887=EDGE_LOOP('',(#10546,#10547,#10548,#10549));
#1888=EDGE_LOOP('',(#10550,#10551,#10552,#10553));
#1889=EDGE_LOOP('',(#10554,#10555,#10556,#10557));
#1890=EDGE_LOOP('',(#10558,#10559,#10560,#10561));
#1891=EDGE_LOOP('',(#10562,#10563,#10564,#10565));
#1892=EDGE_LOOP('',(#10566,#10567,#10568,#10569));
#1893=EDGE_LOOP('',(#10570,#10571,#10572,#10573));
#1894=EDGE_LOOP('',(#10574,#10575,#10576,#10577));
#1895=EDGE_LOOP('',(#10578,#10579,#10580,#10581));
#1896=EDGE_LOOP('',(#10582,#10583,#10584,#10585));
#1897=EDGE_LOOP('',(#10586,#10587,#10588,#10589));
#1898=EDGE_LOOP('',(#10590,#10591,#10592,#10593));
#1899=EDGE_LOOP('',(#10594,#10595,#10596,#10597));
#1900=EDGE_LOOP('',(#10598,#10599,#10600,#10601));
#1901=EDGE_LOOP('',(#10602,#10603,#10604,#10605));
#1902=EDGE_LOOP('',(#10606,#10607,#10608,#10609));
#1903=EDGE_LOOP('',(#10610,#10611,#10612,#10613));
#1904=EDGE_LOOP('',(#10614,#10615,#10616,#10617));
#1905=EDGE_LOOP('',(#10618,#10619,#10620,#10621));
#1906=EDGE_LOOP('',(#10622,#10623,#10624,#10625));
#1907=EDGE_LOOP('',(#10626,#10627,#10628,#10629));
#1908=EDGE_LOOP('',(#10630,#10631,#10632,#10633));
#1909=EDGE_LOOP('',(#10634,#10635,#10636,#10637));
#1910=EDGE_LOOP('',(#10638,#10639,#10640,#10641));
#1911=EDGE_LOOP('',(#10642,#10643,#10644,#10645));
#1912=EDGE_LOOP('',(#10646,#10647,#10648,#10649));
#1913=EDGE_LOOP('',(#10650,#10651,#10652,#10653));
#1914=EDGE_LOOP('',(#10654,#10655,#10656,#10657));
#1915=EDGE_LOOP('',(#10658,#10659,#10660,#10661));
#1916=EDGE_LOOP('',(#10662,#10663,#10664,#10665));
#1917=EDGE_LOOP('',(#10666,#10667,#10668,#10669));
#1918=EDGE_LOOP('',(#10670,#10671,#10672,#10673));
#1919=EDGE_LOOP('',(#10674,#10675,#10676,#10677));
#1920=EDGE_LOOP('',(#10678,#10679,#10680,#10681));
#1921=EDGE_LOOP('',(#10682,#10683,#10684,#10685));
#1922=EDGE_LOOP('',(#10686,#10687,#10688,#10689));
#1923=EDGE_LOOP('',(#10690,#10691,#10692,#10693));
#1924=EDGE_LOOP('',(#10694,#10695,#10696,#10697));
#1925=EDGE_LOOP('',(#10698,#10699,#10700,#10701));
#1926=EDGE_LOOP('',(#10702,#10703,#10704,#10705));
#1927=EDGE_LOOP('',(#10706,#10707,#10708,#10709));
#1928=EDGE_LOOP('',(#10710,#10711,#10712,#10713));
#1929=EDGE_LOOP('',(#10714,#10715,#10716,#10717));
#1930=EDGE_LOOP('',(#10718,#10719,#10720,#10721));
#1931=EDGE_LOOP('',(#10722,#10723,#10724,#10725));
#1932=EDGE_LOOP('',(#10726,#10727,#10728,#10729));
#1933=EDGE_LOOP('',(#10730,#10731,#10732,#10733));
#1934=EDGE_LOOP('',(#10734,#10735,#10736,#10737));
#1935=EDGE_LOOP('',(#10738,#10739,#10740,#10741));
#1936=EDGE_LOOP('',(#10742,#10743,#10744,#10745));
#1937=EDGE_LOOP('',(#10746,#10747,#10748,#10749));
#1938=EDGE_LOOP('',(#10750,#10751,#10752,#10753));
#1939=EDGE_LOOP('',(#10754,#10755,#10756,#10757));
#1940=EDGE_LOOP('',(#10758,#10759,#10760,#10761));
#1941=EDGE_LOOP('',(#10762,#10763,#10764,#10765));
#1942=EDGE_LOOP('',(#10766,#10767,#10768,#10769));
#1943=EDGE_LOOP('',(#10770,#10771,#10772,#10773));
#1944=EDGE_LOOP('',(#10774,#10775,#10776,#10777));
#1945=EDGE_LOOP('',(#10778,#10779,#10780,#10781));
#1946=EDGE_LOOP('',(#10782,#10783,#10784,#10785));
#1947=EDGE_LOOP('',(#10786,#10787,#10788,#10789));
#1948=EDGE_LOOP('',(#10790,#10791,#10792,#10793));
#1949=EDGE_LOOP('',(#10794,#10795,#10796,#10797));
#1950=EDGE_LOOP('',(#10798,#10799,#10800,#10801));
#1951=EDGE_LOOP('',(#10802,#10803,#10804,#10805));
#1952=EDGE_LOOP('',(#10806,#10807,#10808,#10809));
#1953=EDGE_LOOP('',(#10810,#10811,#10812,#10813));
#1954=EDGE_LOOP('',(#10814,#10815,#10816,#10817));
#1955=EDGE_LOOP('',(#10818,#10819,#10820,#10821));
#1956=EDGE_LOOP('',(#10822,#10823,#10824,#10825));
#1957=EDGE_LOOP('',(#10826,#10827,#10828,#10829));
#1958=EDGE_LOOP('',(#10830,#10831,#10832,#10833));
#1959=EDGE_LOOP('',(#10834,#10835,#10836,#10837));
#1960=EDGE_LOOP('',(#10838,#10839,#10840,#10841));
#1961=EDGE_LOOP('',(#10842,#10843,#10844,#10845));
#1962=EDGE_LOOP('',(#10846,#10847,#10848,#10849));
#1963=EDGE_LOOP('',(#10850,#10851,#10852,#10853));
#1964=EDGE_LOOP('',(#10854,#10855,#10856,#10857));
#1965=EDGE_LOOP('',(#10858,#10859,#10860,#10861));
#1966=EDGE_LOOP('',(#10862,#10863,#10864,#10865));
#1967=EDGE_LOOP('',(#10866,#10867,#10868,#10869));
#1968=EDGE_LOOP('',(#10870,#10871,#10872,#10873));
#1969=EDGE_LOOP('',(#10874,#10875,#10876,#10877));
#1970=EDGE_LOOP('',(#10878,#10879,#10880,#10881));
#1971=EDGE_LOOP('',(#10882,#10883,#10884,#10885));
#1972=EDGE_LOOP('',(#10886,#10887,#10888,#10889));
#1973=EDGE_LOOP('',(#10890,#10891,#10892,#10893));
#1974=EDGE_LOOP('',(#10894,#10895,#10896,#10897));
#1975=EDGE_LOOP('',(#10898,#10899,#10900,#10901));
#1976=EDGE_LOOP('',(#10902,#10903,#10904,#10905));
#1977=EDGE_LOOP('',(#10906,#10907,#10908,#10909));
#1978=EDGE_LOOP('',(#10910,#10911,#10912,#10913));
#1979=EDGE_LOOP('',(#10914,#10915,#10916,#10917));
#1980=EDGE_LOOP('',(#10918,#10919,#10920,#10921));
#1981=EDGE_LOOP('',(#10922,#10923,#10924,#10925));
#1982=EDGE_LOOP('',(#10926,#10927,#10928,#10929));
#1983=EDGE_LOOP('',(#10930,#10931,#10932,#10933));
#1984=EDGE_LOOP('',(#10934,#10935,#10936,#10937));
#1985=EDGE_LOOP('',(#10938,#10939,#10940,#10941));
#1986=EDGE_LOOP('',(#10942,#10943,#10944,#10945));
#1987=EDGE_LOOP('',(#10946,#10947,#10948,#10949));
#1988=EDGE_LOOP('',(#10950,#10951,#10952,#10953));
#1989=EDGE_LOOP('',(#10954,#10955,#10956,#10957));
#1990=EDGE_LOOP('',(#10958,#10959,#10960,#10961));
#1991=EDGE_LOOP('',(#10962,#10963,#10964,#10965));
#1992=EDGE_LOOP('',(#10966,#10967,#10968,#10969));
#1993=EDGE_LOOP('',(#10970,#10971,#10972,#10973));
#1994=EDGE_LOOP('',(#10974,#10975,#10976,#10977));
#1995=EDGE_LOOP('',(#10978,#10979,#10980,#10981));
#1996=EDGE_LOOP('',(#10982,#10983,#10984,#10985));
#1997=EDGE_LOOP('',(#10986,#10987,#10988,#10989));
#1998=EDGE_LOOP('',(#10990,#10991,#10992,#10993));
#1999=EDGE_LOOP('',(#10994,#10995,#10996,#10997));
#2000=EDGE_LOOP('',(#10998,#10999,#11000,#11001));
#2001=EDGE_LOOP('',(#11002,#11003,#11004,#11005));
#2002=EDGE_LOOP('',(#11006,#11007,#11008,#11009));
#2003=EDGE_LOOP('',(#11010,#11011,#11012,#11013));
#2004=EDGE_LOOP('',(#11014,#11015,#11016,#11017));
#2005=EDGE_LOOP('',(#11018,#11019,#11020,#11021));
#2006=EDGE_LOOP('',(#11022,#11023,#11024,#11025));
#2007=EDGE_LOOP('',(#11026,#11027,#11028,#11029));
#2008=EDGE_LOOP('',(#11030,#11031,#11032,#11033));
#2009=EDGE_LOOP('',(#11034,#11035,#11036,#11037));
#2010=EDGE_LOOP('',(#11038,#11039,#11040,#11041));
#2011=EDGE_LOOP('',(#11042,#11043,#11044,#11045));
#2012=EDGE_LOOP('',(#11046,#11047,#11048,#11049));
#2013=EDGE_LOOP('',(#11050,#11051,#11052,#11053));
#2014=EDGE_LOOP('',(#11054,#11055,#11056,#11057));
#2015=EDGE_LOOP('',(#11058,#11059,#11060,#11061));
#2016=EDGE_LOOP('',(#11062,#11063,#11064,#11065));
#2017=EDGE_LOOP('',(#11066,#11067,#11068,#11069));
#2018=EDGE_LOOP('',(#11070,#11071,#11072,#11073));
#2019=EDGE_LOOP('',(#11074,#11075,#11076,#11077));
#2020=EDGE_LOOP('',(#11078,#11079,#11080,#11081));
#2021=EDGE_LOOP('',(#11082,#11083,#11084,#11085));
#2022=EDGE_LOOP('',(#11086,#11087,#11088,#11089));
#2023=EDGE_LOOP('',(#11090,#11091,#11092,#11093));
#2024=EDGE_LOOP('',(#11094,#11095,#11096,#11097));
#2025=EDGE_LOOP('',(#11098,#11099,#11100,#11101));
#2026=EDGE_LOOP('',(#11102,#11103,#11104,#11105));
#2027=EDGE_LOOP('',(#11106,#11107,#11108,#11109));
#2028=EDGE_LOOP('',(#11110,#11111,#11112,#11113));
#2029=EDGE_LOOP('',(#11114,#11115,#11116,#11117));
#2030=EDGE_LOOP('',(#11118,#11119,#11120,#11121));
#2031=EDGE_LOOP('',(#11122,#11123,#11124,#11125));
#2032=EDGE_LOOP('',(#11126,#11127,#11128,#11129));
#2033=EDGE_LOOP('',(#11130));
#2034=EDGE_LOOP('',(#11131,#11132,#11133,#11134));
#2035=EDGE_LOOP('',(#11135));
#2036=EDGE_LOOP('',(#11136,#11137,#11138,#11139));
#2037=EDGE_LOOP('',(#11140));
#2038=EDGE_LOOP('',(#11141,#11142,#11143,#11144));
#2039=EDGE_LOOP('',(#11145));
#2040=EDGE_LOOP('',(#11146,#11147,#11148,#11149));
#2041=EDGE_LOOP('',(#11150,#11151,#11152,#11153));
#2042=EDGE_LOOP('',(#11154,#11155));
#2043=EDGE_LOOP('',(#11156));
#2044=EDGE_LOOP('',(#11157,#11158,#11159,#11160));
#2045=EDGE_LOOP('',(#11161,#11162,#11163,#11164,#11165,#11166));
#2046=EDGE_LOOP('',(#11167,#11168,#11169,#11170,#11171,#11172));
#2047=EDGE_LOOP('',(#11173,#11174,#11175,#11176,#11177,#11178));
#2048=EDGE_LOOP('',(#11179,#11180,#11181,#11182,#11183,#11184));
#2049=EDGE_LOOP('',(#11185,#11186,#11187,#11188,#11189,#11190));
#2050=EDGE_LOOP('',(#11191,#11192,#11193,#11194,#11195,#11196));
#2051=EDGE_LOOP('',(#11197,#11198,#11199,#11200,#11201,#11202));
#2052=EDGE_LOOP('',(#11203,#11204,#11205,#11206,#11207,#11208));
#2053=EDGE_LOOP('',(#11209,#11210,#11211,#11212,#11213,#11214));
#2054=EDGE_LOOP('',(#11215,#11216,#11217,#11218,#11219,#11220));
#2055=EDGE_LOOP('',(#11221,#11222,#11223,#11224,#11225,#11226));
#2056=EDGE_LOOP('',(#11227,#11228,#11229,#11230,#11231,#11232));
#2057=EDGE_LOOP('',(#11233,#11234,#11235,#11236,#11237,#11238));
#2058=EDGE_LOOP('',(#11239,#11240,#11241,#11242,#11243,#11244));
#2059=EDGE_LOOP('',(#11245,#11246,#11247,#11248,#11249,#11250));
#2060=EDGE_LOOP('',(#11251,#11252,#11253,#11254,#11255,#11256));
#2061=EDGE_LOOP('',(#11257,#11258,#11259,#11260,#11261,#11262));
#2062=EDGE_LOOP('',(#11263,#11264,#11265,#11266));
#2063=EDGE_LOOP('',(#11267,#11268,#11269));
#2064=EDGE_LOOP('',(#11270,#11271,#11272,#11273,#11274,#11275,#11276,#11277));
#2065=EDGE_LOOP('',(#11278,#11279,#11280,#11281));
#2066=EDGE_LOOP('',(#11282,#11283,#11284,#11285));
#2067=EDGE_LOOP('',(#11286,#11287));
#2068=EDGE_LOOP('',(#11288));
#2069=EDGE_LOOP('',(#11289,#11290,#11291,#11292));
#2070=EDGE_LOOP('',(#11293,#11294,#11295,#11296,#11297,#11298));
#2071=EDGE_LOOP('',(#11299,#11300,#11301,#11302,#11303,#11304));
#2072=EDGE_LOOP('',(#11305,#11306,#11307,#11308,#11309,#11310));
#2073=EDGE_LOOP('',(#11311,#11312,#11313,#11314,#11315,#11316));
#2074=EDGE_LOOP('',(#11317,#11318,#11319,#11320,#11321,#11322));
#2075=EDGE_LOOP('',(#11323,#11324,#11325,#11326,#11327,#11328));
#2076=EDGE_LOOP('',(#11329,#11330,#11331,#11332,#11333,#11334));
#2077=EDGE_LOOP('',(#11335,#11336,#11337,#11338,#11339,#11340));
#2078=EDGE_LOOP('',(#11341,#11342,#11343,#11344,#11345,#11346));
#2079=EDGE_LOOP('',(#11347,#11348,#11349,#11350,#11351,#11352));
#2080=EDGE_LOOP('',(#11353,#11354,#11355,#11356,#11357,#11358));
#2081=EDGE_LOOP('',(#11359,#11360,#11361,#11362,#11363,#11364));
#2082=EDGE_LOOP('',(#11365,#11366,#11367,#11368,#11369,#11370));
#2083=EDGE_LOOP('',(#11371,#11372,#11373,#11374,#11375,#11376));
#2084=EDGE_LOOP('',(#11377,#11378,#11379,#11380,#11381,#11382));
#2085=EDGE_LOOP('',(#11383,#11384,#11385,#11386,#11387,#11388));
#2086=EDGE_LOOP('',(#11389,#11390,#11391,#11392,#11393,#11394));
#2087=EDGE_LOOP('',(#11395,#11396,#11397));
#2088=EDGE_LOOP('',(#11398,#11399,#11400,#11401));
#2089=EDGE_LOOP('',(#11402,#11403,#11404,#11405));
#2090=EDGE_LOOP('',(#11406,#11407,#11408,#11409));
#2091=EDGE_LOOP('',(#11410,#11411));
#2092=EDGE_LOOP('',(#11412));
#2093=EDGE_LOOP('',(#11413,#11414,#11415,#11416));
#2094=EDGE_LOOP('',(#11417));
#2095=EDGE_LOOP('',(#11418,#11419,#11420,#11421,#11422,#11423));
#2096=EDGE_LOOP('',(#11424,#11425,#11426,#11427,#11428,#11429));
#2097=EDGE_LOOP('',(#11430,#11431,#11432,#11433,#11434,#11435));
#2098=EDGE_LOOP('',(#11436,#11437,#11438,#11439,#11440,#11441));
#2099=EDGE_LOOP('',(#11442,#11443,#11444,#11445,#11446,#11447));
#2100=EDGE_LOOP('',(#11448,#11449,#11450,#11451,#11452,#11453));
#2101=EDGE_LOOP('',(#11454,#11455,#11456,#11457,#11458,#11459));
#2102=EDGE_LOOP('',(#11460,#11461,#11462,#11463,#11464,#11465));
#2103=EDGE_LOOP('',(#11466,#11467,#11468,#11469,#11470,#11471));
#2104=EDGE_LOOP('',(#11472,#11473,#11474,#11475,#11476,#11477));
#2105=EDGE_LOOP('',(#11478,#11479,#11480,#11481,#11482,#11483));
#2106=EDGE_LOOP('',(#11484,#11485,#11486,#11487,#11488,#11489));
#2107=EDGE_LOOP('',(#11490,#11491,#11492,#11493,#11494,#11495));
#2108=EDGE_LOOP('',(#11496,#11497,#11498,#11499,#11500,#11501));
#2109=EDGE_LOOP('',(#11502,#11503,#11504,#11505,#11506,#11507));
#2110=EDGE_LOOP('',(#11508,#11509,#11510,#11511,#11512,#11513));
#2111=EDGE_LOOP('',(#11514,#11515,#11516,#11517,#11518,#11519));
#2112=EDGE_LOOP('',(#11520,#11521,#11522,#11523,#11524,#11525));
#2113=EDGE_LOOP('',(#11526,#11527,#11528,#11529,#11530,#11531));
#2114=EDGE_LOOP('',(#11532,#11533,#11534,#11535,#11536,#11537));
#2115=EDGE_LOOP('',(#11538,#11539,#11540,#11541,#11542,#11543));
#2116=EDGE_LOOP('',(#11544,#11545,#11546,#11547,#11548,#11549));
#2117=EDGE_LOOP('',(#11550,#11551,#11552,#11553,#11554,#11555));
#2118=EDGE_LOOP('',(#11556,#11557,#11558,#11559,#11560,#11561));
#2119=EDGE_LOOP('',(#11562,#11563,#11564,#11565,#11566,#11567));
#2120=EDGE_LOOP('',(#11568,#11569,#11570,#11571,#11572,#11573));
#2121=EDGE_LOOP('',(#11574,#11575,#11576,#11577,#11578,#11579));
#2122=EDGE_LOOP('',(#11580,#11581,#11582,#11583,#11584,#11585));
#2123=EDGE_LOOP('',(#11586,#11587,#11588,#11589,#11590,#11591));
#2124=EDGE_LOOP('',(#11592,#11593,#11594,#11595,#11596,#11597));
#2125=EDGE_LOOP('',(#11598,#11599,#11600,#11601,#11602,#11603));
#2126=EDGE_LOOP('',(#11604,#11605,#11606,#11607,#11608,#11609));
#2127=EDGE_LOOP('',(#11610,#11611,#11612,#11613,#11614,#11615));
#2128=EDGE_LOOP('',(#11616,#11617,#11618,#11619,#11620,#11621));
#2129=EDGE_LOOP('',(#11622,#11623,#11624,#11625,#11626,#11627));
#2130=EDGE_LOOP('',(#11628,#11629,#11630,#11631,#11632,#11633));
#2131=EDGE_LOOP('',(#11634,#11635,#11636,#11637,#11638,#11639));
#2132=EDGE_LOOP('',(#11640,#11641,#11642,#11643,#11644,#11645));
#2133=EDGE_LOOP('',(#11646,#11647,#11648,#11649,#11650,#11651));
#2134=EDGE_LOOP('',(#11652,#11653,#11654,#11655));
#2135=EDGE_LOOP('',(#11656,#11657,#11658));
#2136=EDGE_LOOP('',(#11659,#11660,#11661,#11662));
#2137=EDGE_LOOP('',(#11663,#11664,#11665,#11666));
#2138=EDGE_LOOP('',(#11667,#11668));
#2139=EDGE_LOOP('',(#11669));
#2140=EDGE_LOOP('',(#11670,#11671,#11672,#11673));
#2141=EDGE_LOOP('',(#11674,#11675,#11676));
#2142=EDGE_LOOP('',(#11677,#11678,#11679,#11680));
#2143=EDGE_LOOP('',(#11681,#11682,#11683,#11684));
#2144=EDGE_LOOP('',(#11685,#11686,#11687,#11688));
#2145=EDGE_LOOP('',(#11689));
#2146=EDGE_LOOP('',(#11690,#11691,#11692,#11693));
#2147=EDGE_LOOP('',(#11694,#11695,#11696,#11697));
#2148=EDGE_LOOP('',(#11698,#11699,#11700,#11701));
#2149=EDGE_LOOP('',(#11702,#11703,#11704,#11705));
#2150=EDGE_LOOP('',(#11706,#11707,#11708,#11709));
#2151=EDGE_LOOP('',(#11710,#11711,#11712,#11713));
#2152=EDGE_LOOP('',(#11714,#11715,#11716,#11717));
#2153=EDGE_LOOP('',(#11718,#11719,#11720,#11721));
#2154=EDGE_LOOP('',(#11722,#11723,#11724,#11725));
#2155=EDGE_LOOP('',(#11726,#11727,#11728,#11729));
#2156=EDGE_LOOP('',(#11730,#11731,#11732,#11733));
#2157=EDGE_LOOP('',(#11734));
#2158=EDGE_LOOP('',(#11735,#11736,#11737,#11738));
#2159=EDGE_LOOP('',(#11739,#11740,#11741,#11742));
#2160=EDGE_LOOP('',(#11743,#11744,#11745,#11746,#11747,#11748));
#2161=EDGE_LOOP('',(#11749,#11750,#11751,#11752,#11753,#11754));
#2162=EDGE_LOOP('',(#11755,#11756,#11757,#11758,#11759,#11760));
#2163=EDGE_LOOP('',(#11761,#11762,#11763,#11764,#11765,#11766));
#2164=EDGE_LOOP('',(#11767,#11768,#11769,#11770,#11771,#11772));
#2165=EDGE_LOOP('',(#11773,#11774,#11775,#11776,#11777,#11778));
#2166=EDGE_LOOP('',(#11779,#11780,#11781,#11782,#11783,#11784));
#2167=EDGE_LOOP('',(#11785,#11786,#11787,#11788,#11789,#11790));
#2168=EDGE_LOOP('',(#11791,#11792,#11793,#11794,#11795,#11796));
#2169=EDGE_LOOP('',(#11797,#11798,#11799,#11800,#11801,#11802));
#2170=EDGE_LOOP('',(#11803,#11804,#11805,#11806,#11807,#11808));
#2171=EDGE_LOOP('',(#11809,#11810,#11811,#11812,#11813,#11814));
#2172=EDGE_LOOP('',(#11815,#11816,#11817,#11818,#11819,#11820));
#2173=EDGE_LOOP('',(#11821,#11822,#11823,#11824,#11825,#11826));
#2174=EDGE_LOOP('',(#11827,#11828,#11829,#11830,#11831,#11832));
#2175=EDGE_LOOP('',(#11833,#11834,#11835,#11836,#11837,#11838));
#2176=EDGE_LOOP('',(#11839,#11840,#11841,#11842,#11843,#11844));
#2177=EDGE_LOOP('',(#11845,#11846,#11847,#11848));
#2178=EDGE_LOOP('',(#11849,#11850,#11851,#11852,#11853,#11854,#11855,#11856));
#2179=EDGE_LOOP('',(#11857,#11858,#11859,#11860));
#2180=EDGE_LOOP('',(#11861,#11862,#11863,#11864));
#2181=EDGE_LOOP('',(#11865,#11866,#11867,#11868));
#2182=EDGE_LOOP('',(#11869,#11870,#11871,#11872));
#2183=EDGE_LOOP('',(#11873,#11874,#11875,#11876,#11877,#11878,#11879,#11880));
#2184=EDGE_LOOP('',(#11881,#11882,#11883,#11884,#11885,#11886,#11887,#11888,
#11889,#11890,#11891,#11892));
#2185=EDGE_LOOP('',(#11893,#11894,#11895,#11896));
#2186=EDGE_LOOP('',(#11897,#11898,#11899,#11900));
#2187=EDGE_LOOP('',(#11901,#11902,#11903,#11904,#11905,#11906));
#2188=EDGE_LOOP('',(#11907,#11908,#11909,#11910,#11911,#11912));
#2189=EDGE_LOOP('',(#11913,#11914,#11915,#11916,#11917,#11918));
#2190=EDGE_LOOP('',(#11919,#11920,#11921,#11922,#11923,#11924));
#2191=EDGE_LOOP('',(#11925,#11926,#11927,#11928,#11929,#11930));
#2192=EDGE_LOOP('',(#11931,#11932,#11933,#11934,#11935,#11936));
#2193=EDGE_LOOP('',(#11937,#11938,#11939,#11940,#11941,#11942));
#2194=EDGE_LOOP('',(#11943,#11944,#11945,#11946,#11947,#11948));
#2195=EDGE_LOOP('',(#11949,#11950,#11951,#11952,#11953,#11954));
#2196=EDGE_LOOP('',(#11955,#11956,#11957,#11958,#11959,#11960));
#2197=EDGE_LOOP('',(#11961,#11962,#11963,#11964,#11965,#11966));
#2198=EDGE_LOOP('',(#11967,#11968,#11969,#11970,#11971,#11972));
#2199=EDGE_LOOP('',(#11973,#11974,#11975,#11976,#11977,#11978));
#2200=EDGE_LOOP('',(#11979,#11980,#11981,#11982,#11983,#11984));
#2201=EDGE_LOOP('',(#11985,#11986,#11987,#11988,#11989,#11990));
#2202=EDGE_LOOP('',(#11991,#11992,#11993,#11994,#11995,#11996));
#2203=EDGE_LOOP('',(#11997,#11998,#11999,#12000,#12001,#12002));
#2204=EDGE_LOOP('',(#12003,#12004,#12005,#12006));
#2205=EDGE_LOOP('',(#12007,#12008,#12009,#12010));
#2206=EDGE_LOOP('',(#12011));
#2207=EDGE_LOOP('',(#12012,#12013,#12014,#12015,#12016,#12017));
#2208=EDGE_LOOP('',(#12018,#12019,#12020,#12021,#12022,#12023));
#2209=EDGE_LOOP('',(#12024,#12025,#12026,#12027,#12028,#12029));
#2210=EDGE_LOOP('',(#12030,#12031,#12032,#12033,#12034,#12035));
#2211=EDGE_LOOP('',(#12036,#12037,#12038,#12039,#12040,#12041));
#2212=EDGE_LOOP('',(#12042,#12043,#12044,#12045,#12046,#12047));
#2213=EDGE_LOOP('',(#12048,#12049,#12050,#12051,#12052,#12053));
#2214=EDGE_LOOP('',(#12054,#12055,#12056,#12057,#12058,#12059));
#2215=EDGE_LOOP('',(#12060,#12061,#12062,#12063,#12064,#12065));
#2216=EDGE_LOOP('',(#12066,#12067,#12068,#12069,#12070,#12071));
#2217=EDGE_LOOP('',(#12072,#12073,#12074,#12075,#12076,#12077));
#2218=EDGE_LOOP('',(#12078,#12079,#12080,#12081,#12082,#12083));
#2219=EDGE_LOOP('',(#12084,#12085,#12086,#12087,#12088,#12089));
#2220=EDGE_LOOP('',(#12090,#12091,#12092,#12093,#12094,#12095));
#2221=EDGE_LOOP('',(#12096,#12097,#12098,#12099,#12100,#12101));
#2222=EDGE_LOOP('',(#12102,#12103,#12104,#12105,#12106,#12107));
#2223=EDGE_LOOP('',(#12108,#12109,#12110,#12111,#12112,#12113));
#2224=EDGE_LOOP('',(#12114,#12115,#12116,#12117,#12118,#12119));
#2225=EDGE_LOOP('',(#12120,#12121,#12122,#12123,#12124,#12125));
#2226=EDGE_LOOP('',(#12126,#12127,#12128,#12129,#12130,#12131));
#2227=EDGE_LOOP('',(#12132,#12133,#12134,#12135,#12136,#12137));
#2228=EDGE_LOOP('',(#12138,#12139,#12140,#12141,#12142,#12143));
#2229=EDGE_LOOP('',(#12144,#12145,#12146,#12147,#12148,#12149));
#2230=EDGE_LOOP('',(#12150,#12151,#12152,#12153,#12154,#12155));
#2231=EDGE_LOOP('',(#12156,#12157,#12158,#12159,#12160,#12161));
#2232=EDGE_LOOP('',(#12162,#12163,#12164,#12165,#12166,#12167));
#2233=EDGE_LOOP('',(#12168,#12169,#12170,#12171,#12172,#12173));
#2234=EDGE_LOOP('',(#12174,#12175,#12176,#12177,#12178,#12179));
#2235=EDGE_LOOP('',(#12180,#12181,#12182,#12183,#12184,#12185));
#2236=EDGE_LOOP('',(#12186,#12187,#12188,#12189,#12190,#12191));
#2237=EDGE_LOOP('',(#12192,#12193,#12194,#12195,#12196,#12197));
#2238=EDGE_LOOP('',(#12198,#12199,#12200,#12201,#12202,#12203));
#2239=EDGE_LOOP('',(#12204,#12205,#12206,#12207,#12208,#12209));
#2240=EDGE_LOOP('',(#12210,#12211,#12212,#12213,#12214,#12215));
#2241=EDGE_LOOP('',(#12216,#12217,#12218,#12219,#12220,#12221));
#2242=EDGE_LOOP('',(#12222,#12223,#12224,#12225,#12226,#12227));
#2243=EDGE_LOOP('',(#12228,#12229,#12230,#12231,#12232,#12233));
#2244=EDGE_LOOP('',(#12234,#12235,#12236,#12237,#12238,#12239));
#2245=EDGE_LOOP('',(#12240,#12241,#12242,#12243,#12244,#12245));
#2246=CIRCLE('',#12957,8.);
#2247=CIRCLE('',#12958,8.);
#2248=CIRCLE('',#12960,8.00000000000001);
#2249=CIRCLE('',#12961,8.00000000000001);
#2250=CIRCLE('',#13032,3.1);
#2251=CIRCLE('',#13033,3.1);
#2252=CIRCLE('',#13035,3.1);
#2253=CIRCLE('',#13036,3.1);
#2254=CIRCLE('',#13038,3.1);
#2255=CIRCLE('',#13039,3.1);
#2256=CIRCLE('',#13041,3.1);
#2257=CIRCLE('',#13042,3.1);
#2258=CIRCLE('',#13044,4.9);
#2259=CIRCLE('',#13045,4.9);
#2260=CIRCLE('',#13047,4.9);
#2261=CIRCLE('',#13048,4.9);
#2262=CIRCLE('',#13050,4.9);
#2263=CIRCLE('',#13051,4.9);
#2264=CIRCLE('',#13053,4.9);
#2265=CIRCLE('',#13054,4.9);
#2266=CIRCLE('',#13056,4.9);
#2267=CIRCLE('',#13057,4.9);
#2268=CIRCLE('',#13059,4.9);
#2269=CIRCLE('',#13060,4.9);
#2270=CIRCLE('',#13062,4.9);
#2271=CIRCLE('',#13063,4.9);
#2272=CIRCLE('',#13065,4.9);
#2273=CIRCLE('',#13066,4.9);
#2274=CIRCLE('',#13068,4.9);
#2275=CIRCLE('',#13069,4.9);
#2276=CIRCLE('',#13071,4.9);
#2277=CIRCLE('',#13072,4.9);
#2278=CIRCLE('',#13074,4.9);
#2279=CIRCLE('',#13075,4.9);
#2280=CIRCLE('',#13077,4.9);
#2281=CIRCLE('',#13078,4.9);
#2282=CIRCLE('',#13104,6.);
#2283=CIRCLE('',#13105,4.);
#2284=CIRCLE('',#13108,6.);
#2285=CIRCLE('',#13109,4.);
#2286=CIRCLE('',#13112,6.);
#2287=CIRCLE('',#13113,4.);
#2288=CIRCLE('',#13116,6.);
#2289=CIRCLE('',#13117,4.00000000000001);
#2290=CIRCLE('',#13121,6.);
#2291=CIRCLE('',#13124,6.);
#2292=CIRCLE('',#13128,6.);
#2293=CIRCLE('',#13130,6.);
#2294=CIRCLE('',#13573,1.99999999999999);
#2295=CIRCLE('',#13574,1.99999999999999);
#2296=CIRCLE('',#13584,11.);
#2297=CIRCLE('',#13585,11.);
#2298=CIRCLE('',#13587,2.05);
#2299=CIRCLE('',#13588,2.05);
#2300=CIRCLE('',#13591,2.05);
#2301=CIRCLE('',#13592,2.05);
#2302=CIRCLE('',#13595,2.05);
#2303=CIRCLE('',#13596,2.05);
#2304=CIRCLE('',#13599,2.05);
#2305=CIRCLE('',#13600,2.05);
#2306=CIRCLE('',#13603,4.);
#2307=CIRCLE('',#13604,4.);
#2308=CIRCLE('',#13606,4.);
#2309=CIRCLE('',#13607,4.);
#2310=CIRCLE('',#13613,4.);
#2311=CIRCLE('',#13614,4.);
#2312=CIRCLE('',#13615,4.);
#2313=CIRCLE('',#13617,4.);
#2314=CIRCLE('',#13618,4.);
#2315=CIRCLE('',#13620,4.);
#2316=CIRCLE('',#13626,4.);
#2317=CIRCLE('',#13627,4.);
#2318=CIRCLE('',#13629,4.);
#2319=CIRCLE('',#13635,4.);
#2320=CIRCLE('',#13637,4.);
#2321=CIRCLE('',#13638,4.);
#2322=CIRCLE('',#13644,6.);
#2323=CIRCLE('',#13645,3.5);
#2324=CIRCLE('',#13648,6.);
#2325=CIRCLE('',#13649,3.50000000000001);
#2326=CIRCLE('',#13652,6.);
#2327=CIRCLE('',#13653,3.50000000000001);
#2328=CIRCLE('',#13656,6.);
#2329=CIRCLE('',#13657,3.5);
#2330=CIRCLE('',#13661,6.);
#2331=CIRCLE('',#13664,6.);
#2332=CIRCLE('',#13671,6.);
#2333=CIRCLE('',#13672,6.);
#2334=LINE('',#16833,#4030);
#2335=LINE('',#16837,#4031);
#2336=LINE('',#16842,#4032);
#2337=LINE('',#16846,#4033);
#2338=LINE('',#16850,#4034);
#2339=LINE('',#16852,#4035);
#2340=LINE('',#16854,#4036);
#2341=LINE('',#16856,#4037);
#2342=LINE('',#16857,#4038);
#2343=LINE('',#16858,#4039);
#2344=LINE('',#16861,#4040);
#2345=LINE('',#16862,#4041);
#2346=LINE('',#16865,#4042);
#2347=LINE('',#16866,#4043);
#2348=LINE('',#16870,#4044);
#2349=LINE('',#16872,#4045);
#2350=LINE('',#16874,#4046);
#2351=LINE('',#16875,#4047);
#2352=LINE('',#16879,#4048);
#2353=LINE('',#16881,#4049);
#2354=LINE('',#16883,#4050);
#2355=LINE('',#16884,#4051);
#2356=LINE('',#16888,#4052);
#2357=LINE('',#16889,#4053);
#2358=LINE('',#16890,#4054);
#2359=LINE('',#16894,#4055);
#2360=LINE('',#16896,#4056);
#2361=LINE('',#16898,#4057);
#2362=LINE('',#16899,#4058);
#2363=LINE('',#16902,#4059);
#2364=LINE('',#16904,#4060);
#2365=LINE('',#16905,#4061);
#2366=LINE('',#16909,#4062);
#2367=LINE('',#16911,#4063);
#2368=LINE('',#16913,#4064);
#2369=LINE('',#16914,#4065);
#2370=LINE('',#16917,#4066);
#2371=LINE('',#16919,#4067);
#2372=LINE('',#16920,#4068);
#2373=LINE('',#16922,#4069);
#2374=LINE('',#16923,#4070);
#2375=LINE('',#16926,#4071);
#2376=LINE('',#16928,#4072);
#2377=LINE('',#16929,#4073);
#2378=LINE('',#16931,#4074);
#2379=LINE('',#16932,#4075);
#2380=LINE('',#16936,#4076);
#2381=LINE('',#16938,#4077);
#2382=LINE('',#16940,#4078);
#2383=LINE('',#16941,#4079);
#2384=LINE('',#16944,#4080);
#2385=LINE('',#16946,#4081);
#2386=LINE('',#16947,#4082);
#2387=LINE('',#16950,#4083);
#2388=LINE('',#16952,#4084);
#2389=LINE('',#16953,#4085);
#2390=LINE('',#16956,#4086);
#2391=LINE('',#16958,#4087);
#2392=LINE('',#16959,#4088);
#2393=LINE('',#16962,#4089);
#2394=LINE('',#16964,#4090);
#2395=LINE('',#16965,#4091);
#2396=LINE('',#16968,#4092);
#2397=LINE('',#16970,#4093);
#2398=LINE('',#16971,#4094);
#2399=LINE('',#16973,#4095);
#2400=LINE('',#16975,#4096);
#2401=LINE('',#16977,#4097);
#2402=LINE('',#16978,#4098);
#2403=LINE('',#16981,#4099);
#2404=LINE('',#16983,#4100);
#2405=LINE('',#16985,#4101);
#2406=LINE('',#16987,#4102);
#2407=LINE('',#16989,#4103);
#2408=LINE('',#16991,#4104);
#2409=LINE('',#16993,#4105);
#2410=LINE('',#16994,#4106);
#2411=LINE('',#16997,#4107);
#2412=LINE('',#16999,#4108);
#2413=LINE('',#17001,#4109);
#2414=LINE('',#17003,#4110);
#2415=LINE('',#17005,#4111);
#2416=LINE('',#17007,#4112);
#2417=LINE('',#17009,#4113);
#2418=LINE('',#17011,#4114);
#2419=LINE('',#17013,#4115);
#2420=LINE('',#17015,#4116);
#2421=LINE('',#17017,#4117);
#2422=LINE('',#17018,#4118);
#2423=LINE('',#17021,#4119);
#2424=LINE('',#17023,#4120);
#2425=LINE('',#17025,#4121);
#2426=LINE('',#17027,#4122);
#2427=LINE('',#17029,#4123);
#2428=LINE('',#17031,#4124);
#2429=LINE('',#17033,#4125);
#2430=LINE('',#17035,#4126);
#2431=LINE('',#17037,#4127);
#2432=LINE('',#17039,#4128);
#2433=LINE('',#17041,#4129);
#2434=LINE('',#17042,#4130);
#2435=LINE('',#17044,#4131);
#2436=LINE('',#17045,#4132);
#2437=LINE('',#17047,#4133);
#2438=LINE('',#17049,#4134);
#2439=LINE('',#17051,#4135);
#2440=LINE('',#17053,#4136);
#2441=LINE('',#17054,#4137);
#2442=LINE('',#17055,#4138);
#2443=LINE('',#17058,#4139);
#2444=LINE('',#17060,#4140);
#2445=LINE('',#17061,#4141);
#2446=LINE('',#17064,#4142);
#2447=LINE('',#17066,#4143);
#2448=LINE('',#17067,#4144);
#2449=LINE('',#17070,#4145);
#2450=LINE('',#17072,#4146);
#2451=LINE('',#17073,#4147);
#2452=LINE('',#17075,#4148);
#2453=LINE('',#17077,#4149);
#2454=LINE('',#17078,#4150);
#2455=LINE('',#17080,#4151);
#2456=LINE('',#17082,#4152);
#2457=LINE('',#17083,#4153);
#2458=LINE('',#17087,#4154);
#2459=LINE('',#17091,#4155);
#2460=LINE('',#17093,#4156);
#2461=LINE('',#17094,#4157);
#2462=LINE('',#17096,#4158);
#2463=LINE('',#17099,#4159);
#2464=LINE('',#17100,#4160);
#2465=LINE('',#17103,#4161);
#2466=LINE('',#17104,#4162);
#2467=LINE('',#17106,#4163);
#2468=LINE('',#17109,#4164);
#2469=LINE('',#17110,#4165);
#2470=LINE('',#17112,#4166);
#2471=LINE('',#17114,#4167);
#2472=LINE('',#17118,#4168);
#2473=LINE('',#17120,#4169);
#2474=LINE('',#17121,#4170);
#2475=LINE('',#17124,#4171);
#2476=LINE('',#17126,#4172);
#2477=LINE('',#17127,#4173);
#2478=LINE('',#17130,#4174);
#2479=LINE('',#17131,#4175);
#2480=LINE('',#17134,#4176);
#2481=LINE('',#17135,#4177);
#2482=LINE('',#17138,#4178);
#2483=LINE('',#17139,#4179);
#2484=LINE('',#17142,#4180);
#2485=LINE('',#17144,#4181);
#2486=LINE('',#17145,#4182);
#2487=LINE('',#17147,#4183);
#2488=LINE('',#17149,#4184);
#2489=LINE('',#17152,#4185);
#2490=LINE('',#17153,#4186);
#2491=LINE('',#17156,#4187);
#2492=LINE('',#17157,#4188);
#2493=LINE('',#17160,#4189);
#2494=LINE('',#17161,#4190);
#2495=LINE('',#17163,#4191);
#2496=LINE('',#17167,#4192);
#2497=LINE('',#17169,#4193);
#2498=LINE('',#17170,#4194);
#2499=LINE('',#17173,#4195);
#2500=LINE('',#17175,#4196);
#2501=LINE('',#17176,#4197);
#2502=LINE('',#17179,#4198);
#2503=LINE('',#17180,#4199);
#2504=LINE('',#17183,#4200);
#2505=LINE('',#17184,#4201);
#2506=LINE('',#17187,#4202);
#2507=LINE('',#17188,#4203);
#2508=LINE('',#17191,#4204);
#2509=LINE('',#17193,#4205);
#2510=LINE('',#17194,#4206);
#2511=LINE('',#17196,#4207);
#2512=LINE('',#17198,#4208);
#2513=LINE('',#17201,#4209);
#2514=LINE('',#17202,#4210);
#2515=LINE('',#17205,#4211);
#2516=LINE('',#17206,#4212);
#2517=LINE('',#17209,#4213);
#2518=LINE('',#17210,#4214);
#2519=LINE('',#17212,#4215);
#2520=LINE('',#17215,#4216);
#2521=LINE('',#17216,#4217);
#2522=LINE('',#17225,#4218);
#2523=LINE('',#17231,#4219);
#2524=LINE('',#17237,#4220);
#2525=LINE('',#17243,#4221);
#2526=LINE('',#17248,#4222);
#2527=LINE('',#17252,#4223);
#2528=LINE('',#17257,#4224);
#2529=LINE('',#17261,#4225);
#2530=LINE('',#17266,#4226);
#2531=LINE('',#17270,#4227);
#2532=LINE('',#17275,#4228);
#2533=LINE('',#17279,#4229);
#2534=LINE('',#17284,#4230);
#2535=LINE('',#17288,#4231);
#2536=LINE('',#17293,#4232);
#2537=LINE('',#17297,#4233);
#2538=LINE('',#17302,#4234);
#2539=LINE('',#17306,#4235);
#2540=LINE('',#17311,#4236);
#2541=LINE('',#17315,#4237);
#2542=LINE('',#17320,#4238);
#2543=LINE('',#17324,#4239);
#2544=LINE('',#17329,#4240);
#2545=LINE('',#17333,#4241);
#2546=LINE('',#17338,#4242);
#2547=LINE('',#17342,#4243);
#2548=LINE('',#17347,#4244);
#2549=LINE('',#17351,#4245);
#2550=LINE('',#17355,#4246);
#2551=LINE('',#17357,#4247);
#2552=LINE('',#17358,#4248);
#2553=LINE('',#17361,#4249);
#2554=LINE('',#17363,#4250);
#2555=LINE('',#17364,#4251);
#2556=LINE('',#17366,#4252);
#2557=LINE('',#17367,#4253);
#2558=LINE('',#17369,#4254);
#2559=LINE('',#17370,#4255);
#2560=LINE('',#17373,#4256);
#2561=LINE('',#17375,#4257);
#2562=LINE('',#17376,#4258);
#2563=LINE('',#17379,#4259);
#2564=LINE('',#17381,#4260);
#2565=LINE('',#17382,#4261);
#2566=LINE('',#17384,#4262);
#2567=LINE('',#17385,#4263);
#2568=LINE('',#17387,#4264);
#2569=LINE('',#17388,#4265);
#2570=LINE('',#17390,#4266);
#2571=LINE('',#17391,#4267);
#2572=LINE('',#17393,#4268);
#2573=LINE('',#17395,#4269);
#2574=LINE('',#17399,#4270);
#2575=LINE('',#17401,#4271);
#2576=LINE('',#17403,#4272);
#2577=LINE('',#17405,#4273);
#2578=LINE('',#17406,#4274);
#2579=LINE('',#17408,#4275);
#2580=LINE('',#17410,#4276);
#2581=LINE('',#17412,#4277);
#2582=LINE('',#17414,#4278);
#2583=LINE('',#17416,#4279);
#2584=LINE('',#17418,#4280);
#2585=LINE('',#17420,#4281);
#2586=LINE('',#17424,#4282);
#2587=LINE('',#17428,#4283);
#2588=LINE('',#17432,#4284);
#2589=LINE('',#17434,#4285);
#2590=LINE('',#17435,#4286);
#2591=LINE('',#17439,#4287);
#2592=LINE('',#17444,#4288);
#2593=LINE('',#17446,#4289);
#2594=LINE('',#17447,#4290);
#2595=LINE('',#17451,#4291);
#2596=LINE('',#17456,#4292);
#2597=LINE('',#17458,#4293);
#2598=LINE('',#17459,#4294);
#2599=LINE('',#17463,#4295);
#2600=LINE('',#17467,#4296);
#2601=LINE('',#17468,#4297);
#2602=LINE('',#17471,#4298);
#2603=LINE('',#17473,#4299);
#2604=LINE('',#17474,#4300);
#2605=LINE('',#17477,#4301);
#2606=LINE('',#17481,#4302);
#2607=LINE('',#17482,#4303);
#2608=LINE('',#17485,#4304);
#2609=LINE('',#17490,#4305);
#2610=LINE('',#17491,#4306);
#2611=LINE('',#17495,#4307);
#2612=LINE('',#17498,#4308);
#2613=LINE('',#17501,#4309);
#2614=LINE('',#17507,#4310);
#2615=LINE('',#17509,#4311);
#2616=LINE('',#17511,#4312);
#2617=LINE('',#17512,#4313);
#2618=LINE('',#17515,#4314);
#2619=LINE('',#17517,#4315);
#2620=LINE('',#17518,#4316);
#2621=LINE('',#17521,#4317);
#2622=LINE('',#17523,#4318);
#2623=LINE('',#17524,#4319);
#2624=LINE('',#17527,#4320);
#2625=LINE('',#17529,#4321);
#2626=LINE('',#17530,#4322);
#2627=LINE('',#17533,#4323);
#2628=LINE('',#17535,#4324);
#2629=LINE('',#17536,#4325);
#2630=LINE('',#17538,#4326);
#2631=LINE('',#17539,#4327);
#2632=LINE('',#17543,#4328);
#2633=LINE('',#17545,#4329);
#2634=LINE('',#17547,#4330);
#2635=LINE('',#17548,#4331);
#2636=LINE('',#17551,#4332);
#2637=LINE('',#17553,#4333);
#2638=LINE('',#17554,#4334);
#2639=LINE('',#17557,#4335);
#2640=LINE('',#17559,#4336);
#2641=LINE('',#17560,#4337);
#2642=LINE('',#17563,#4338);
#2643=LINE('',#17565,#4339);
#2644=LINE('',#17566,#4340);
#2645=LINE('',#17569,#4341);
#2646=LINE('',#17571,#4342);
#2647=LINE('',#17572,#4343);
#2648=LINE('',#17574,#4344);
#2649=LINE('',#17575,#4345);
#2650=LINE('',#17579,#4346);
#2651=LINE('',#17581,#4347);
#2652=LINE('',#17583,#4348);
#2653=LINE('',#17584,#4349);
#2654=LINE('',#17587,#4350);
#2655=LINE('',#17589,#4351);
#2656=LINE('',#17590,#4352);
#2657=LINE('',#17593,#4353);
#2658=LINE('',#17595,#4354);
#2659=LINE('',#17596,#4355);
#2660=LINE('',#17599,#4356);
#2661=LINE('',#17601,#4357);
#2662=LINE('',#17602,#4358);
#2663=LINE('',#17605,#4359);
#2664=LINE('',#17607,#4360);
#2665=LINE('',#17608,#4361);
#2666=LINE('',#17610,#4362);
#2667=LINE('',#17611,#4363);
#2668=LINE('',#17615,#4364);
#2669=LINE('',#17617,#4365);
#2670=LINE('',#17619,#4366);
#2671=LINE('',#17620,#4367);
#2672=LINE('',#17623,#4368);
#2673=LINE('',#17625,#4369);
#2674=LINE('',#17626,#4370);
#2675=LINE('',#17629,#4371);
#2676=LINE('',#17631,#4372);
#2677=LINE('',#17632,#4373);
#2678=LINE('',#17635,#4374);
#2679=LINE('',#17637,#4375);
#2680=LINE('',#17638,#4376);
#2681=LINE('',#17641,#4377);
#2682=LINE('',#17643,#4378);
#2683=LINE('',#17644,#4379);
#2684=LINE('',#17646,#4380);
#2685=LINE('',#17647,#4381);
#2686=LINE('',#17651,#4382);
#2687=LINE('',#17653,#4383);
#2688=LINE('',#17655,#4384);
#2689=LINE('',#17656,#4385);
#2690=LINE('',#17659,#4386);
#2691=LINE('',#17661,#4387);
#2692=LINE('',#17662,#4388);
#2693=LINE('',#17665,#4389);
#2694=LINE('',#17667,#4390);
#2695=LINE('',#17668,#4391);
#2696=LINE('',#17671,#4392);
#2697=LINE('',#17673,#4393);
#2698=LINE('',#17674,#4394);
#2699=LINE('',#17677,#4395);
#2700=LINE('',#17679,#4396);
#2701=LINE('',#17680,#4397);
#2702=LINE('',#17682,#4398);
#2703=LINE('',#17683,#4399);
#2704=LINE('',#17687,#4400);
#2705=LINE('',#17689,#4401);
#2706=LINE('',#17691,#4402);
#2707=LINE('',#17692,#4403);
#2708=LINE('',#17695,#4404);
#2709=LINE('',#17697,#4405);
#2710=LINE('',#17698,#4406);
#2711=LINE('',#17701,#4407);
#2712=LINE('',#17703,#4408);
#2713=LINE('',#17704,#4409);
#2714=LINE('',#17707,#4410);
#2715=LINE('',#17709,#4411);
#2716=LINE('',#17710,#4412);
#2717=LINE('',#17713,#4413);
#2718=LINE('',#17715,#4414);
#2719=LINE('',#17716,#4415);
#2720=LINE('',#17718,#4416);
#2721=LINE('',#17719,#4417);
#2722=LINE('',#17723,#4418);
#2723=LINE('',#17725,#4419);
#2724=LINE('',#17727,#4420);
#2725=LINE('',#17728,#4421);
#2726=LINE('',#17731,#4422);
#2727=LINE('',#17733,#4423);
#2728=LINE('',#17734,#4424);
#2729=LINE('',#17737,#4425);
#2730=LINE('',#17739,#4426);
#2731=LINE('',#17740,#4427);
#2732=LINE('',#17743,#4428);
#2733=LINE('',#17745,#4429);
#2734=LINE('',#17746,#4430);
#2735=LINE('',#17749,#4431);
#2736=LINE('',#17751,#4432);
#2737=LINE('',#17752,#4433);
#2738=LINE('',#17754,#4434);
#2739=LINE('',#17755,#4435);
#2740=LINE('',#17759,#4436);
#2741=LINE('',#17761,#4437);
#2742=LINE('',#17763,#4438);
#2743=LINE('',#17764,#4439);
#2744=LINE('',#17767,#4440);
#2745=LINE('',#17769,#4441);
#2746=LINE('',#17770,#4442);
#2747=LINE('',#17773,#4443);
#2748=LINE('',#17775,#4444);
#2749=LINE('',#17776,#4445);
#2750=LINE('',#17779,#4446);
#2751=LINE('',#17781,#4447);
#2752=LINE('',#17782,#4448);
#2753=LINE('',#17785,#4449);
#2754=LINE('',#17787,#4450);
#2755=LINE('',#17788,#4451);
#2756=LINE('',#17790,#4452);
#2757=LINE('',#17791,#4453);
#2758=LINE('',#17795,#4454);
#2759=LINE('',#17797,#4455);
#2760=LINE('',#17799,#4456);
#2761=LINE('',#17800,#4457);
#2762=LINE('',#17803,#4458);
#2763=LINE('',#17805,#4459);
#2764=LINE('',#17806,#4460);
#2765=LINE('',#17809,#4461);
#2766=LINE('',#17811,#4462);
#2767=LINE('',#17812,#4463);
#2768=LINE('',#17815,#4464);
#2769=LINE('',#17817,#4465);
#2770=LINE('',#17818,#4466);
#2771=LINE('',#17821,#4467);
#2772=LINE('',#17823,#4468);
#2773=LINE('',#17824,#4469);
#2774=LINE('',#17826,#4470);
#2775=LINE('',#17827,#4471);
#2776=LINE('',#17831,#4472);
#2777=LINE('',#17833,#4473);
#2778=LINE('',#17835,#4474);
#2779=LINE('',#17836,#4475);
#2780=LINE('',#17839,#4476);
#2781=LINE('',#17841,#4477);
#2782=LINE('',#17842,#4478);
#2783=LINE('',#17845,#4479);
#2784=LINE('',#17847,#4480);
#2785=LINE('',#17848,#4481);
#2786=LINE('',#17851,#4482);
#2787=LINE('',#17853,#4483);
#2788=LINE('',#17854,#4484);
#2789=LINE('',#17857,#4485);
#2790=LINE('',#17859,#4486);
#2791=LINE('',#17860,#4487);
#2792=LINE('',#17862,#4488);
#2793=LINE('',#17863,#4489);
#2794=LINE('',#17867,#4490);
#2795=LINE('',#17869,#4491);
#2796=LINE('',#17871,#4492);
#2797=LINE('',#17872,#4493);
#2798=LINE('',#17875,#4494);
#2799=LINE('',#17877,#4495);
#2800=LINE('',#17878,#4496);
#2801=LINE('',#17881,#4497);
#2802=LINE('',#17883,#4498);
#2803=LINE('',#17884,#4499);
#2804=LINE('',#17887,#4500);
#2805=LINE('',#17889,#4501);
#2806=LINE('',#17890,#4502);
#2807=LINE('',#17893,#4503);
#2808=LINE('',#17895,#4504);
#2809=LINE('',#17896,#4505);
#2810=LINE('',#17898,#4506);
#2811=LINE('',#17899,#4507);
#2812=LINE('',#17903,#4508);
#2813=LINE('',#17905,#4509);
#2814=LINE('',#17907,#4510);
#2815=LINE('',#17908,#4511);
#2816=LINE('',#17911,#4512);
#2817=LINE('',#17913,#4513);
#2818=LINE('',#17914,#4514);
#2819=LINE('',#17917,#4515);
#2820=LINE('',#17919,#4516);
#2821=LINE('',#17920,#4517);
#2822=LINE('',#17923,#4518);
#2823=LINE('',#17925,#4519);
#2824=LINE('',#17926,#4520);
#2825=LINE('',#17929,#4521);
#2826=LINE('',#17931,#4522);
#2827=LINE('',#17932,#4523);
#2828=LINE('',#17934,#4524);
#2829=LINE('',#17935,#4525);
#2830=LINE('',#17939,#4526);
#2831=LINE('',#17941,#4527);
#2832=LINE('',#17943,#4528);
#2833=LINE('',#17944,#4529);
#2834=LINE('',#17947,#4530);
#2835=LINE('',#17949,#4531);
#2836=LINE('',#17950,#4532);
#2837=LINE('',#17953,#4533);
#2838=LINE('',#17955,#4534);
#2839=LINE('',#17956,#4535);
#2840=LINE('',#17959,#4536);
#2841=LINE('',#17961,#4537);
#2842=LINE('',#17962,#4538);
#2843=LINE('',#17965,#4539);
#2844=LINE('',#17967,#4540);
#2845=LINE('',#17968,#4541);
#2846=LINE('',#17970,#4542);
#2847=LINE('',#17971,#4543);
#2848=LINE('',#17975,#4544);
#2849=LINE('',#17977,#4545);
#2850=LINE('',#17979,#4546);
#2851=LINE('',#17980,#4547);
#2852=LINE('',#17983,#4548);
#2853=LINE('',#17985,#4549);
#2854=LINE('',#17986,#4550);
#2855=LINE('',#17989,#4551);
#2856=LINE('',#17991,#4552);
#2857=LINE('',#17992,#4553);
#2858=LINE('',#17995,#4554);
#2859=LINE('',#17997,#4555);
#2860=LINE('',#17998,#4556);
#2861=LINE('',#18001,#4557);
#2862=LINE('',#18003,#4558);
#2863=LINE('',#18004,#4559);
#2864=LINE('',#18006,#4560);
#2865=LINE('',#18007,#4561);
#2866=LINE('',#18011,#4562);
#2867=LINE('',#18013,#4563);
#2868=LINE('',#18015,#4564);
#2869=LINE('',#18016,#4565);
#2870=LINE('',#18019,#4566);
#2871=LINE('',#18021,#4567);
#2872=LINE('',#18022,#4568);
#2873=LINE('',#18025,#4569);
#2874=LINE('',#18027,#4570);
#2875=LINE('',#18028,#4571);
#2876=LINE('',#18031,#4572);
#2877=LINE('',#18033,#4573);
#2878=LINE('',#18034,#4574);
#2879=LINE('',#18037,#4575);
#2880=LINE('',#18039,#4576);
#2881=LINE('',#18040,#4577);
#2882=LINE('',#18042,#4578);
#2883=LINE('',#18043,#4579);
#2884=LINE('',#18047,#4580);
#2885=LINE('',#18049,#4581);
#2886=LINE('',#18051,#4582);
#2887=LINE('',#18052,#4583);
#2888=LINE('',#18055,#4584);
#2889=LINE('',#18057,#4585);
#2890=LINE('',#18058,#4586);
#2891=LINE('',#18061,#4587);
#2892=LINE('',#18063,#4588);
#2893=LINE('',#18064,#4589);
#2894=LINE('',#18067,#4590);
#2895=LINE('',#18069,#4591);
#2896=LINE('',#18070,#4592);
#2897=LINE('',#18073,#4593);
#2898=LINE('',#18075,#4594);
#2899=LINE('',#18076,#4595);
#2900=LINE('',#18078,#4596);
#2901=LINE('',#18079,#4597);
#2902=LINE('',#18083,#4598);
#2903=LINE('',#18085,#4599);
#2904=LINE('',#18087,#4600);
#2905=LINE('',#18088,#4601);
#2906=LINE('',#18091,#4602);
#2907=LINE('',#18093,#4603);
#2908=LINE('',#18094,#4604);
#2909=LINE('',#18097,#4605);
#2910=LINE('',#18099,#4606);
#2911=LINE('',#18100,#4607);
#2912=LINE('',#18103,#4608);
#2913=LINE('',#18105,#4609);
#2914=LINE('',#18106,#4610);
#2915=LINE('',#18109,#4611);
#2916=LINE('',#18111,#4612);
#2917=LINE('',#18112,#4613);
#2918=LINE('',#18114,#4614);
#2919=LINE('',#18115,#4615);
#2920=LINE('',#18119,#4616);
#2921=LINE('',#18121,#4617);
#2922=LINE('',#18123,#4618);
#2923=LINE('',#18124,#4619);
#2924=LINE('',#18127,#4620);
#2925=LINE('',#18129,#4621);
#2926=LINE('',#18130,#4622);
#2927=LINE('',#18133,#4623);
#2928=LINE('',#18135,#4624);
#2929=LINE('',#18136,#4625);
#2930=LINE('',#18139,#4626);
#2931=LINE('',#18141,#4627);
#2932=LINE('',#18142,#4628);
#2933=LINE('',#18145,#4629);
#2934=LINE('',#18147,#4630);
#2935=LINE('',#18148,#4631);
#2936=LINE('',#18150,#4632);
#2937=LINE('',#18151,#4633);
#2938=LINE('',#18155,#4634);
#2939=LINE('',#18157,#4635);
#2940=LINE('',#18159,#4636);
#2941=LINE('',#18160,#4637);
#2942=LINE('',#18163,#4638);
#2943=LINE('',#18165,#4639);
#2944=LINE('',#18166,#4640);
#2945=LINE('',#18169,#4641);
#2946=LINE('',#18171,#4642);
#2947=LINE('',#18172,#4643);
#2948=LINE('',#18175,#4644);
#2949=LINE('',#18177,#4645);
#2950=LINE('',#18178,#4646);
#2951=LINE('',#18181,#4647);
#2952=LINE('',#18183,#4648);
#2953=LINE('',#18184,#4649);
#2954=LINE('',#18186,#4650);
#2955=LINE('',#18187,#4651);
#2956=LINE('',#18191,#4652);
#2957=LINE('',#18193,#4653);
#2958=LINE('',#18195,#4654);
#2959=LINE('',#18196,#4655);
#2960=LINE('',#18199,#4656);
#2961=LINE('',#18201,#4657);
#2962=LINE('',#18202,#4658);
#2963=LINE('',#18205,#4659);
#2964=LINE('',#18207,#4660);
#2965=LINE('',#18208,#4661);
#2966=LINE('',#18211,#4662);
#2967=LINE('',#18213,#4663);
#2968=LINE('',#18214,#4664);
#2969=LINE('',#18217,#4665);
#2970=LINE('',#18219,#4666);
#2971=LINE('',#18220,#4667);
#2972=LINE('',#18222,#4668);
#2973=LINE('',#18223,#4669);
#2974=LINE('',#18227,#4670);
#2975=LINE('',#18229,#4671);
#2976=LINE('',#18231,#4672);
#2977=LINE('',#18232,#4673);
#2978=LINE('',#18235,#4674);
#2979=LINE('',#18237,#4675);
#2980=LINE('',#18238,#4676);
#2981=LINE('',#18241,#4677);
#2982=LINE('',#18243,#4678);
#2983=LINE('',#18244,#4679);
#2984=LINE('',#18247,#4680);
#2985=LINE('',#18249,#4681);
#2986=LINE('',#18250,#4682);
#2987=LINE('',#18253,#4683);
#2988=LINE('',#18255,#4684);
#2989=LINE('',#18256,#4685);
#2990=LINE('',#18258,#4686);
#2991=LINE('',#18259,#4687);
#2992=LINE('',#18263,#4688);
#2993=LINE('',#18265,#4689);
#2994=LINE('',#18267,#4690);
#2995=LINE('',#18268,#4691);
#2996=LINE('',#18271,#4692);
#2997=LINE('',#18273,#4693);
#2998=LINE('',#18274,#4694);
#2999=LINE('',#18277,#4695);
#3000=LINE('',#18279,#4696);
#3001=LINE('',#18280,#4697);
#3002=LINE('',#18283,#4698);
#3003=LINE('',#18285,#4699);
#3004=LINE('',#18286,#4700);
#3005=LINE('',#18289,#4701);
#3006=LINE('',#18291,#4702);
#3007=LINE('',#18292,#4703);
#3008=LINE('',#18294,#4704);
#3009=LINE('',#18295,#4705);
#3010=LINE('',#18299,#4706);
#3011=LINE('',#18301,#4707);
#3012=LINE('',#18303,#4708);
#3013=LINE('',#18304,#4709);
#3014=LINE('',#18307,#4710);
#3015=LINE('',#18309,#4711);
#3016=LINE('',#18310,#4712);
#3017=LINE('',#18313,#4713);
#3018=LINE('',#18315,#4714);
#3019=LINE('',#18316,#4715);
#3020=LINE('',#18319,#4716);
#3021=LINE('',#18321,#4717);
#3022=LINE('',#18322,#4718);
#3023=LINE('',#18325,#4719);
#3024=LINE('',#18327,#4720);
#3025=LINE('',#18328,#4721);
#3026=LINE('',#18330,#4722);
#3027=LINE('',#18331,#4723);
#3028=LINE('',#18335,#4724);
#3029=LINE('',#18337,#4725);
#3030=LINE('',#18339,#4726);
#3031=LINE('',#18340,#4727);
#3032=LINE('',#18343,#4728);
#3033=LINE('',#18345,#4729);
#3034=LINE('',#18346,#4730);
#3035=LINE('',#18349,#4731);
#3036=LINE('',#18351,#4732);
#3037=LINE('',#18352,#4733);
#3038=LINE('',#18355,#4734);
#3039=LINE('',#18357,#4735);
#3040=LINE('',#18358,#4736);
#3041=LINE('',#18361,#4737);
#3042=LINE('',#18363,#4738);
#3043=LINE('',#18364,#4739);
#3044=LINE('',#18366,#4740);
#3045=LINE('',#18367,#4741);
#3046=LINE('',#18371,#4742);
#3047=LINE('',#18373,#4743);
#3048=LINE('',#18375,#4744);
#3049=LINE('',#18376,#4745);
#3050=LINE('',#18379,#4746);
#3051=LINE('',#18381,#4747);
#3052=LINE('',#18382,#4748);
#3053=LINE('',#18385,#4749);
#3054=LINE('',#18387,#4750);
#3055=LINE('',#18388,#4751);
#3056=LINE('',#18391,#4752);
#3057=LINE('',#18393,#4753);
#3058=LINE('',#18394,#4754);
#3059=LINE('',#18397,#4755);
#3060=LINE('',#18399,#4756);
#3061=LINE('',#18400,#4757);
#3062=LINE('',#18402,#4758);
#3063=LINE('',#18403,#4759);
#3064=LINE('',#18407,#4760);
#3065=LINE('',#18409,#4761);
#3066=LINE('',#18411,#4762);
#3067=LINE('',#18412,#4763);
#3068=LINE('',#18415,#4764);
#3069=LINE('',#18417,#4765);
#3070=LINE('',#18418,#4766);
#3071=LINE('',#18421,#4767);
#3072=LINE('',#18423,#4768);
#3073=LINE('',#18424,#4769);
#3074=LINE('',#18427,#4770);
#3075=LINE('',#18429,#4771);
#3076=LINE('',#18430,#4772);
#3077=LINE('',#18433,#4773);
#3078=LINE('',#18435,#4774);
#3079=LINE('',#18436,#4775);
#3080=LINE('',#18438,#4776);
#3081=LINE('',#18439,#4777);
#3082=LINE('',#18443,#4778);
#3083=LINE('',#18445,#4779);
#3084=LINE('',#18447,#4780);
#3085=LINE('',#18448,#4781);
#3086=LINE('',#18451,#4782);
#3087=LINE('',#18453,#4783);
#3088=LINE('',#18454,#4784);
#3089=LINE('',#18457,#4785);
#3090=LINE('',#18459,#4786);
#3091=LINE('',#18460,#4787);
#3092=LINE('',#18463,#4788);
#3093=LINE('',#18465,#4789);
#3094=LINE('',#18466,#4790);
#3095=LINE('',#18469,#4791);
#3096=LINE('',#18471,#4792);
#3097=LINE('',#18472,#4793);
#3098=LINE('',#18474,#4794);
#3099=LINE('',#18475,#4795);
#3100=LINE('',#18479,#4796);
#3101=LINE('',#18481,#4797);
#3102=LINE('',#18483,#4798);
#3103=LINE('',#18484,#4799);
#3104=LINE('',#18487,#4800);
#3105=LINE('',#18489,#4801);
#3106=LINE('',#18490,#4802);
#3107=LINE('',#18493,#4803);
#3108=LINE('',#18495,#4804);
#3109=LINE('',#18496,#4805);
#3110=LINE('',#18499,#4806);
#3111=LINE('',#18501,#4807);
#3112=LINE('',#18502,#4808);
#3113=LINE('',#18505,#4809);
#3114=LINE('',#18507,#4810);
#3115=LINE('',#18508,#4811);
#3116=LINE('',#18510,#4812);
#3117=LINE('',#18511,#4813);
#3118=LINE('',#18515,#4814);
#3119=LINE('',#18517,#4815);
#3120=LINE('',#18519,#4816);
#3121=LINE('',#18520,#4817);
#3122=LINE('',#18523,#4818);
#3123=LINE('',#18525,#4819);
#3124=LINE('',#18526,#4820);
#3125=LINE('',#18529,#4821);
#3126=LINE('',#18531,#4822);
#3127=LINE('',#18532,#4823);
#3128=LINE('',#18535,#4824);
#3129=LINE('',#18537,#4825);
#3130=LINE('',#18538,#4826);
#3131=LINE('',#18541,#4827);
#3132=LINE('',#18543,#4828);
#3133=LINE('',#18544,#4829);
#3134=LINE('',#18546,#4830);
#3135=LINE('',#18547,#4831);
#3136=LINE('',#18551,#4832);
#3137=LINE('',#18553,#4833);
#3138=LINE('',#18555,#4834);
#3139=LINE('',#18556,#4835);
#3140=LINE('',#18559,#4836);
#3141=LINE('',#18561,#4837);
#3142=LINE('',#18562,#4838);
#3143=LINE('',#18565,#4839);
#3144=LINE('',#18567,#4840);
#3145=LINE('',#18568,#4841);
#3146=LINE('',#18571,#4842);
#3147=LINE('',#18573,#4843);
#3148=LINE('',#18574,#4844);
#3149=LINE('',#18577,#4845);
#3150=LINE('',#18579,#4846);
#3151=LINE('',#18580,#4847);
#3152=LINE('',#18582,#4848);
#3153=LINE('',#18583,#4849);
#3154=LINE('',#18587,#4850);
#3155=LINE('',#18589,#4851);
#3156=LINE('',#18591,#4852);
#3157=LINE('',#18592,#4853);
#3158=LINE('',#18595,#4854);
#3159=LINE('',#18597,#4855);
#3160=LINE('',#18598,#4856);
#3161=LINE('',#18601,#4857);
#3162=LINE('',#18603,#4858);
#3163=LINE('',#18604,#4859);
#3164=LINE('',#18607,#4860);
#3165=LINE('',#18609,#4861);
#3166=LINE('',#18610,#4862);
#3167=LINE('',#18613,#4863);
#3168=LINE('',#18615,#4864);
#3169=LINE('',#18616,#4865);
#3170=LINE('',#18618,#4866);
#3171=LINE('',#18619,#4867);
#3172=LINE('',#18623,#4868);
#3173=LINE('',#18625,#4869);
#3174=LINE('',#18627,#4870);
#3175=LINE('',#18628,#4871);
#3176=LINE('',#18631,#4872);
#3177=LINE('',#18633,#4873);
#3178=LINE('',#18634,#4874);
#3179=LINE('',#18637,#4875);
#3180=LINE('',#18639,#4876);
#3181=LINE('',#18640,#4877);
#3182=LINE('',#18643,#4878);
#3183=LINE('',#18645,#4879);
#3184=LINE('',#18646,#4880);
#3185=LINE('',#18649,#4881);
#3186=LINE('',#18651,#4882);
#3187=LINE('',#18652,#4883);
#3188=LINE('',#18654,#4884);
#3189=LINE('',#18655,#4885);
#3190=LINE('',#18659,#4886);
#3191=LINE('',#18661,#4887);
#3192=LINE('',#18663,#4888);
#3193=LINE('',#18664,#4889);
#3194=LINE('',#18667,#4890);
#3195=LINE('',#18669,#4891);
#3196=LINE('',#18670,#4892);
#3197=LINE('',#18673,#4893);
#3198=LINE('',#18675,#4894);
#3199=LINE('',#18676,#4895);
#3200=LINE('',#18679,#4896);
#3201=LINE('',#18681,#4897);
#3202=LINE('',#18682,#4898);
#3203=LINE('',#18685,#4899);
#3204=LINE('',#18687,#4900);
#3205=LINE('',#18688,#4901);
#3206=LINE('',#18690,#4902);
#3207=LINE('',#18691,#4903);
#3208=LINE('',#18695,#4904);
#3209=LINE('',#18697,#4905);
#3210=LINE('',#18699,#4906);
#3211=LINE('',#18700,#4907);
#3212=LINE('',#18703,#4908);
#3213=LINE('',#18705,#4909);
#3214=LINE('',#18706,#4910);
#3215=LINE('',#18709,#4911);
#3216=LINE('',#18711,#4912);
#3217=LINE('',#18712,#4913);
#3218=LINE('',#18715,#4914);
#3219=LINE('',#18717,#4915);
#3220=LINE('',#18718,#4916);
#3221=LINE('',#18721,#4917);
#3222=LINE('',#18723,#4918);
#3223=LINE('',#18724,#4919);
#3224=LINE('',#18726,#4920);
#3225=LINE('',#18727,#4921);
#3226=LINE('',#18731,#4922);
#3227=LINE('',#18733,#4923);
#3228=LINE('',#18735,#4924);
#3229=LINE('',#18736,#4925);
#3230=LINE('',#18739,#4926);
#3231=LINE('',#18741,#4927);
#3232=LINE('',#18742,#4928);
#3233=LINE('',#18745,#4929);
#3234=LINE('',#18747,#4930);
#3235=LINE('',#18748,#4931);
#3236=LINE('',#18751,#4932);
#3237=LINE('',#18753,#4933);
#3238=LINE('',#18754,#4934);
#3239=LINE('',#18757,#4935);
#3240=LINE('',#18759,#4936);
#3241=LINE('',#18760,#4937);
#3242=LINE('',#18762,#4938);
#3243=LINE('',#18763,#4939);
#3244=LINE('',#18767,#4940);
#3245=LINE('',#18769,#4941);
#3246=LINE('',#18771,#4942);
#3247=LINE('',#18772,#4943);
#3248=LINE('',#18775,#4944);
#3249=LINE('',#18777,#4945);
#3250=LINE('',#18778,#4946);
#3251=LINE('',#18781,#4947);
#3252=LINE('',#18783,#4948);
#3253=LINE('',#18784,#4949);
#3254=LINE('',#18787,#4950);
#3255=LINE('',#18789,#4951);
#3256=LINE('',#18790,#4952);
#3257=LINE('',#18793,#4953);
#3258=LINE('',#18795,#4954);
#3259=LINE('',#18796,#4955);
#3260=LINE('',#18798,#4956);
#3261=LINE('',#18799,#4957);
#3262=LINE('',#18803,#4958);
#3263=LINE('',#18805,#4959);
#3264=LINE('',#18807,#4960);
#3265=LINE('',#18808,#4961);
#3266=LINE('',#18811,#4962);
#3267=LINE('',#18813,#4963);
#3268=LINE('',#18814,#4964);
#3269=LINE('',#18817,#4965);
#3270=LINE('',#18819,#4966);
#3271=LINE('',#18820,#4967);
#3272=LINE('',#18823,#4968);
#3273=LINE('',#18825,#4969);
#3274=LINE('',#18826,#4970);
#3275=LINE('',#18829,#4971);
#3276=LINE('',#18831,#4972);
#3277=LINE('',#18832,#4973);
#3278=LINE('',#18834,#4974);
#3279=LINE('',#18835,#4975);
#3280=LINE('',#18839,#4976);
#3281=LINE('',#18841,#4977);
#3282=LINE('',#18843,#4978);
#3283=LINE('',#18844,#4979);
#3284=LINE('',#18847,#4980);
#3285=LINE('',#18849,#4981);
#3286=LINE('',#18850,#4982);
#3287=LINE('',#18853,#4983);
#3288=LINE('',#18855,#4984);
#3289=LINE('',#18856,#4985);
#3290=LINE('',#18859,#4986);
#3291=LINE('',#18861,#4987);
#3292=LINE('',#18862,#4988);
#3293=LINE('',#18865,#4989);
#3294=LINE('',#18867,#4990);
#3295=LINE('',#18868,#4991);
#3296=LINE('',#18870,#4992);
#3297=LINE('',#18871,#4993);
#3298=LINE('',#18875,#4994);
#3299=LINE('',#18877,#4995);
#3300=LINE('',#18879,#4996);
#3301=LINE('',#18880,#4997);
#3302=LINE('',#18883,#4998);
#3303=LINE('',#18885,#4999);
#3304=LINE('',#18886,#5000);
#3305=LINE('',#18889,#5001);
#3306=LINE('',#18891,#5002);
#3307=LINE('',#18892,#5003);
#3308=LINE('',#18895,#5004);
#3309=LINE('',#18897,#5005);
#3310=LINE('',#18898,#5006);
#3311=LINE('',#18901,#5007);
#3312=LINE('',#18903,#5008);
#3313=LINE('',#18904,#5009);
#3314=LINE('',#18906,#5010);
#3315=LINE('',#18907,#5011);
#3316=LINE('',#18911,#5012);
#3317=LINE('',#18913,#5013);
#3318=LINE('',#18915,#5014);
#3319=LINE('',#18916,#5015);
#3320=LINE('',#18919,#5016);
#3321=LINE('',#18921,#5017);
#3322=LINE('',#18922,#5018);
#3323=LINE('',#18925,#5019);
#3324=LINE('',#18927,#5020);
#3325=LINE('',#18928,#5021);
#3326=LINE('',#18931,#5022);
#3327=LINE('',#18933,#5023);
#3328=LINE('',#18934,#5024);
#3329=LINE('',#18937,#5025);
#3330=LINE('',#18939,#5026);
#3331=LINE('',#18940,#5027);
#3332=LINE('',#18942,#5028);
#3333=LINE('',#18943,#5029);
#3334=LINE('',#18947,#5030);
#3335=LINE('',#18949,#5031);
#3336=LINE('',#18951,#5032);
#3337=LINE('',#18952,#5033);
#3338=LINE('',#18955,#5034);
#3339=LINE('',#18957,#5035);
#3340=LINE('',#18958,#5036);
#3341=LINE('',#18961,#5037);
#3342=LINE('',#18963,#5038);
#3343=LINE('',#18964,#5039);
#3344=LINE('',#18967,#5040);
#3345=LINE('',#18969,#5041);
#3346=LINE('',#18970,#5042);
#3347=LINE('',#18973,#5043);
#3348=LINE('',#18975,#5044);
#3349=LINE('',#18976,#5045);
#3350=LINE('',#18978,#5046);
#3351=LINE('',#18979,#5047);
#3352=LINE('',#18983,#5048);
#3353=LINE('',#18985,#5049);
#3354=LINE('',#18987,#5050);
#3355=LINE('',#18988,#5051);
#3356=LINE('',#18991,#5052);
#3357=LINE('',#18993,#5053);
#3358=LINE('',#18994,#5054);
#3359=LINE('',#18997,#5055);
#3360=LINE('',#18999,#5056);
#3361=LINE('',#19000,#5057);
#3362=LINE('',#19003,#5058);
#3363=LINE('',#19005,#5059);
#3364=LINE('',#19006,#5060);
#3365=LINE('',#19009,#5061);
#3366=LINE('',#19011,#5062);
#3367=LINE('',#19012,#5063);
#3368=LINE('',#19014,#5064);
#3369=LINE('',#19015,#5065);
#3370=LINE('',#19019,#5066);
#3371=LINE('',#19021,#5067);
#3372=LINE('',#19023,#5068);
#3373=LINE('',#19024,#5069);
#3374=LINE('',#19027,#5070);
#3375=LINE('',#19029,#5071);
#3376=LINE('',#19030,#5072);
#3377=LINE('',#19033,#5073);
#3378=LINE('',#19035,#5074);
#3379=LINE('',#19036,#5075);
#3380=LINE('',#19039,#5076);
#3381=LINE('',#19041,#5077);
#3382=LINE('',#19042,#5078);
#3383=LINE('',#19045,#5079);
#3384=LINE('',#19047,#5080);
#3385=LINE('',#19048,#5081);
#3386=LINE('',#19050,#5082);
#3387=LINE('',#19051,#5083);
#3388=LINE('',#19055,#5084);
#3389=LINE('',#19057,#5085);
#3390=LINE('',#19059,#5086);
#3391=LINE('',#19060,#5087);
#3392=LINE('',#19063,#5088);
#3393=LINE('',#19065,#5089);
#3394=LINE('',#19066,#5090);
#3395=LINE('',#19069,#5091);
#3396=LINE('',#19071,#5092);
#3397=LINE('',#19072,#5093);
#3398=LINE('',#19075,#5094);
#3399=LINE('',#19077,#5095);
#3400=LINE('',#19078,#5096);
#3401=LINE('',#19081,#5097);
#3402=LINE('',#19083,#5098);
#3403=LINE('',#19084,#5099);
#3404=LINE('',#19086,#5100);
#3405=LINE('',#19087,#5101);
#3406=LINE('',#19091,#5102);
#3407=LINE('',#19093,#5103);
#3408=LINE('',#19095,#5104);
#3409=LINE('',#19096,#5105);
#3410=LINE('',#19099,#5106);
#3411=LINE('',#19101,#5107);
#3412=LINE('',#19102,#5108);
#3413=LINE('',#19105,#5109);
#3414=LINE('',#19107,#5110);
#3415=LINE('',#19108,#5111);
#3416=LINE('',#19111,#5112);
#3417=LINE('',#19113,#5113);
#3418=LINE('',#19114,#5114);
#3419=LINE('',#19117,#5115);
#3420=LINE('',#19119,#5116);
#3421=LINE('',#19120,#5117);
#3422=LINE('',#19122,#5118);
#3423=LINE('',#19123,#5119);
#3424=LINE('',#19127,#5120);
#3425=LINE('',#19129,#5121);
#3426=LINE('',#19131,#5122);
#3427=LINE('',#19132,#5123);
#3428=LINE('',#19135,#5124);
#3429=LINE('',#19137,#5125);
#3430=LINE('',#19138,#5126);
#3431=LINE('',#19141,#5127);
#3432=LINE('',#19143,#5128);
#3433=LINE('',#19144,#5129);
#3434=LINE('',#19147,#5130);
#3435=LINE('',#19149,#5131);
#3436=LINE('',#19150,#5132);
#3437=LINE('',#19153,#5133);
#3438=LINE('',#19155,#5134);
#3439=LINE('',#19156,#5135);
#3440=LINE('',#19158,#5136);
#3441=LINE('',#19159,#5137);
#3442=LINE('',#19163,#5138);
#3443=LINE('',#19165,#5139);
#3444=LINE('',#19167,#5140);
#3445=LINE('',#19168,#5141);
#3446=LINE('',#19171,#5142);
#3447=LINE('',#19173,#5143);
#3448=LINE('',#19174,#5144);
#3449=LINE('',#19177,#5145);
#3450=LINE('',#19179,#5146);
#3451=LINE('',#19180,#5147);
#3452=LINE('',#19183,#5148);
#3453=LINE('',#19185,#5149);
#3454=LINE('',#19186,#5150);
#3455=LINE('',#19189,#5151);
#3456=LINE('',#19191,#5152);
#3457=LINE('',#19192,#5153);
#3458=LINE('',#19194,#5154);
#3459=LINE('',#19195,#5155);
#3460=LINE('',#19199,#5156);
#3461=LINE('',#19201,#5157);
#3462=LINE('',#19203,#5158);
#3463=LINE('',#19204,#5159);
#3464=LINE('',#19207,#5160);
#3465=LINE('',#19209,#5161);
#3466=LINE('',#19210,#5162);
#3467=LINE('',#19213,#5163);
#3468=LINE('',#19215,#5164);
#3469=LINE('',#19216,#5165);
#3470=LINE('',#19219,#5166);
#3471=LINE('',#19221,#5167);
#3472=LINE('',#19222,#5168);
#3473=LINE('',#19225,#5169);
#3474=LINE('',#19227,#5170);
#3475=LINE('',#19228,#5171);
#3476=LINE('',#19230,#5172);
#3477=LINE('',#19231,#5173);
#3478=LINE('',#19235,#5174);
#3479=LINE('',#19237,#5175);
#3480=LINE('',#19239,#5176);
#3481=LINE('',#19240,#5177);
#3482=LINE('',#19243,#5178);
#3483=LINE('',#19245,#5179);
#3484=LINE('',#19246,#5180);
#3485=LINE('',#19249,#5181);
#3486=LINE('',#19251,#5182);
#3487=LINE('',#19252,#5183);
#3488=LINE('',#19255,#5184);
#3489=LINE('',#19257,#5185);
#3490=LINE('',#19258,#5186);
#3491=LINE('',#19261,#5187);
#3492=LINE('',#19263,#5188);
#3493=LINE('',#19264,#5189);
#3494=LINE('',#19266,#5190);
#3495=LINE('',#19267,#5191);
#3496=LINE('',#19271,#5192);
#3497=LINE('',#19273,#5193);
#3498=LINE('',#19275,#5194);
#3499=LINE('',#19276,#5195);
#3500=LINE('',#19279,#5196);
#3501=LINE('',#19281,#5197);
#3502=LINE('',#19282,#5198);
#3503=LINE('',#19285,#5199);
#3504=LINE('',#19287,#5200);
#3505=LINE('',#19288,#5201);
#3506=LINE('',#19291,#5202);
#3507=LINE('',#19293,#5203);
#3508=LINE('',#19294,#5204);
#3509=LINE('',#19297,#5205);
#3510=LINE('',#19299,#5206);
#3511=LINE('',#19300,#5207);
#3512=LINE('',#19302,#5208);
#3513=LINE('',#19303,#5209);
#3514=LINE('',#19307,#5210);
#3515=LINE('',#19309,#5211);
#3516=LINE('',#19311,#5212);
#3517=LINE('',#19312,#5213);
#3518=LINE('',#19315,#5214);
#3519=LINE('',#19317,#5215);
#3520=LINE('',#19318,#5216);
#3521=LINE('',#19321,#5217);
#3522=LINE('',#19323,#5218);
#3523=LINE('',#19324,#5219);
#3524=LINE('',#19327,#5220);
#3525=LINE('',#19329,#5221);
#3526=LINE('',#19330,#5222);
#3527=LINE('',#19333,#5223);
#3528=LINE('',#19335,#5224);
#3529=LINE('',#19336,#5225);
#3530=LINE('',#19338,#5226);
#3531=LINE('',#19339,#5227);
#3532=LINE('',#19343,#5228);
#3533=LINE('',#19345,#5229);
#3534=LINE('',#19347,#5230);
#3535=LINE('',#19348,#5231);
#3536=LINE('',#19351,#5232);
#3537=LINE('',#19353,#5233);
#3538=LINE('',#19354,#5234);
#3539=LINE('',#19357,#5235);
#3540=LINE('',#19359,#5236);
#3541=LINE('',#19360,#5237);
#3542=LINE('',#19363,#5238);
#3543=LINE('',#19365,#5239);
#3544=LINE('',#19366,#5240);
#3545=LINE('',#19369,#5241);
#3546=LINE('',#19371,#5242);
#3547=LINE('',#19372,#5243);
#3548=LINE('',#19374,#5244);
#3549=LINE('',#19375,#5245);
#3550=LINE('',#19379,#5246);
#3551=LINE('',#19381,#5247);
#3552=LINE('',#19383,#5248);
#3553=LINE('',#19384,#5249);
#3554=LINE('',#19387,#5250);
#3555=LINE('',#19389,#5251);
#3556=LINE('',#19390,#5252);
#3557=LINE('',#19393,#5253);
#3558=LINE('',#19395,#5254);
#3559=LINE('',#19396,#5255);
#3560=LINE('',#19399,#5256);
#3561=LINE('',#19401,#5257);
#3562=LINE('',#19402,#5258);
#3563=LINE('',#19405,#5259);
#3564=LINE('',#19407,#5260);
#3565=LINE('',#19408,#5261);
#3566=LINE('',#19410,#5262);
#3567=LINE('',#19411,#5263);
#3568=LINE('',#19415,#5264);
#3569=LINE('',#19417,#5265);
#3570=LINE('',#19419,#5266);
#3571=LINE('',#19420,#5267);
#3572=LINE('',#19423,#5268);
#3573=LINE('',#19425,#5269);
#3574=LINE('',#19426,#5270);
#3575=LINE('',#19429,#5271);
#3576=LINE('',#19431,#5272);
#3577=LINE('',#19432,#5273);
#3578=LINE('',#19435,#5274);
#3579=LINE('',#19437,#5275);
#3580=LINE('',#19438,#5276);
#3581=LINE('',#19441,#5277);
#3582=LINE('',#19443,#5278);
#3583=LINE('',#19444,#5279);
#3584=LINE('',#19446,#5280);
#3585=LINE('',#19447,#5281);
#3586=LINE('',#19451,#5282);
#3587=LINE('',#19453,#5283);
#3588=LINE('',#19455,#5284);
#3589=LINE('',#19456,#5285);
#3590=LINE('',#19459,#5286);
#3591=LINE('',#19461,#5287);
#3592=LINE('',#19462,#5288);
#3593=LINE('',#19465,#5289);
#3594=LINE('',#19467,#5290);
#3595=LINE('',#19468,#5291);
#3596=LINE('',#19471,#5292);
#3597=LINE('',#19473,#5293);
#3598=LINE('',#19474,#5294);
#3599=LINE('',#19477,#5295);
#3600=LINE('',#19479,#5296);
#3601=LINE('',#19480,#5297);
#3602=LINE('',#19482,#5298);
#3603=LINE('',#19483,#5299);
#3604=LINE('',#19487,#5300);
#3605=LINE('',#19489,#5301);
#3606=LINE('',#19491,#5302);
#3607=LINE('',#19492,#5303);
#3608=LINE('',#19495,#5304);
#3609=LINE('',#19497,#5305);
#3610=LINE('',#19498,#5306);
#3611=LINE('',#19501,#5307);
#3612=LINE('',#19503,#5308);
#3613=LINE('',#19504,#5309);
#3614=LINE('',#19507,#5310);
#3615=LINE('',#19509,#5311);
#3616=LINE('',#19510,#5312);
#3617=LINE('',#19513,#5313);
#3618=LINE('',#19515,#5314);
#3619=LINE('',#19516,#5315);
#3620=LINE('',#19518,#5316);
#3621=LINE('',#19519,#5317);
#3622=LINE('',#19523,#5318);
#3623=LINE('',#19525,#5319);
#3624=LINE('',#19527,#5320);
#3625=LINE('',#19528,#5321);
#3626=LINE('',#19531,#5322);
#3627=LINE('',#19533,#5323);
#3628=LINE('',#19534,#5324);
#3629=LINE('',#19537,#5325);
#3630=LINE('',#19539,#5326);
#3631=LINE('',#19540,#5327);
#3632=LINE('',#19543,#5328);
#3633=LINE('',#19545,#5329);
#3634=LINE('',#19546,#5330);
#3635=LINE('',#19549,#5331);
#3636=LINE('',#19551,#5332);
#3637=LINE('',#19552,#5333);
#3638=LINE('',#19554,#5334);
#3639=LINE('',#19555,#5335);
#3640=LINE('',#19559,#5336);
#3641=LINE('',#19561,#5337);
#3642=LINE('',#19563,#5338);
#3643=LINE('',#19564,#5339);
#3644=LINE('',#19567,#5340);
#3645=LINE('',#19569,#5341);
#3646=LINE('',#19570,#5342);
#3647=LINE('',#19573,#5343);
#3648=LINE('',#19575,#5344);
#3649=LINE('',#19576,#5345);
#3650=LINE('',#19579,#5346);
#3651=LINE('',#19581,#5347);
#3652=LINE('',#19582,#5348);
#3653=LINE('',#19585,#5349);
#3654=LINE('',#19587,#5350);
#3655=LINE('',#19588,#5351);
#3656=LINE('',#19590,#5352);
#3657=LINE('',#19591,#5353);
#3658=LINE('',#19595,#5354);
#3659=LINE('',#19597,#5355);
#3660=LINE('',#19599,#5356);
#3661=LINE('',#19600,#5357);
#3662=LINE('',#19603,#5358);
#3663=LINE('',#19605,#5359);
#3664=LINE('',#19606,#5360);
#3665=LINE('',#19609,#5361);
#3666=LINE('',#19611,#5362);
#3667=LINE('',#19612,#5363);
#3668=LINE('',#19615,#5364);
#3669=LINE('',#19617,#5365);
#3670=LINE('',#19618,#5366);
#3671=LINE('',#19621,#5367);
#3672=LINE('',#19623,#5368);
#3673=LINE('',#19624,#5369);
#3674=LINE('',#19626,#5370);
#3675=LINE('',#19627,#5371);
#3676=LINE('',#19631,#5372);
#3677=LINE('',#19633,#5373);
#3678=LINE('',#19635,#5374);
#3679=LINE('',#19636,#5375);
#3680=LINE('',#19639,#5376);
#3681=LINE('',#19641,#5377);
#3682=LINE('',#19642,#5378);
#3683=LINE('',#19645,#5379);
#3684=LINE('',#19647,#5380);
#3685=LINE('',#19648,#5381);
#3686=LINE('',#19651,#5382);
#3687=LINE('',#19653,#5383);
#3688=LINE('',#19654,#5384);
#3689=LINE('',#19657,#5385);
#3690=LINE('',#19659,#5386);
#3691=LINE('',#19660,#5387);
#3692=LINE('',#19662,#5388);
#3693=LINE('',#19663,#5389);
#3694=LINE('',#19667,#5390);
#3695=LINE('',#19669,#5391);
#3696=LINE('',#19671,#5392);
#3697=LINE('',#19672,#5393);
#3698=LINE('',#19675,#5394);
#3699=LINE('',#19677,#5395);
#3700=LINE('',#19678,#5396);
#3701=LINE('',#19681,#5397);
#3702=LINE('',#19683,#5398);
#3703=LINE('',#19684,#5399);
#3704=LINE('',#19687,#5400);
#3705=LINE('',#19689,#5401);
#3706=LINE('',#19690,#5402);
#3707=LINE('',#19693,#5403);
#3708=LINE('',#19695,#5404);
#3709=LINE('',#19696,#5405);
#3710=LINE('',#19698,#5406);
#3711=LINE('',#19699,#5407);
#3712=LINE('',#19703,#5408);
#3713=LINE('',#19705,#5409);
#3714=LINE('',#19707,#5410);
#3715=LINE('',#19708,#5411);
#3716=LINE('',#19711,#5412);
#3717=LINE('',#19713,#5413);
#3718=LINE('',#19714,#5414);
#3719=LINE('',#19717,#5415);
#3720=LINE('',#19719,#5416);
#3721=LINE('',#19720,#5417);
#3722=LINE('',#19723,#5418);
#3723=LINE('',#19725,#5419);
#3724=LINE('',#19726,#5420);
#3725=LINE('',#19729,#5421);
#3726=LINE('',#19731,#5422);
#3727=LINE('',#19732,#5423);
#3728=LINE('',#19734,#5424);
#3729=LINE('',#19735,#5425);
#3730=LINE('',#19739,#5426);
#3731=LINE('',#19741,#5427);
#3732=LINE('',#19743,#5428);
#3733=LINE('',#19744,#5429);
#3734=LINE('',#19747,#5430);
#3735=LINE('',#19749,#5431);
#3736=LINE('',#19750,#5432);
#3737=LINE('',#19753,#5433);
#3738=LINE('',#19755,#5434);
#3739=LINE('',#19756,#5435);
#3740=LINE('',#19759,#5436);
#3741=LINE('',#19761,#5437);
#3742=LINE('',#19762,#5438);
#3743=LINE('',#19765,#5439);
#3744=LINE('',#19767,#5440);
#3745=LINE('',#19768,#5441);
#3746=LINE('',#19770,#5442);
#3747=LINE('',#19771,#5443);
#3748=LINE('',#19775,#5444);
#3749=LINE('',#19777,#5445);
#3750=LINE('',#19779,#5446);
#3751=LINE('',#19780,#5447);
#3752=LINE('',#19783,#5448);
#3753=LINE('',#19785,#5449);
#3754=LINE('',#19786,#5450);
#3755=LINE('',#19789,#5451);
#3756=LINE('',#19791,#5452);
#3757=LINE('',#19792,#5453);
#3758=LINE('',#19795,#5454);
#3759=LINE('',#19797,#5455);
#3760=LINE('',#19798,#5456);
#3761=LINE('',#19801,#5457);
#3762=LINE('',#19803,#5458);
#3763=LINE('',#19804,#5459);
#3764=LINE('',#19806,#5460);
#3765=LINE('',#19807,#5461);
#3766=LINE('',#19811,#5462);
#3767=LINE('',#19813,#5463);
#3768=LINE('',#19815,#5464);
#3769=LINE('',#19816,#5465);
#3770=LINE('',#19819,#5466);
#3771=LINE('',#19821,#5467);
#3772=LINE('',#19822,#5468);
#3773=LINE('',#19825,#5469);
#3774=LINE('',#19827,#5470);
#3775=LINE('',#19828,#5471);
#3776=LINE('',#19831,#5472);
#3777=LINE('',#19833,#5473);
#3778=LINE('',#19834,#5474);
#3779=LINE('',#19837,#5475);
#3780=LINE('',#19839,#5476);
#3781=LINE('',#19840,#5477);
#3782=LINE('',#19842,#5478);
#3783=LINE('',#19843,#5479);
#3784=LINE('',#19847,#5480);
#3785=LINE('',#19849,#5481);
#3786=LINE('',#19851,#5482);
#3787=LINE('',#19852,#5483);
#3788=LINE('',#19855,#5484);
#3789=LINE('',#19857,#5485);
#3790=LINE('',#19858,#5486);
#3791=LINE('',#19861,#5487);
#3792=LINE('',#19863,#5488);
#3793=LINE('',#19864,#5489);
#3794=LINE('',#19867,#5490);
#3795=LINE('',#19869,#5491);
#3796=LINE('',#19870,#5492);
#3797=LINE('',#19873,#5493);
#3798=LINE('',#19875,#5494);
#3799=LINE('',#19876,#5495);
#3800=LINE('',#19878,#5496);
#3801=LINE('',#19879,#5497);
#3802=LINE('',#19883,#5498);
#3803=LINE('',#19885,#5499);
#3804=LINE('',#19887,#5500);
#3805=LINE('',#19888,#5501);
#3806=LINE('',#19891,#5502);
#3807=LINE('',#19893,#5503);
#3808=LINE('',#19894,#5504);
#3809=LINE('',#19897,#5505);
#3810=LINE('',#19899,#5506);
#3811=LINE('',#19900,#5507);
#3812=LINE('',#19903,#5508);
#3813=LINE('',#19905,#5509);
#3814=LINE('',#19906,#5510);
#3815=LINE('',#19909,#5511);
#3816=LINE('',#19911,#5512);
#3817=LINE('',#19912,#5513);
#3818=LINE('',#19914,#5514);
#3819=LINE('',#19915,#5515);
#3820=LINE('',#19919,#5516);
#3821=LINE('',#19921,#5517);
#3822=LINE('',#19923,#5518);
#3823=LINE('',#19924,#5519);
#3824=LINE('',#19927,#5520);
#3825=LINE('',#19929,#5521);
#3826=LINE('',#19930,#5522);
#3827=LINE('',#19933,#5523);
#3828=LINE('',#19935,#5524);
#3829=LINE('',#19936,#5525);
#3830=LINE('',#19939,#5526);
#3831=LINE('',#19941,#5527);
#3832=LINE('',#19942,#5528);
#3833=LINE('',#19945,#5529);
#3834=LINE('',#19947,#5530);
#3835=LINE('',#19948,#5531);
#3836=LINE('',#19950,#5532);
#3837=LINE('',#19951,#5533);
#3838=LINE('',#19955,#5534);
#3839=LINE('',#19957,#5535);
#3840=LINE('',#19959,#5536);
#3841=LINE('',#19960,#5537);
#3842=LINE('',#19963,#5538);
#3843=LINE('',#19965,#5539);
#3844=LINE('',#19966,#5540);
#3845=LINE('',#19969,#5541);
#3846=LINE('',#19971,#5542);
#3847=LINE('',#19972,#5543);
#3848=LINE('',#19975,#5544);
#3849=LINE('',#19977,#5545);
#3850=LINE('',#19978,#5546);
#3851=LINE('',#19981,#5547);
#3852=LINE('',#19983,#5548);
#3853=LINE('',#19984,#5549);
#3854=LINE('',#19986,#5550);
#3855=LINE('',#19987,#5551);
#3856=LINE('',#19991,#5552);
#3857=LINE('',#19993,#5553);
#3858=LINE('',#19995,#5554);
#3859=LINE('',#19996,#5555);
#3860=LINE('',#19999,#5556);
#3861=LINE('',#20001,#5557);
#3862=LINE('',#20002,#5558);
#3863=LINE('',#20005,#5559);
#3864=LINE('',#20007,#5560);
#3865=LINE('',#20008,#5561);
#3866=LINE('',#20011,#5562);
#3867=LINE('',#20013,#5563);
#3868=LINE('',#20014,#5564);
#3869=LINE('',#20017,#5565);
#3870=LINE('',#20019,#5566);
#3871=LINE('',#20020,#5567);
#3872=LINE('',#20022,#5568);
#3873=LINE('',#20023,#5569);
#3874=LINE('',#20027,#5570);
#3875=LINE('',#20029,#5571);
#3876=LINE('',#20031,#5572);
#3877=LINE('',#20032,#5573);
#3878=LINE('',#20035,#5574);
#3879=LINE('',#20037,#5575);
#3880=LINE('',#20038,#5576);
#3881=LINE('',#20041,#5577);
#3882=LINE('',#20043,#5578);
#3883=LINE('',#20044,#5579);
#3884=LINE('',#20047,#5580);
#3885=LINE('',#20049,#5581);
#3886=LINE('',#20050,#5582);
#3887=LINE('',#20053,#5583);
#3888=LINE('',#20055,#5584);
#3889=LINE('',#20056,#5585);
#3890=LINE('',#20058,#5586);
#3891=LINE('',#20059,#5587);
#3892=LINE('',#20063,#5588);
#3893=LINE('',#20065,#5589);
#3894=LINE('',#20067,#5590);
#3895=LINE('',#20068,#5591);
#3896=LINE('',#20071,#5592);
#3897=LINE('',#20073,#5593);
#3898=LINE('',#20074,#5594);
#3899=LINE('',#20077,#5595);
#3900=LINE('',#20079,#5596);
#3901=LINE('',#20080,#5597);
#3902=LINE('',#20083,#5598);
#3903=LINE('',#20085,#5599);
#3904=LINE('',#20086,#5600);
#3905=LINE('',#20089,#5601);
#3906=LINE('',#20091,#5602);
#3907=LINE('',#20092,#5603);
#3908=LINE('',#20094,#5604);
#3909=LINE('',#20095,#5605);
#3910=LINE('',#20099,#5606);
#3911=LINE('',#20101,#5607);
#3912=LINE('',#20103,#5608);
#3913=LINE('',#20104,#5609);
#3914=LINE('',#20107,#5610);
#3915=LINE('',#20109,#5611);
#3916=LINE('',#20110,#5612);
#3917=LINE('',#20113,#5613);
#3918=LINE('',#20115,#5614);
#3919=LINE('',#20116,#5615);
#3920=LINE('',#20119,#5616);
#3921=LINE('',#20121,#5617);
#3922=LINE('',#20122,#5618);
#3923=LINE('',#20125,#5619);
#3924=LINE('',#20127,#5620);
#3925=LINE('',#20128,#5621);
#3926=LINE('',#20130,#5622);
#3927=LINE('',#20131,#5623);
#3928=LINE('',#20136,#5624);
#3929=LINE('',#20141,#5625);
#3930=LINE('',#20143,#5626);
#3931=LINE('',#20145,#5627);
#3932=LINE('',#20146,#5628);
#3933=LINE('',#20149,#5629);
#3934=LINE('',#20151,#5630);
#3935=LINE('',#20152,#5631);
#3936=LINE('',#20155,#5632);
#3937=LINE('',#20157,#5633);
#3938=LINE('',#20158,#5634);
#3939=LINE('',#20160,#5635);
#3940=LINE('',#20161,#5636);
#3941=LINE('',#20165,#5637);
#3942=LINE('',#20167,#5638);
#3943=LINE('',#20169,#5639);
#3944=LINE('',#20170,#5640);
#3945=LINE('',#20173,#5641);
#3946=LINE('',#20175,#5642);
#3947=LINE('',#20176,#5643);
#3948=LINE('',#20179,#5644);
#3949=LINE('',#20181,#5645);
#3950=LINE('',#20182,#5646);
#3951=LINE('',#20184,#5647);
#3952=LINE('',#20185,#5648);
#3953=LINE('',#20190,#5649);
#3954=LINE('',#20196,#5650);
#3955=LINE('',#20203,#5651);
#3956=LINE('',#20210,#5652);
#3957=LINE('',#20217,#5653);
#3958=LINE('',#20223,#5654);
#3959=LINE('',#20227,#5655);
#3960=LINE('',#20234,#5656);
#3961=LINE('',#20236,#5657);
#3962=LINE('',#20238,#5658);
#3963=LINE('',#20239,#5659);
#3964=LINE('',#20241,#5660);
#3965=LINE('',#20243,#5661);
#3966=LINE('',#20245,#5662);
#3967=LINE('',#20246,#5663);
#3968=LINE('',#20248,#5664);
#3969=LINE('',#20251,#5665);
#3970=LINE('',#20255,#5666);
#3971=LINE('',#20259,#5667);
#3972=LINE('',#20263,#5668);
#3973=LINE('',#20266,#5669);
#3974=LINE('',#20272,#5670);
#3975=LINE('',#20274,#5671);
#3976=LINE('',#20275,#5672);
#3977=LINE('',#20278,#5673);
#3978=LINE('',#20279,#5674);
#3979=LINE('',#20281,#5675);
#3980=LINE('',#20283,#5676);
#3981=LINE('',#20284,#5677);
#3982=LINE('',#20287,#5678);
#3983=LINE('',#20289,#5679);
#3984=LINE('',#20295,#5680);
#3985=LINE('',#20296,#5681);
#3986=LINE('',#20299,#5682);
#3987=LINE('',#20301,#5683);
#3988=LINE('',#20302,#5684);
#3989=LINE('',#20304,#5685);
#3990=LINE('',#20306,#5686);
#3991=LINE('',#20308,#5687);
#3992=LINE('',#20316,#5688);
#3993=LINE('',#20318,#5689);
#3994=LINE('',#20319,#5690);
#3995=LINE('',#20321,#5691);
#3996=LINE('',#20323,#5692);
#3997=LINE('',#20324,#5693);
#3998=LINE('',#20328,#5694);
#3999=LINE('',#20332,#5695);
#4000=LINE('',#20337,#5696);
#4001=LINE('',#20338,#5697);
#4002=LINE('',#20339,#5698);
#4003=LINE('',#20343,#5699);
#4004=LINE('',#20349,#5700);
#4005=LINE('',#20350,#5701);
#4006=LINE('',#20351,#5702);
#4007=LINE('',#20355,#5703);
#4008=LINE('',#20361,#5704);
#4009=LINE('',#20362,#5705);
#4010=LINE('',#20363,#5706);
#4011=LINE('',#20367,#5707);
#4012=LINE('',#20371,#5708);
#4013=LINE('',#20372,#5709);
#4014=LINE('',#20375,#5710);
#4015=LINE('',#20377,#5711);
#4016=LINE('',#20378,#5712);
#4017=LINE('',#20381,#5713);
#4018=LINE('',#20385,#5714);
#4019=LINE('',#20386,#5715);
#4020=LINE('',#20389,#5716);
#4021=LINE('',#20393,#5717);
#4022=LINE('',#20395,#5718);
#4023=LINE('',#20397,#5719);
#4024=LINE('',#20399,#5720);
#4025=LINE('',#20402,#5721);
#4026=LINE('',#20406,#5722);
#4027=LINE('',#20409,#5723);
#4028=LINE('',#20410,#5724);
#4029=LINE('',#20412,#5725);
#4030=VECTOR('',#13686,10.);
#4031=VECTOR('',#13689,10.);
#4032=VECTOR('',#13694,10.);
#4033=VECTOR('',#13697,10.);
#4034=VECTOR('',#13702,10.);
#4035=VECTOR('',#13703,10.);
#4036=VECTOR('',#13704,10.);
#4037=VECTOR('',#13705,10.);
#4038=VECTOR('',#13706,10.);
#4039=VECTOR('',#13707,10.);
#4040=VECTOR('',#13710,10.);
#4041=VECTOR('',#13711,10.);
#4042=VECTOR('',#13714,10.);
#4043=VECTOR('',#13715,10.);
#4044=VECTOR('',#13718,10.);
#4045=VECTOR('',#13719,10.);
#4046=VECTOR('',#13720,10.);
#4047=VECTOR('',#13721,10.);
#4048=VECTOR('',#13724,10.);
#4049=VECTOR('',#13725,10.);
#4050=VECTOR('',#13726,10.);
#4051=VECTOR('',#13727,10.);
#4052=VECTOR('',#13730,10.);
#4053=VECTOR('',#13731,10.);
#4054=VECTOR('',#13732,10.);
#4055=VECTOR('',#13735,10.);
#4056=VECTOR('',#13736,10.);
#4057=VECTOR('',#13737,10.);
#4058=VECTOR('',#13738,10.);
#4059=VECTOR('',#13741,10.);
#4060=VECTOR('',#13742,10.);
#4061=VECTOR('',#13743,10.);
#4062=VECTOR('',#13746,10.);
#4063=VECTOR('',#13747,10.);
#4064=VECTOR('',#13748,10.);
#4065=VECTOR('',#13749,10.);
#4066=VECTOR('',#13752,10.);
#4067=VECTOR('',#13753,10.);
#4068=VECTOR('',#13754,10.);
#4069=VECTOR('',#13757,10.);
#4070=VECTOR('',#13758,10.);
#4071=VECTOR('',#13761,10.);
#4072=VECTOR('',#13762,10.);
#4073=VECTOR('',#13763,10.);
#4074=VECTOR('',#13766,10.);
#4075=VECTOR('',#13767,10.);
#4076=VECTOR('',#13770,10.);
#4077=VECTOR('',#13771,10.);
#4078=VECTOR('',#13772,10.);
#4079=VECTOR('',#13773,10.);
#4080=VECTOR('',#13776,10.);
#4081=VECTOR('',#13777,10.);
#4082=VECTOR('',#13778,10.);
#4083=VECTOR('',#13781,10.);
#4084=VECTOR('',#13782,10.);
#4085=VECTOR('',#13783,10.);
#4086=VECTOR('',#13786,10.);
#4087=VECTOR('',#13787,10.);
#4088=VECTOR('',#13788,10.);
#4089=VECTOR('',#13791,10.);
#4090=VECTOR('',#13792,10.);
#4091=VECTOR('',#13793,10.);
#4092=VECTOR('',#13796,10.);
#4093=VECTOR('',#13797,10.);
#4094=VECTOR('',#13798,10.);
#4095=VECTOR('',#13801,10.);
#4096=VECTOR('',#13802,10.);
#4097=VECTOR('',#13803,10.);
#4098=VECTOR('',#13804,10.);
#4099=VECTOR('',#13805,10.);
#4100=VECTOR('',#13806,10.);
#4101=VECTOR('',#13807,10.);
#4102=VECTOR('',#13808,10.);
#4103=VECTOR('',#13809,10.);
#4104=VECTOR('',#13810,10.);
#4105=VECTOR('',#13811,10.);
#4106=VECTOR('',#13812,10.);
#4107=VECTOR('',#13813,10.);
#4108=VECTOR('',#13814,10.);
#4109=VECTOR('',#13815,10.);
#4110=VECTOR('',#13816,10.);
#4111=VECTOR('',#13817,10.);
#4112=VECTOR('',#13818,10.);
#4113=VECTOR('',#13819,10.);
#4114=VECTOR('',#13820,10.);
#4115=VECTOR('',#13821,10.);
#4116=VECTOR('',#13822,10.);
#4117=VECTOR('',#13823,10.);
#4118=VECTOR('',#13824,10.);
#4119=VECTOR('',#13825,10.);
#4120=VECTOR('',#13826,10.);
#4121=VECTOR('',#13827,10.);
#4122=VECTOR('',#13828,10.);
#4123=VECTOR('',#13829,10.);
#4124=VECTOR('',#13830,10.);
#4125=VECTOR('',#13831,10.);
#4126=VECTOR('',#13832,10.);
#4127=VECTOR('',#13833,10.);
#4128=VECTOR('',#13834,10.);
#4129=VECTOR('',#13835,10.);
#4130=VECTOR('',#13836,10.);
#4131=VECTOR('',#13837,10.);
#4132=VECTOR('',#13838,10.);
#4133=VECTOR('',#13839,10.);
#4134=VECTOR('',#13840,10.);
#4135=VECTOR('',#13841,10.);
#4136=VECTOR('',#13842,10.);
#4137=VECTOR('',#13843,10.);
#4138=VECTOR('',#13844,10.);
#4139=VECTOR('',#13847,10.);
#4140=VECTOR('',#13848,10.);
#4141=VECTOR('',#13849,10.);
#4142=VECTOR('',#13852,10.);
#4143=VECTOR('',#13853,10.);
#4144=VECTOR('',#13854,10.);
#4145=VECTOR('',#13857,10.);
#4146=VECTOR('',#13858,10.);
#4147=VECTOR('',#13859,10.);
#4148=VECTOR('',#13860,10.);
#4149=VECTOR('',#13861,10.);
#4150=VECTOR('',#13862,10.);
#4151=VECTOR('',#13865,10.);
#4152=VECTOR('',#13868,10.);
#4153=VECTOR('',#13869,10.);
#4154=VECTOR('',#13876,10.);
#4155=VECTOR('',#13881,10.);
#4156=VECTOR('',#13882,10.);
#4157=VECTOR('',#13883,10.);
#4158=VECTOR('',#13886,10.);
#4159=VECTOR('',#13889,10.);
#4160=VECTOR('',#13890,10.);
#4161=VECTOR('',#13893,10.);
#4162=VECTOR('',#13894,10.);
#4163=VECTOR('',#13897,10.);
#4164=VECTOR('',#13900,10.);
#4165=VECTOR('',#13901,10.);
#4166=VECTOR('',#13904,10.);
#4167=VECTOR('',#13907,10.);
#4168=VECTOR('',#13912,10.);
#4169=VECTOR('',#13913,10.);
#4170=VECTOR('',#13914,10.);
#4171=VECTOR('',#13917,10.);
#4172=VECTOR('',#13918,10.);
#4173=VECTOR('',#13919,10.);
#4174=VECTOR('',#13922,10.);
#4175=VECTOR('',#13923,10.);
#4176=VECTOR('',#13926,10.);
#4177=VECTOR('',#13927,10.);
#4178=VECTOR('',#13930,10.);
#4179=VECTOR('',#13931,10.);
#4180=VECTOR('',#13934,10.);
#4181=VECTOR('',#13935,10.);
#4182=VECTOR('',#13936,10.);
#4183=VECTOR('',#13939,10.);
#4184=VECTOR('',#13942,10.);
#4185=VECTOR('',#13945,10.);
#4186=VECTOR('',#13946,10.);
#4187=VECTOR('',#13949,10.);
#4188=VECTOR('',#13950,10.);
#4189=VECTOR('',#13953,10.);
#4190=VECTOR('',#13954,10.);
#4191=VECTOR('',#13957,10.);
#4192=VECTOR('',#13962,10.);
#4193=VECTOR('',#13963,10.);
#4194=VECTOR('',#13964,10.);
#4195=VECTOR('',#13967,10.);
#4196=VECTOR('',#13968,10.);
#4197=VECTOR('',#13969,10.);
#4198=VECTOR('',#13972,10.);
#4199=VECTOR('',#13973,10.);
#4200=VECTOR('',#13976,10.);
#4201=VECTOR('',#13977,10.);
#4202=VECTOR('',#13980,10.);
#4203=VECTOR('',#13981,10.);
#4204=VECTOR('',#13984,10.);
#4205=VECTOR('',#13985,10.);
#4206=VECTOR('',#13986,10.);
#4207=VECTOR('',#13989,10.);
#4208=VECTOR('',#13992,10.);
#4209=VECTOR('',#13995,10.);
#4210=VECTOR('',#13996,10.);
#4211=VECTOR('',#13999,10.);
#4212=VECTOR('',#14000,10.);
#4213=VECTOR('',#14003,10.);
#4214=VECTOR('',#14004,10.);
#4215=VECTOR('',#14007,10.);
#4216=VECTOR('',#14012,10.);
#4217=VECTOR('',#14013,10.);
#4218=VECTOR('',#14026,3.1);
#4219=VECTOR('',#14033,3.1);
#4220=VECTOR('',#14040,3.1);
#4221=VECTOR('',#14047,3.1);
#4222=VECTOR('',#14052,10.);
#4223=VECTOR('',#14055,10.);
#4224=VECTOR('',#14060,10.);
#4225=VECTOR('',#14063,10.);
#4226=VECTOR('',#14068,10.);
#4227=VECTOR('',#14071,10.);
#4228=VECTOR('',#14076,10.);
#4229=VECTOR('',#14079,10.);
#4230=VECTOR('',#14084,10.);
#4231=VECTOR('',#14087,10.);
#4232=VECTOR('',#14092,10.);
#4233=VECTOR('',#14095,10.);
#4234=VECTOR('',#14100,10.);
#4235=VECTOR('',#14103,10.);
#4236=VECTOR('',#14108,10.);
#4237=VECTOR('',#14111,10.);
#4238=VECTOR('',#14116,10.);
#4239=VECTOR('',#14119,10.);
#4240=VECTOR('',#14124,10.);
#4241=VECTOR('',#14127,10.);
#4242=VECTOR('',#14132,10.);
#4243=VECTOR('',#14135,10.);
#4244=VECTOR('',#14140,10.);
#4245=VECTOR('',#14143,10.);
#4246=VECTOR('',#14148,10.);
#4247=VECTOR('',#14149,10.);
#4248=VECTOR('',#14150,10.);
#4249=VECTOR('',#14153,10.);
#4250=VECTOR('',#14154,10.);
#4251=VECTOR('',#14155,10.);
#4252=VECTOR('',#14158,10.);
#4253=VECTOR('',#14159,10.);
#4254=VECTOR('',#14162,10.);
#4255=VECTOR('',#14163,10.);
#4256=VECTOR('',#14166,10.);
#4257=VECTOR('',#14167,10.);
#4258=VECTOR('',#14168,10.);
#4259=VECTOR('',#14171,10.);
#4260=VECTOR('',#14172,10.);
#4261=VECTOR('',#14173,10.);
#4262=VECTOR('',#14176,10.);
#4263=VECTOR('',#14177,10.);
#4264=VECTOR('',#14180,10.);
#4265=VECTOR('',#14181,10.);
#4266=VECTOR('',#14184,10.);
#4267=VECTOR('',#14185,10.);
#4268=VECTOR('',#14188,10.);
#4269=VECTOR('',#14191,10.);
#4270=VECTOR('',#14198,10.);
#4271=VECTOR('',#14201,10.);
#4272=VECTOR('',#14204,10.);
#4273=VECTOR('',#14207,10.);
#4274=VECTOR('',#14208,10.);
#4275=VECTOR('',#14211,10.);
#4276=VECTOR('',#14214,10.);
#4277=VECTOR('',#14217,10.);
#4278=VECTOR('',#14220,10.);
#4279=VECTOR('',#14223,10.);
#4280=VECTOR('',#14226,10.);
#4281=VECTOR('',#14229,10.);
#4282=VECTOR('',#14232,10.);
#4283=VECTOR('',#14235,10.);
#4284=VECTOR('',#14240,10.);
#4285=VECTOR('',#14241,10.);
#4286=VECTOR('',#14242,10.);
#4287=VECTOR('',#14245,10.);
#4288=VECTOR('',#14252,10.);
#4289=VECTOR('',#14253,10.);
#4290=VECTOR('',#14254,10.);
#4291=VECTOR('',#14257,10.);
#4292=VECTOR('',#14264,10.);
#4293=VECTOR('',#14265,10.);
#4294=VECTOR('',#14266,10.);
#4295=VECTOR('',#14269,10.);
#4296=VECTOR('',#14276,10.);
#4297=VECTOR('',#14277,10.);
#4298=VECTOR('',#14280,10.);
#4299=VECTOR('',#14281,10.);
#4300=VECTOR('',#14282,10.);
#4301=VECTOR('',#14285,10.);
#4302=VECTOR('',#14290,10.);
#4303=VECTOR('',#14291,10.);
#4304=VECTOR('',#14294,10.);
#4305=VECTOR('',#14301,10.);
#4306=VECTOR('',#14302,10.);
#4307=VECTOR('',#14307,10.);
#4308=VECTOR('',#14310,10.);
#4309=VECTOR('',#14315,10.);
#4310=VECTOR('',#14322,10.);
#4311=VECTOR('',#14323,10.);
#4312=VECTOR('',#14324,10.);
#4313=VECTOR('',#14325,10.);
#4314=VECTOR('',#14328,10.);
#4315=VECTOR('',#14329,10.);
#4316=VECTOR('',#14330,10.);
#4317=VECTOR('',#14333,10.);
#4318=VECTOR('',#14334,10.);
#4319=VECTOR('',#14335,10.);
#4320=VECTOR('',#14338,10.);
#4321=VECTOR('',#14339,10.);
#4322=VECTOR('',#14340,10.);
#4323=VECTOR('',#14343,10.);
#4324=VECTOR('',#14344,10.);
#4325=VECTOR('',#14345,10.);
#4326=VECTOR('',#14348,10.);
#4327=VECTOR('',#14349,10.);
#4328=VECTOR('',#14352,10.);
#4329=VECTOR('',#14353,10.);
#4330=VECTOR('',#14354,10.);
#4331=VECTOR('',#14355,10.);
#4332=VECTOR('',#14358,10.);
#4333=VECTOR('',#14359,10.);
#4334=VECTOR('',#14360,10.);
#4335=VECTOR('',#14363,10.);
#4336=VECTOR('',#14364,10.);
#4337=VECTOR('',#14365,10.);
#4338=VECTOR('',#14368,10.);
#4339=VECTOR('',#14369,10.);
#4340=VECTOR('',#14370,10.);
#4341=VECTOR('',#14373,10.);
#4342=VECTOR('',#14374,10.);
#4343=VECTOR('',#14375,10.);
#4344=VECTOR('',#14378,10.);
#4345=VECTOR('',#14379,10.);
#4346=VECTOR('',#14382,10.);
#4347=VECTOR('',#14383,10.);
#4348=VECTOR('',#14384,10.);
#4349=VECTOR('',#14385,10.);
#4350=VECTOR('',#14388,10.);
#4351=VECTOR('',#14389,10.);
#4352=VECTOR('',#14390,10.);
#4353=VECTOR('',#14393,10.);
#4354=VECTOR('',#14394,10.);
#4355=VECTOR('',#14395,10.);
#4356=VECTOR('',#14398,10.);
#4357=VECTOR('',#14399,10.);
#4358=VECTOR('',#14400,10.);
#4359=VECTOR('',#14403,10.);
#4360=VECTOR('',#14404,10.);
#4361=VECTOR('',#14405,10.);
#4362=VECTOR('',#14408,10.);
#4363=VECTOR('',#14409,10.);
#4364=VECTOR('',#14412,10.);
#4365=VECTOR('',#14413,10.);
#4366=VECTOR('',#14414,10.);
#4367=VECTOR('',#14415,10.);
#4368=VECTOR('',#14418,10.);
#4369=VECTOR('',#14419,10.);
#4370=VECTOR('',#14420,10.);
#4371=VECTOR('',#14423,10.);
#4372=VECTOR('',#14424,10.);
#4373=VECTOR('',#14425,10.);
#4374=VECTOR('',#14428,10.);
#4375=VECTOR('',#14429,10.);
#4376=VECTOR('',#14430,10.);
#4377=VECTOR('',#14433,10.);
#4378=VECTOR('',#14434,10.);
#4379=VECTOR('',#14435,10.);
#4380=VECTOR('',#14438,10.);
#4381=VECTOR('',#14439,10.);
#4382=VECTOR('',#14442,10.);
#4383=VECTOR('',#14443,10.);
#4384=VECTOR('',#14444,10.);
#4385=VECTOR('',#14445,10.);
#4386=VECTOR('',#14448,10.);
#4387=VECTOR('',#14449,10.);
#4388=VECTOR('',#14450,10.);
#4389=VECTOR('',#14453,10.);
#4390=VECTOR('',#14454,10.);
#4391=VECTOR('',#14455,10.);
#4392=VECTOR('',#14458,10.);
#4393=VECTOR('',#14459,10.);
#4394=VECTOR('',#14460,10.);
#4395=VECTOR('',#14463,10.);
#4396=VECTOR('',#14464,10.);
#4397=VECTOR('',#14465,10.);
#4398=VECTOR('',#14468,10.);
#4399=VECTOR('',#14469,10.);
#4400=VECTOR('',#14472,10.);
#4401=VECTOR('',#14473,10.);
#4402=VECTOR('',#14474,10.);
#4403=VECTOR('',#14475,10.);
#4404=VECTOR('',#14478,10.);
#4405=VECTOR('',#14479,10.);
#4406=VECTOR('',#14480,10.);
#4407=VECTOR('',#14483,10.);
#4408=VECTOR('',#14484,10.);
#4409=VECTOR('',#14485,10.);
#4410=VECTOR('',#14488,10.);
#4411=VECTOR('',#14489,10.);
#4412=VECTOR('',#14490,10.);
#4413=VECTOR('',#14493,10.);
#4414=VECTOR('',#14494,10.);
#4415=VECTOR('',#14495,10.);
#4416=VECTOR('',#14498,10.);
#4417=VECTOR('',#14499,10.);
#4418=VECTOR('',#14502,10.);
#4419=VECTOR('',#14503,10.);
#4420=VECTOR('',#14504,10.);
#4421=VECTOR('',#14505,10.);
#4422=VECTOR('',#14508,10.);
#4423=VECTOR('',#14509,10.);
#4424=VECTOR('',#14510,10.);
#4425=VECTOR('',#14513,10.);
#4426=VECTOR('',#14514,10.);
#4427=VECTOR('',#14515,10.);
#4428=VECTOR('',#14518,10.);
#4429=VECTOR('',#14519,10.);
#4430=VECTOR('',#14520,10.);
#4431=VECTOR('',#14523,10.);
#4432=VECTOR('',#14524,10.);
#4433=VECTOR('',#14525,10.);
#4434=VECTOR('',#14528,10.);
#4435=VECTOR('',#14529,10.);
#4436=VECTOR('',#14532,10.);
#4437=VECTOR('',#14533,10.);
#4438=VECTOR('',#14534,10.);
#4439=VECTOR('',#14535,10.);
#4440=VECTOR('',#14538,10.);
#4441=VECTOR('',#14539,10.);
#4442=VECTOR('',#14540,10.);
#4443=VECTOR('',#14543,10.);
#4444=VECTOR('',#14544,10.);
#4445=VECTOR('',#14545,10.);
#4446=VECTOR('',#14548,10.);
#4447=VECTOR('',#14549,10.);
#4448=VECTOR('',#14550,10.);
#4449=VECTOR('',#14553,10.);
#4450=VECTOR('',#14554,10.);
#4451=VECTOR('',#14555,10.);
#4452=VECTOR('',#14558,10.);
#4453=VECTOR('',#14559,10.);
#4454=VECTOR('',#14562,10.);
#4455=VECTOR('',#14563,10.);
#4456=VECTOR('',#14564,10.);
#4457=VECTOR('',#14565,10.);
#4458=VECTOR('',#14568,10.);
#4459=VECTOR('',#14569,10.);
#4460=VECTOR('',#14570,10.);
#4461=VECTOR('',#14573,10.);
#4462=VECTOR('',#14574,10.);
#4463=VECTOR('',#14575,10.);
#4464=VECTOR('',#14578,10.);
#4465=VECTOR('',#14579,10.);
#4466=VECTOR('',#14580,10.);
#4467=VECTOR('',#14583,10.);
#4468=VECTOR('',#14584,10.);
#4469=VECTOR('',#14585,10.);
#4470=VECTOR('',#14588,10.);
#4471=VECTOR('',#14589,10.);
#4472=VECTOR('',#14592,10.);
#4473=VECTOR('',#14593,10.);
#4474=VECTOR('',#14594,10.);
#4475=VECTOR('',#14595,10.);
#4476=VECTOR('',#14598,10.);
#4477=VECTOR('',#14599,10.);
#4478=VECTOR('',#14600,10.);
#4479=VECTOR('',#14603,10.);
#4480=VECTOR('',#14604,10.);
#4481=VECTOR('',#14605,10.);
#4482=VECTOR('',#14608,10.);
#4483=VECTOR('',#14609,10.);
#4484=VECTOR('',#14610,10.);
#4485=VECTOR('',#14613,10.);
#4486=VECTOR('',#14614,10.);
#4487=VECTOR('',#14615,10.);
#4488=VECTOR('',#14618,10.);
#4489=VECTOR('',#14619,10.);
#4490=VECTOR('',#14622,10.);
#4491=VECTOR('',#14623,10.);
#4492=VECTOR('',#14624,10.);
#4493=VECTOR('',#14625,10.);
#4494=VECTOR('',#14628,10.);
#4495=VECTOR('',#14629,10.);
#4496=VECTOR('',#14630,10.);
#4497=VECTOR('',#14633,10.);
#4498=VECTOR('',#14634,10.);
#4499=VECTOR('',#14635,10.);
#4500=VECTOR('',#14638,10.);
#4501=VECTOR('',#14639,10.);
#4502=VECTOR('',#14640,10.);
#4503=VECTOR('',#14643,10.);
#4504=VECTOR('',#14644,10.);
#4505=VECTOR('',#14645,10.);
#4506=VECTOR('',#14648,10.);
#4507=VECTOR('',#14649,10.);
#4508=VECTOR('',#14652,10.);
#4509=VECTOR('',#14653,10.);
#4510=VECTOR('',#14654,10.);
#4511=VECTOR('',#14655,10.);
#4512=VECTOR('',#14658,10.);
#4513=VECTOR('',#14659,10.);
#4514=VECTOR('',#14660,10.);
#4515=VECTOR('',#14663,10.);
#4516=VECTOR('',#14664,10.);
#4517=VECTOR('',#14665,10.);
#4518=VECTOR('',#14668,10.);
#4519=VECTOR('',#14669,10.);
#4520=VECTOR('',#14670,10.);
#4521=VECTOR('',#14673,10.);
#4522=VECTOR('',#14674,10.);
#4523=VECTOR('',#14675,10.);
#4524=VECTOR('',#14678,10.);
#4525=VECTOR('',#14679,10.);
#4526=VECTOR('',#14682,10.);
#4527=VECTOR('',#14683,10.);
#4528=VECTOR('',#14684,10.);
#4529=VECTOR('',#14685,10.);
#4530=VECTOR('',#14688,10.);
#4531=VECTOR('',#14689,10.);
#4532=VECTOR('',#14690,10.);
#4533=VECTOR('',#14693,10.);
#4534=VECTOR('',#14694,10.);
#4535=VECTOR('',#14695,10.);
#4536=VECTOR('',#14698,10.);
#4537=VECTOR('',#14699,10.);
#4538=VECTOR('',#14700,10.);
#4539=VECTOR('',#14703,10.);
#4540=VECTOR('',#14704,10.);
#4541=VECTOR('',#14705,10.);
#4542=VECTOR('',#14708,10.);
#4543=VECTOR('',#14709,10.);
#4544=VECTOR('',#14712,10.);
#4545=VECTOR('',#14713,10.);
#4546=VECTOR('',#14714,10.);
#4547=VECTOR('',#14715,10.);
#4548=VECTOR('',#14718,10.);
#4549=VECTOR('',#14719,10.);
#4550=VECTOR('',#14720,10.);
#4551=VECTOR('',#14723,10.);
#4552=VECTOR('',#14724,10.);
#4553=VECTOR('',#14725,10.);
#4554=VECTOR('',#14728,10.);
#4555=VECTOR('',#14729,10.);
#4556=VECTOR('',#14730,10.);
#4557=VECTOR('',#14733,10.);
#4558=VECTOR('',#14734,10.);
#4559=VECTOR('',#14735,10.);
#4560=VECTOR('',#14738,10.);
#4561=VECTOR('',#14739,10.);
#4562=VECTOR('',#14742,10.);
#4563=VECTOR('',#14743,10.);
#4564=VECTOR('',#14744,10.);
#4565=VECTOR('',#14745,10.);
#4566=VECTOR('',#14748,10.);
#4567=VECTOR('',#14749,10.);
#4568=VECTOR('',#14750,10.);
#4569=VECTOR('',#14753,10.);
#4570=VECTOR('',#14754,10.);
#4571=VECTOR('',#14755,10.);
#4572=VECTOR('',#14758,10.);
#4573=VECTOR('',#14759,10.);
#4574=VECTOR('',#14760,10.);
#4575=VECTOR('',#14763,10.);
#4576=VECTOR('',#14764,10.);
#4577=VECTOR('',#14765,10.);
#4578=VECTOR('',#14768,10.);
#4579=VECTOR('',#14769,10.);
#4580=VECTOR('',#14772,10.);
#4581=VECTOR('',#14773,10.);
#4582=VECTOR('',#14774,10.);
#4583=VECTOR('',#14775,10.);
#4584=VECTOR('',#14778,10.);
#4585=VECTOR('',#14779,10.);
#4586=VECTOR('',#14780,10.);
#4587=VECTOR('',#14783,10.);
#4588=VECTOR('',#14784,10.);
#4589=VECTOR('',#14785,10.);
#4590=VECTOR('',#14788,10.);
#4591=VECTOR('',#14789,10.);
#4592=VECTOR('',#14790,10.);
#4593=VECTOR('',#14793,10.);
#4594=VECTOR('',#14794,10.);
#4595=VECTOR('',#14795,10.);
#4596=VECTOR('',#14798,10.);
#4597=VECTOR('',#14799,10.);
#4598=VECTOR('',#14802,10.);
#4599=VECTOR('',#14803,10.);
#4600=VECTOR('',#14804,10.);
#4601=VECTOR('',#14805,10.);
#4602=VECTOR('',#14808,10.);
#4603=VECTOR('',#14809,10.);
#4604=VECTOR('',#14810,10.);
#4605=VECTOR('',#14813,10.);
#4606=VECTOR('',#14814,10.);
#4607=VECTOR('',#14815,10.);
#4608=VECTOR('',#14818,10.);
#4609=VECTOR('',#14819,10.);
#4610=VECTOR('',#14820,10.);
#4611=VECTOR('',#14823,10.);
#4612=VECTOR('',#14824,10.);
#4613=VECTOR('',#14825,10.);
#4614=VECTOR('',#14828,10.);
#4615=VECTOR('',#14829,10.);
#4616=VECTOR('',#14832,10.);
#4617=VECTOR('',#14833,10.);
#4618=VECTOR('',#14834,10.);
#4619=VECTOR('',#14835,10.);
#4620=VECTOR('',#14838,10.);
#4621=VECTOR('',#14839,10.);
#4622=VECTOR('',#14840,10.);
#4623=VECTOR('',#14843,10.);
#4624=VECTOR('',#14844,10.);
#4625=VECTOR('',#14845,10.);
#4626=VECTOR('',#14848,10.);
#4627=VECTOR('',#14849,10.);
#4628=VECTOR('',#14850,10.);
#4629=VECTOR('',#14853,10.);
#4630=VECTOR('',#14854,10.);
#4631=VECTOR('',#14855,10.);
#4632=VECTOR('',#14858,10.);
#4633=VECTOR('',#14859,10.);
#4634=VECTOR('',#14862,10.);
#4635=VECTOR('',#14863,10.);
#4636=VECTOR('',#14864,10.);
#4637=VECTOR('',#14865,10.);
#4638=VECTOR('',#14868,10.);
#4639=VECTOR('',#14869,10.);
#4640=VECTOR('',#14870,10.);
#4641=VECTOR('',#14873,10.);
#4642=VECTOR('',#14874,10.);
#4643=VECTOR('',#14875,10.);
#4644=VECTOR('',#14878,10.);
#4645=VECTOR('',#14879,10.);
#4646=VECTOR('',#14880,10.);
#4647=VECTOR('',#14883,10.);
#4648=VECTOR('',#14884,10.);
#4649=VECTOR('',#14885,10.);
#4650=VECTOR('',#14888,10.);
#4651=VECTOR('',#14889,10.);
#4652=VECTOR('',#14892,10.);
#4653=VECTOR('',#14893,10.);
#4654=VECTOR('',#14894,10.);
#4655=VECTOR('',#14895,10.);
#4656=VECTOR('',#14898,10.);
#4657=VECTOR('',#14899,10.);
#4658=VECTOR('',#14900,10.);
#4659=VECTOR('',#14903,10.);
#4660=VECTOR('',#14904,10.);
#4661=VECTOR('',#14905,10.);
#4662=VECTOR('',#14908,10.);
#4663=VECTOR('',#14909,10.);
#4664=VECTOR('',#14910,10.);
#4665=VECTOR('',#14913,10.);
#4666=VECTOR('',#14914,10.);
#4667=VECTOR('',#14915,10.);
#4668=VECTOR('',#14918,10.);
#4669=VECTOR('',#14919,10.);
#4670=VECTOR('',#14922,10.);
#4671=VECTOR('',#14923,10.);
#4672=VECTOR('',#14924,10.);
#4673=VECTOR('',#14925,10.);
#4674=VECTOR('',#14928,10.);
#4675=VECTOR('',#14929,10.);
#4676=VECTOR('',#14930,10.);
#4677=VECTOR('',#14933,10.);
#4678=VECTOR('',#14934,10.);
#4679=VECTOR('',#14935,10.);
#4680=VECTOR('',#14938,10.);
#4681=VECTOR('',#14939,10.);
#4682=VECTOR('',#14940,10.);
#4683=VECTOR('',#14943,10.);
#4684=VECTOR('',#14944,10.);
#4685=VECTOR('',#14945,10.);
#4686=VECTOR('',#14948,10.);
#4687=VECTOR('',#14949,10.);
#4688=VECTOR('',#14952,10.);
#4689=VECTOR('',#14953,10.);
#4690=VECTOR('',#14954,10.);
#4691=VECTOR('',#14955,10.);
#4692=VECTOR('',#14958,10.);
#4693=VECTOR('',#14959,10.);
#4694=VECTOR('',#14960,10.);
#4695=VECTOR('',#14963,10.);
#4696=VECTOR('',#14964,10.);
#4697=VECTOR('',#14965,10.);
#4698=VECTOR('',#14968,10.);
#4699=VECTOR('',#14969,10.);
#4700=VECTOR('',#14970,10.);
#4701=VECTOR('',#14973,10.);
#4702=VECTOR('',#14974,10.);
#4703=VECTOR('',#14975,10.);
#4704=VECTOR('',#14978,10.);
#4705=VECTOR('',#14979,10.);
#4706=VECTOR('',#14982,10.);
#4707=VECTOR('',#14983,10.);
#4708=VECTOR('',#14984,10.);
#4709=VECTOR('',#14985,10.);
#4710=VECTOR('',#14988,10.);
#4711=VECTOR('',#14989,10.);
#4712=VECTOR('',#14990,10.);
#4713=VECTOR('',#14993,10.);
#4714=VECTOR('',#14994,10.);
#4715=VECTOR('',#14995,10.);
#4716=VECTOR('',#14998,10.);
#4717=VECTOR('',#14999,10.);
#4718=VECTOR('',#15000,10.);
#4719=VECTOR('',#15003,10.);
#4720=VECTOR('',#15004,10.);
#4721=VECTOR('',#15005,10.);
#4722=VECTOR('',#15008,10.);
#4723=VECTOR('',#15009,10.);
#4724=VECTOR('',#15012,10.);
#4725=VECTOR('',#15013,10.);
#4726=VECTOR('',#15014,10.);
#4727=VECTOR('',#15015,10.);
#4728=VECTOR('',#15018,10.);
#4729=VECTOR('',#15019,10.);
#4730=VECTOR('',#15020,10.);
#4731=VECTOR('',#15023,10.);
#4732=VECTOR('',#15024,10.);
#4733=VECTOR('',#15025,10.);
#4734=VECTOR('',#15028,10.);
#4735=VECTOR('',#15029,10.);
#4736=VECTOR('',#15030,10.);
#4737=VECTOR('',#15033,10.);
#4738=VECTOR('',#15034,10.);
#4739=VECTOR('',#15035,10.);
#4740=VECTOR('',#15038,10.);
#4741=VECTOR('',#15039,10.);
#4742=VECTOR('',#15042,10.);
#4743=VECTOR('',#15043,10.);
#4744=VECTOR('',#15044,10.);
#4745=VECTOR('',#15045,10.);
#4746=VECTOR('',#15048,10.);
#4747=VECTOR('',#15049,10.);
#4748=VECTOR('',#15050,10.);
#4749=VECTOR('',#15053,10.);
#4750=VECTOR('',#15054,10.);
#4751=VECTOR('',#15055,10.);
#4752=VECTOR('',#15058,10.);
#4753=VECTOR('',#15059,10.);
#4754=VECTOR('',#15060,10.);
#4755=VECTOR('',#15063,10.);
#4756=VECTOR('',#15064,10.);
#4757=VECTOR('',#15065,10.);
#4758=VECTOR('',#15068,10.);
#4759=VECTOR('',#15069,10.);
#4760=VECTOR('',#15072,10.);
#4761=VECTOR('',#15073,10.);
#4762=VECTOR('',#15074,10.);
#4763=VECTOR('',#15075,10.);
#4764=VECTOR('',#15078,10.);
#4765=VECTOR('',#15079,10.);
#4766=VECTOR('',#15080,10.);
#4767=VECTOR('',#15083,10.);
#4768=VECTOR('',#15084,10.);
#4769=VECTOR('',#15085,10.);
#4770=VECTOR('',#15088,10.);
#4771=VECTOR('',#15089,10.);
#4772=VECTOR('',#15090,10.);
#4773=VECTOR('',#15093,10.);
#4774=VECTOR('',#15094,10.);
#4775=VECTOR('',#15095,10.);
#4776=VECTOR('',#15098,10.);
#4777=VECTOR('',#15099,10.);
#4778=VECTOR('',#15102,10.);
#4779=VECTOR('',#15103,10.);
#4780=VECTOR('',#15104,10.);
#4781=VECTOR('',#15105,10.);
#4782=VECTOR('',#15108,10.);
#4783=VECTOR('',#15109,10.);
#4784=VECTOR('',#15110,10.);
#4785=VECTOR('',#15113,10.);
#4786=VECTOR('',#15114,10.);
#4787=VECTOR('',#15115,10.);
#4788=VECTOR('',#15118,10.);
#4789=VECTOR('',#15119,10.);
#4790=VECTOR('',#15120,10.);
#4791=VECTOR('',#15123,10.);
#4792=VECTOR('',#15124,10.);
#4793=VECTOR('',#15125,10.);
#4794=VECTOR('',#15128,10.);
#4795=VECTOR('',#15129,10.);
#4796=VECTOR('',#15132,10.);
#4797=VECTOR('',#15133,10.);
#4798=VECTOR('',#15134,10.);
#4799=VECTOR('',#15135,10.);
#4800=VECTOR('',#15138,10.);
#4801=VECTOR('',#15139,10.);
#4802=VECTOR('',#15140,10.);
#4803=VECTOR('',#15143,10.);
#4804=VECTOR('',#15144,10.);
#4805=VECTOR('',#15145,10.);
#4806=VECTOR('',#15148,10.);
#4807=VECTOR('',#15149,10.);
#4808=VECTOR('',#15150,10.);
#4809=VECTOR('',#15153,10.);
#4810=VECTOR('',#15154,10.);
#4811=VECTOR('',#15155,10.);
#4812=VECTOR('',#15158,10.);
#4813=VECTOR('',#15159,10.);
#4814=VECTOR('',#15162,10.);
#4815=VECTOR('',#15163,10.);
#4816=VECTOR('',#15164,10.);
#4817=VECTOR('',#15165,10.);
#4818=VECTOR('',#15168,10.);
#4819=VECTOR('',#15169,10.);
#4820=VECTOR('',#15170,10.);
#4821=VECTOR('',#15173,10.);
#4822=VECTOR('',#15174,10.);
#4823=VECTOR('',#15175,10.);
#4824=VECTOR('',#15178,10.);
#4825=VECTOR('',#15179,10.);
#4826=VECTOR('',#15180,10.);
#4827=VECTOR('',#15183,10.);
#4828=VECTOR('',#15184,10.);
#4829=VECTOR('',#15185,10.);
#4830=VECTOR('',#15188,10.);
#4831=VECTOR('',#15189,10.);
#4832=VECTOR('',#15192,10.);
#4833=VECTOR('',#15193,10.);
#4834=VECTOR('',#15194,10.);
#4835=VECTOR('',#15195,10.);
#4836=VECTOR('',#15198,10.);
#4837=VECTOR('',#15199,10.);
#4838=VECTOR('',#15200,10.);
#4839=VECTOR('',#15203,10.);
#4840=VECTOR('',#15204,10.);
#4841=VECTOR('',#15205,10.);
#4842=VECTOR('',#15208,10.);
#4843=VECTOR('',#15209,10.);
#4844=VECTOR('',#15210,10.);
#4845=VECTOR('',#15213,10.);
#4846=VECTOR('',#15214,10.);
#4847=VECTOR('',#15215,10.);
#4848=VECTOR('',#15218,10.);
#4849=VECTOR('',#15219,10.);
#4850=VECTOR('',#15222,10.);
#4851=VECTOR('',#15223,10.);
#4852=VECTOR('',#15224,10.);
#4853=VECTOR('',#15225,10.);
#4854=VECTOR('',#15228,10.);
#4855=VECTOR('',#15229,10.);
#4856=VECTOR('',#15230,10.);
#4857=VECTOR('',#15233,10.);
#4858=VECTOR('',#15234,10.);
#4859=VECTOR('',#15235,10.);
#4860=VECTOR('',#15238,10.);
#4861=VECTOR('',#15239,10.);
#4862=VECTOR('',#15240,10.);
#4863=VECTOR('',#15243,10.);
#4864=VECTOR('',#15244,10.);
#4865=VECTOR('',#15245,10.);
#4866=VECTOR('',#15248,10.);
#4867=VECTOR('',#15249,10.);
#4868=VECTOR('',#15252,10.);
#4869=VECTOR('',#15253,10.);
#4870=VECTOR('',#15254,10.);
#4871=VECTOR('',#15255,10.);
#4872=VECTOR('',#15258,10.);
#4873=VECTOR('',#15259,10.);
#4874=VECTOR('',#15260,10.);
#4875=VECTOR('',#15263,10.);
#4876=VECTOR('',#15264,10.);
#4877=VECTOR('',#15265,10.);
#4878=VECTOR('',#15268,10.);
#4879=VECTOR('',#15269,10.);
#4880=VECTOR('',#15270,10.);
#4881=VECTOR('',#15273,10.);
#4882=VECTOR('',#15274,10.);
#4883=VECTOR('',#15275,10.);
#4884=VECTOR('',#15278,10.);
#4885=VECTOR('',#15279,10.);
#4886=VECTOR('',#15282,10.);
#4887=VECTOR('',#15283,10.);
#4888=VECTOR('',#15284,10.);
#4889=VECTOR('',#15285,10.);
#4890=VECTOR('',#15288,10.);
#4891=VECTOR('',#15289,10.);
#4892=VECTOR('',#15290,10.);
#4893=VECTOR('',#15293,10.);
#4894=VECTOR('',#15294,10.);
#4895=VECTOR('',#15295,10.);
#4896=VECTOR('',#15298,10.);
#4897=VECTOR('',#15299,10.);
#4898=VECTOR('',#15300,10.);
#4899=VECTOR('',#15303,10.);
#4900=VECTOR('',#15304,10.);
#4901=VECTOR('',#15305,10.);
#4902=VECTOR('',#15308,10.);
#4903=VECTOR('',#15309,10.);
#4904=VECTOR('',#15312,10.);
#4905=VECTOR('',#15313,10.);
#4906=VECTOR('',#15314,10.);
#4907=VECTOR('',#15315,10.);
#4908=VECTOR('',#15318,10.);
#4909=VECTOR('',#15319,10.);
#4910=VECTOR('',#15320,10.);
#4911=VECTOR('',#15323,10.);
#4912=VECTOR('',#15324,10.);
#4913=VECTOR('',#15325,10.);
#4914=VECTOR('',#15328,10.);
#4915=VECTOR('',#15329,10.);
#4916=VECTOR('',#15330,10.);
#4917=VECTOR('',#15333,10.);
#4918=VECTOR('',#15334,10.);
#4919=VECTOR('',#15335,10.);
#4920=VECTOR('',#15338,10.);
#4921=VECTOR('',#15339,10.);
#4922=VECTOR('',#15342,10.);
#4923=VECTOR('',#15343,10.);
#4924=VECTOR('',#15344,10.);
#4925=VECTOR('',#15345,10.);
#4926=VECTOR('',#15348,10.);
#4927=VECTOR('',#15349,10.);
#4928=VECTOR('',#15350,10.);
#4929=VECTOR('',#15353,10.);
#4930=VECTOR('',#15354,10.);
#4931=VECTOR('',#15355,10.);
#4932=VECTOR('',#15358,10.);
#4933=VECTOR('',#15359,10.);
#4934=VECTOR('',#15360,10.);
#4935=VECTOR('',#15363,10.);
#4936=VECTOR('',#15364,10.);
#4937=VECTOR('',#15365,10.);
#4938=VECTOR('',#15368,10.);
#4939=VECTOR('',#15369,10.);
#4940=VECTOR('',#15372,10.);
#4941=VECTOR('',#15373,10.);
#4942=VECTOR('',#15374,10.);
#4943=VECTOR('',#15375,10.);
#4944=VECTOR('',#15378,10.);
#4945=VECTOR('',#15379,10.);
#4946=VECTOR('',#15380,10.);
#4947=VECTOR('',#15383,10.);
#4948=VECTOR('',#15384,10.);
#4949=VECTOR('',#15385,10.);
#4950=VECTOR('',#15388,10.);
#4951=VECTOR('',#15389,10.);
#4952=VECTOR('',#15390,10.);
#4953=VECTOR('',#15393,10.);
#4954=VECTOR('',#15394,10.);
#4955=VECTOR('',#15395,10.);
#4956=VECTOR('',#15398,10.);
#4957=VECTOR('',#15399,10.);
#4958=VECTOR('',#15402,10.);
#4959=VECTOR('',#15403,10.);
#4960=VECTOR('',#15404,10.);
#4961=VECTOR('',#15405,10.);
#4962=VECTOR('',#15408,10.);
#4963=VECTOR('',#15409,10.);
#4964=VECTOR('',#15410,10.);
#4965=VECTOR('',#15413,10.);
#4966=VECTOR('',#15414,10.);
#4967=VECTOR('',#15415,10.);
#4968=VECTOR('',#15418,10.);
#4969=VECTOR('',#15419,10.);
#4970=VECTOR('',#15420,10.);
#4971=VECTOR('',#15423,10.);
#4972=VECTOR('',#15424,10.);
#4973=VECTOR('',#15425,10.);
#4974=VECTOR('',#15428,10.);
#4975=VECTOR('',#15429,10.);
#4976=VECTOR('',#15432,10.);
#4977=VECTOR('',#15433,10.);
#4978=VECTOR('',#15434,10.);
#4979=VECTOR('',#15435,10.);
#4980=VECTOR('',#15438,10.);
#4981=VECTOR('',#15439,10.);
#4982=VECTOR('',#15440,10.);
#4983=VECTOR('',#15443,10.);
#4984=VECTOR('',#15444,10.);
#4985=VECTOR('',#15445,10.);
#4986=VECTOR('',#15448,10.);
#4987=VECTOR('',#15449,10.);
#4988=VECTOR('',#15450,10.);
#4989=VECTOR('',#15453,10.);
#4990=VECTOR('',#15454,10.);
#4991=VECTOR('',#15455,10.);
#4992=VECTOR('',#15458,10.);
#4993=VECTOR('',#15459,10.);
#4994=VECTOR('',#15462,10.);
#4995=VECTOR('',#15463,10.);
#4996=VECTOR('',#15464,10.);
#4997=VECTOR('',#15465,10.);
#4998=VECTOR('',#15468,10.);
#4999=VECTOR('',#15469,10.);
#5000=VECTOR('',#15470,10.);
#5001=VECTOR('',#15473,10.);
#5002=VECTOR('',#15474,10.);
#5003=VECTOR('',#15475,10.);
#5004=VECTOR('',#15478,10.);
#5005=VECTOR('',#15479,10.);
#5006=VECTOR('',#15480,10.);
#5007=VECTOR('',#15483,10.);
#5008=VECTOR('',#15484,10.);
#5009=VECTOR('',#15485,10.);
#5010=VECTOR('',#15488,10.);
#5011=VECTOR('',#15489,10.);
#5012=VECTOR('',#15492,10.);
#5013=VECTOR('',#15493,10.);
#5014=VECTOR('',#15494,10.);
#5015=VECTOR('',#15495,10.);
#5016=VECTOR('',#15498,10.);
#5017=VECTOR('',#15499,10.);
#5018=VECTOR('',#15500,10.);
#5019=VECTOR('',#15503,10.);
#5020=VECTOR('',#15504,10.);
#5021=VECTOR('',#15505,10.);
#5022=VECTOR('',#15508,10.);
#5023=VECTOR('',#15509,10.);
#5024=VECTOR('',#15510,10.);
#5025=VECTOR('',#15513,10.);
#5026=VECTOR('',#15514,10.);
#5027=VECTOR('',#15515,10.);
#5028=VECTOR('',#15518,10.);
#5029=VECTOR('',#15519,10.);
#5030=VECTOR('',#15522,10.);
#5031=VECTOR('',#15523,10.);
#5032=VECTOR('',#15524,10.);
#5033=VECTOR('',#15525,10.);
#5034=VECTOR('',#15528,10.);
#5035=VECTOR('',#15529,10.);
#5036=VECTOR('',#15530,10.);
#5037=VECTOR('',#15533,10.);
#5038=VECTOR('',#15534,10.);
#5039=VECTOR('',#15535,10.);
#5040=VECTOR('',#15538,10.);
#5041=VECTOR('',#15539,10.);
#5042=VECTOR('',#15540,10.);
#5043=VECTOR('',#15543,10.);
#5044=VECTOR('',#15544,10.);
#5045=VECTOR('',#15545,10.);
#5046=VECTOR('',#15548,10.);
#5047=VECTOR('',#15549,10.);
#5048=VECTOR('',#15552,10.);
#5049=VECTOR('',#15553,10.);
#5050=VECTOR('',#15554,10.);
#5051=VECTOR('',#15555,10.);
#5052=VECTOR('',#15558,10.);
#5053=VECTOR('',#15559,10.);
#5054=VECTOR('',#15560,10.);
#5055=VECTOR('',#15563,10.);
#5056=VECTOR('',#15564,10.);
#5057=VECTOR('',#15565,10.);
#5058=VECTOR('',#15568,10.);
#5059=VECTOR('',#15569,10.);
#5060=VECTOR('',#15570,10.);
#5061=VECTOR('',#15573,10.);
#5062=VECTOR('',#15574,10.);
#5063=VECTOR('',#15575,10.);
#5064=VECTOR('',#15578,10.);
#5065=VECTOR('',#15579,10.);
#5066=VECTOR('',#15582,10.);
#5067=VECTOR('',#15583,10.);
#5068=VECTOR('',#15584,10.);
#5069=VECTOR('',#15585,10.);
#5070=VECTOR('',#15588,10.);
#5071=VECTOR('',#15589,10.);
#5072=VECTOR('',#15590,10.);
#5073=VECTOR('',#15593,10.);
#5074=VECTOR('',#15594,10.);
#5075=VECTOR('',#15595,10.);
#5076=VECTOR('',#15598,10.);
#5077=VECTOR('',#15599,10.);
#5078=VECTOR('',#15600,10.);
#5079=VECTOR('',#15603,10.);
#5080=VECTOR('',#15604,10.);
#5081=VECTOR('',#15605,10.);
#5082=VECTOR('',#15608,10.);
#5083=VECTOR('',#15609,10.);
#5084=VECTOR('',#15612,10.);
#5085=VECTOR('',#15613,10.);
#5086=VECTOR('',#15614,10.);
#5087=VECTOR('',#15615,10.);
#5088=VECTOR('',#15618,10.);
#5089=VECTOR('',#15619,10.);
#5090=VECTOR('',#15620,10.);
#5091=VECTOR('',#15623,10.);
#5092=VECTOR('',#15624,10.);
#5093=VECTOR('',#15625,10.);
#5094=VECTOR('',#15628,10.);
#5095=VECTOR('',#15629,10.);
#5096=VECTOR('',#15630,10.);
#5097=VECTOR('',#15633,10.);
#5098=VECTOR('',#15634,10.);
#5099=VECTOR('',#15635,10.);
#5100=VECTOR('',#15638,10.);
#5101=VECTOR('',#15639,10.);
#5102=VECTOR('',#15642,10.);
#5103=VECTOR('',#15643,10.);
#5104=VECTOR('',#15644,10.);
#5105=VECTOR('',#15645,10.);
#5106=VECTOR('',#15648,10.);
#5107=VECTOR('',#15649,10.);
#5108=VECTOR('',#15650,10.);
#5109=VECTOR('',#15653,10.);
#5110=VECTOR('',#15654,10.);
#5111=VECTOR('',#15655,10.);
#5112=VECTOR('',#15658,10.);
#5113=VECTOR('',#15659,10.);
#5114=VECTOR('',#15660,10.);
#5115=VECTOR('',#15663,10.);
#5116=VECTOR('',#15664,10.);
#5117=VECTOR('',#15665,10.);
#5118=VECTOR('',#15668,10.);
#5119=VECTOR('',#15669,10.);
#5120=VECTOR('',#15672,10.);
#5121=VECTOR('',#15673,10.);
#5122=VECTOR('',#15674,10.);
#5123=VECTOR('',#15675,10.);
#5124=VECTOR('',#15678,10.);
#5125=VECTOR('',#15679,10.);
#5126=VECTOR('',#15680,10.);
#5127=VECTOR('',#15683,10.);
#5128=VECTOR('',#15684,10.);
#5129=VECTOR('',#15685,10.);
#5130=VECTOR('',#15688,10.);
#5131=VECTOR('',#15689,10.);
#5132=VECTOR('',#15690,10.);
#5133=VECTOR('',#15693,10.);
#5134=VECTOR('',#15694,10.);
#5135=VECTOR('',#15695,10.);
#5136=VECTOR('',#15698,10.);
#5137=VECTOR('',#15699,10.);
#5138=VECTOR('',#15702,10.);
#5139=VECTOR('',#15703,10.);
#5140=VECTOR('',#15704,10.);
#5141=VECTOR('',#15705,10.);
#5142=VECTOR('',#15708,10.);
#5143=VECTOR('',#15709,10.);
#5144=VECTOR('',#15710,10.);
#5145=VECTOR('',#15713,10.);
#5146=VECTOR('',#15714,10.);
#5147=VECTOR('',#15715,10.);
#5148=VECTOR('',#15718,10.);
#5149=VECTOR('',#15719,10.);
#5150=VECTOR('',#15720,10.);
#5151=VECTOR('',#15723,10.);
#5152=VECTOR('',#15724,10.);
#5153=VECTOR('',#15725,10.);
#5154=VECTOR('',#15728,10.);
#5155=VECTOR('',#15729,10.);
#5156=VECTOR('',#15732,10.);
#5157=VECTOR('',#15733,10.);
#5158=VECTOR('',#15734,10.);
#5159=VECTOR('',#15735,10.);
#5160=VECTOR('',#15738,10.);
#5161=VECTOR('',#15739,10.);
#5162=VECTOR('',#15740,10.);
#5163=VECTOR('',#15743,10.);
#5164=VECTOR('',#15744,10.);
#5165=VECTOR('',#15745,10.);
#5166=VECTOR('',#15748,10.);
#5167=VECTOR('',#15749,10.);
#5168=VECTOR('',#15750,10.);
#5169=VECTOR('',#15753,10.);
#5170=VECTOR('',#15754,10.);
#5171=VECTOR('',#15755,10.);
#5172=VECTOR('',#15758,10.);
#5173=VECTOR('',#15759,10.);
#5174=VECTOR('',#15762,10.);
#5175=VECTOR('',#15763,10.);
#5176=VECTOR('',#15764,10.);
#5177=VECTOR('',#15765,10.);
#5178=VECTOR('',#15768,10.);
#5179=VECTOR('',#15769,10.);
#5180=VECTOR('',#15770,10.);
#5181=VECTOR('',#15773,10.);
#5182=VECTOR('',#15774,10.);
#5183=VECTOR('',#15775,10.);
#5184=VECTOR('',#15778,10.);
#5185=VECTOR('',#15779,10.);
#5186=VECTOR('',#15780,10.);
#5187=VECTOR('',#15783,10.);
#5188=VECTOR('',#15784,10.);
#5189=VECTOR('',#15785,10.);
#5190=VECTOR('',#15788,10.);
#5191=VECTOR('',#15789,10.);
#5192=VECTOR('',#15792,10.);
#5193=VECTOR('',#15793,10.);
#5194=VECTOR('',#15794,10.);
#5195=VECTOR('',#15795,10.);
#5196=VECTOR('',#15798,10.);
#5197=VECTOR('',#15799,10.);
#5198=VECTOR('',#15800,10.);
#5199=VECTOR('',#15803,10.);
#5200=VECTOR('',#15804,10.);
#5201=VECTOR('',#15805,10.);
#5202=VECTOR('',#15808,10.);
#5203=VECTOR('',#15809,10.);
#5204=VECTOR('',#15810,10.);
#5205=VECTOR('',#15813,10.);
#5206=VECTOR('',#15814,10.);
#5207=VECTOR('',#15815,10.);
#5208=VECTOR('',#15818,10.);
#5209=VECTOR('',#15819,10.);
#5210=VECTOR('',#15822,10.);
#5211=VECTOR('',#15823,10.);
#5212=VECTOR('',#15824,10.);
#5213=VECTOR('',#15825,10.);
#5214=VECTOR('',#15828,10.);
#5215=VECTOR('',#15829,10.);
#5216=VECTOR('',#15830,10.);
#5217=VECTOR('',#15833,10.);
#5218=VECTOR('',#15834,10.);
#5219=VECTOR('',#15835,10.);
#5220=VECTOR('',#15838,10.);
#5221=VECTOR('',#15839,10.);
#5222=VECTOR('',#15840,10.);
#5223=VECTOR('',#15843,10.);
#5224=VECTOR('',#15844,10.);
#5225=VECTOR('',#15845,10.);
#5226=VECTOR('',#15848,10.);
#5227=VECTOR('',#15849,10.);
#5228=VECTOR('',#15852,10.);
#5229=VECTOR('',#15853,10.);
#5230=VECTOR('',#15854,10.);
#5231=VECTOR('',#15855,10.);
#5232=VECTOR('',#15858,10.);
#5233=VECTOR('',#15859,10.);
#5234=VECTOR('',#15860,10.);
#5235=VECTOR('',#15863,10.);
#5236=VECTOR('',#15864,10.);
#5237=VECTOR('',#15865,10.);
#5238=VECTOR('',#15868,10.);
#5239=VECTOR('',#15869,10.);
#5240=VECTOR('',#15870,10.);
#5241=VECTOR('',#15873,10.);
#5242=VECTOR('',#15874,10.);
#5243=VECTOR('',#15875,10.);
#5244=VECTOR('',#15878,10.);
#5245=VECTOR('',#15879,10.);
#5246=VECTOR('',#15882,10.);
#5247=VECTOR('',#15883,10.);
#5248=VECTOR('',#15884,10.);
#5249=VECTOR('',#15885,10.);
#5250=VECTOR('',#15888,10.);
#5251=VECTOR('',#15889,10.);
#5252=VECTOR('',#15890,10.);
#5253=VECTOR('',#15893,10.);
#5254=VECTOR('',#15894,10.);
#5255=VECTOR('',#15895,10.);
#5256=VECTOR('',#15898,10.);
#5257=VECTOR('',#15899,10.);
#5258=VECTOR('',#15900,10.);
#5259=VECTOR('',#15903,10.);
#5260=VECTOR('',#15904,10.);
#5261=VECTOR('',#15905,10.);
#5262=VECTOR('',#15908,10.);
#5263=VECTOR('',#15909,10.);
#5264=VECTOR('',#15912,10.);
#5265=VECTOR('',#15913,10.);
#5266=VECTOR('',#15914,10.);
#5267=VECTOR('',#15915,10.);
#5268=VECTOR('',#15918,10.);
#5269=VECTOR('',#15919,10.);
#5270=VECTOR('',#15920,10.);
#5271=VECTOR('',#15923,10.);
#5272=VECTOR('',#15924,10.);
#5273=VECTOR('',#15925,10.);
#5274=VECTOR('',#15928,10.);
#5275=VECTOR('',#15929,10.);
#5276=VECTOR('',#15930,10.);
#5277=VECTOR('',#15933,10.);
#5278=VECTOR('',#15934,10.);
#5279=VECTOR('',#15935,10.);
#5280=VECTOR('',#15938,10.);
#5281=VECTOR('',#15939,10.);
#5282=VECTOR('',#15942,10.);
#5283=VECTOR('',#15943,10.);
#5284=VECTOR('',#15944,10.);
#5285=VECTOR('',#15945,10.);
#5286=VECTOR('',#15948,10.);
#5287=VECTOR('',#15949,10.);
#5288=VECTOR('',#15950,10.);
#5289=VECTOR('',#15953,10.);
#5290=VECTOR('',#15954,10.);
#5291=VECTOR('',#15955,10.);
#5292=VECTOR('',#15958,10.);
#5293=VECTOR('',#15959,10.);
#5294=VECTOR('',#15960,10.);
#5295=VECTOR('',#15963,10.);
#5296=VECTOR('',#15964,10.);
#5297=VECTOR('',#15965,10.);
#5298=VECTOR('',#15968,10.);
#5299=VECTOR('',#15969,10.);
#5300=VECTOR('',#15972,10.);
#5301=VECTOR('',#15973,10.);
#5302=VECTOR('',#15974,10.);
#5303=VECTOR('',#15975,10.);
#5304=VECTOR('',#15978,10.);
#5305=VECTOR('',#15979,10.);
#5306=VECTOR('',#15980,10.);
#5307=VECTOR('',#15983,10.);
#5308=VECTOR('',#15984,10.);
#5309=VECTOR('',#15985,10.);
#5310=VECTOR('',#15988,10.);
#5311=VECTOR('',#15989,10.);
#5312=VECTOR('',#15990,10.);
#5313=VECTOR('',#15993,10.);
#5314=VECTOR('',#15994,10.);
#5315=VECTOR('',#15995,10.);
#5316=VECTOR('',#15998,10.);
#5317=VECTOR('',#15999,10.);
#5318=VECTOR('',#16002,10.);
#5319=VECTOR('',#16003,10.);
#5320=VECTOR('',#16004,10.);
#5321=VECTOR('',#16005,10.);
#5322=VECTOR('',#16008,10.);
#5323=VECTOR('',#16009,10.);
#5324=VECTOR('',#16010,10.);
#5325=VECTOR('',#16013,10.);
#5326=VECTOR('',#16014,10.);
#5327=VECTOR('',#16015,10.);
#5328=VECTOR('',#16018,10.);
#5329=VECTOR('',#16019,10.);
#5330=VECTOR('',#16020,10.);
#5331=VECTOR('',#16023,10.);
#5332=VECTOR('',#16024,10.);
#5333=VECTOR('',#16025,10.);
#5334=VECTOR('',#16028,10.);
#5335=VECTOR('',#16029,10.);
#5336=VECTOR('',#16032,10.);
#5337=VECTOR('',#16033,10.);
#5338=VECTOR('',#16034,10.);
#5339=VECTOR('',#16035,10.);
#5340=VECTOR('',#16038,10.);
#5341=VECTOR('',#16039,10.);
#5342=VECTOR('',#16040,10.);
#5343=VECTOR('',#16043,10.);
#5344=VECTOR('',#16044,10.);
#5345=VECTOR('',#16045,10.);
#5346=VECTOR('',#16048,10.);
#5347=VECTOR('',#16049,10.);
#5348=VECTOR('',#16050,10.);
#5349=VECTOR('',#16053,10.);
#5350=VECTOR('',#16054,10.);
#5351=VECTOR('',#16055,10.);
#5352=VECTOR('',#16058,10.);
#5353=VECTOR('',#16059,10.);
#5354=VECTOR('',#16062,10.);
#5355=VECTOR('',#16063,10.);
#5356=VECTOR('',#16064,10.);
#5357=VECTOR('',#16065,10.);
#5358=VECTOR('',#16068,10.);
#5359=VECTOR('',#16069,10.);
#5360=VECTOR('',#16070,10.);
#5361=VECTOR('',#16073,10.);
#5362=VECTOR('',#16074,10.);
#5363=VECTOR('',#16075,10.);
#5364=VECTOR('',#16078,10.);
#5365=VECTOR('',#16079,10.);
#5366=VECTOR('',#16080,10.);
#5367=VECTOR('',#16083,10.);
#5368=VECTOR('',#16084,10.);
#5369=VECTOR('',#16085,10.);
#5370=VECTOR('',#16088,10.);
#5371=VECTOR('',#16089,10.);
#5372=VECTOR('',#16092,10.);
#5373=VECTOR('',#16093,10.);
#5374=VECTOR('',#16094,10.);
#5375=VECTOR('',#16095,10.);
#5376=VECTOR('',#16098,10.);
#5377=VECTOR('',#16099,10.);
#5378=VECTOR('',#16100,10.);
#5379=VECTOR('',#16103,10.);
#5380=VECTOR('',#16104,10.);
#5381=VECTOR('',#16105,10.);
#5382=VECTOR('',#16108,10.);
#5383=VECTOR('',#16109,10.);
#5384=VECTOR('',#16110,10.);
#5385=VECTOR('',#16113,10.);
#5386=VECTOR('',#16114,10.);
#5387=VECTOR('',#16115,10.);
#5388=VECTOR('',#16118,10.);
#5389=VECTOR('',#16119,10.);
#5390=VECTOR('',#16122,10.);
#5391=VECTOR('',#16123,10.);
#5392=VECTOR('',#16124,10.);
#5393=VECTOR('',#16125,10.);
#5394=VECTOR('',#16128,10.);
#5395=VECTOR('',#16129,10.);
#5396=VECTOR('',#16130,10.);
#5397=VECTOR('',#16133,10.);
#5398=VECTOR('',#16134,10.);
#5399=VECTOR('',#16135,10.);
#5400=VECTOR('',#16138,10.);
#5401=VECTOR('',#16139,10.);
#5402=VECTOR('',#16140,10.);
#5403=VECTOR('',#16143,10.);
#5404=VECTOR('',#16144,10.);
#5405=VECTOR('',#16145,10.);
#5406=VECTOR('',#16148,10.);
#5407=VECTOR('',#16149,10.);
#5408=VECTOR('',#16152,10.);
#5409=VECTOR('',#16153,10.);
#5410=VECTOR('',#16154,10.);
#5411=VECTOR('',#16155,10.);
#5412=VECTOR('',#16158,10.);
#5413=VECTOR('',#16159,10.);
#5414=VECTOR('',#16160,10.);
#5415=VECTOR('',#16163,10.);
#5416=VECTOR('',#16164,10.);
#5417=VECTOR('',#16165,10.);
#5418=VECTOR('',#16168,10.);
#5419=VECTOR('',#16169,10.);
#5420=VECTOR('',#16170,10.);
#5421=VECTOR('',#16173,10.);
#5422=VECTOR('',#16174,10.);
#5423=VECTOR('',#16175,10.);
#5424=VECTOR('',#16178,10.);
#5425=VECTOR('',#16179,10.);
#5426=VECTOR('',#16182,10.);
#5427=VECTOR('',#16183,10.);
#5428=VECTOR('',#16184,10.);
#5429=VECTOR('',#16185,10.);
#5430=VECTOR('',#16188,10.);
#5431=VECTOR('',#16189,10.);
#5432=VECTOR('',#16190,10.);
#5433=VECTOR('',#16193,10.);
#5434=VECTOR('',#16194,10.);
#5435=VECTOR('',#16195,10.);
#5436=VECTOR('',#16198,10.);
#5437=VECTOR('',#16199,10.);
#5438=VECTOR('',#16200,10.);
#5439=VECTOR('',#16203,10.);
#5440=VECTOR('',#16204,10.);
#5441=VECTOR('',#16205,10.);
#5442=VECTOR('',#16208,10.);
#5443=VECTOR('',#16209,10.);
#5444=VECTOR('',#16212,10.);
#5445=VECTOR('',#16213,10.);
#5446=VECTOR('',#16214,10.);
#5447=VECTOR('',#16215,10.);
#5448=VECTOR('',#16218,10.);
#5449=VECTOR('',#16219,10.);
#5450=VECTOR('',#16220,10.);
#5451=VECTOR('',#16223,10.);
#5452=VECTOR('',#16224,10.);
#5453=VECTOR('',#16225,10.);
#5454=VECTOR('',#16228,10.);
#5455=VECTOR('',#16229,10.);
#5456=VECTOR('',#16230,10.);
#5457=VECTOR('',#16233,10.);
#5458=VECTOR('',#16234,10.);
#5459=VECTOR('',#16235,10.);
#5460=VECTOR('',#16238,10.);
#5461=VECTOR('',#16239,10.);
#5462=VECTOR('',#16242,10.);
#5463=VECTOR('',#16243,10.);
#5464=VECTOR('',#16244,10.);
#5465=VECTOR('',#16245,10.);
#5466=VECTOR('',#16248,10.);
#5467=VECTOR('',#16249,10.);
#5468=VECTOR('',#16250,10.);
#5469=VECTOR('',#16253,10.);
#5470=VECTOR('',#16254,10.);
#5471=VECTOR('',#16255,10.);
#5472=VECTOR('',#16258,10.);
#5473=VECTOR('',#16259,10.);
#5474=VECTOR('',#16260,10.);
#5475=VECTOR('',#16263,10.);
#5476=VECTOR('',#16264,10.);
#5477=VECTOR('',#16265,10.);
#5478=VECTOR('',#16268,10.);
#5479=VECTOR('',#16269,10.);
#5480=VECTOR('',#16272,10.);
#5481=VECTOR('',#16273,10.);
#5482=VECTOR('',#16274,10.);
#5483=VECTOR('',#16275,10.);
#5484=VECTOR('',#16278,10.);
#5485=VECTOR('',#16279,10.);
#5486=VECTOR('',#16280,10.);
#5487=VECTOR('',#16283,10.);
#5488=VECTOR('',#16284,10.);
#5489=VECTOR('',#16285,10.);
#5490=VECTOR('',#16288,10.);
#5491=VECTOR('',#16289,10.);
#5492=VECTOR('',#16290,10.);
#5493=VECTOR('',#16293,10.);
#5494=VECTOR('',#16294,10.);
#5495=VECTOR('',#16295,10.);
#5496=VECTOR('',#16298,10.);
#5497=VECTOR('',#16299,10.);
#5498=VECTOR('',#16302,10.);
#5499=VECTOR('',#16303,10.);
#5500=VECTOR('',#16304,10.);
#5501=VECTOR('',#16305,10.);
#5502=VECTOR('',#16308,10.);
#5503=VECTOR('',#16309,10.);
#5504=VECTOR('',#16310,10.);
#5505=VECTOR('',#16313,10.);
#5506=VECTOR('',#16314,10.);
#5507=VECTOR('',#16315,10.);
#5508=VECTOR('',#16318,10.);
#5509=VECTOR('',#16319,10.);
#5510=VECTOR('',#16320,10.);
#5511=VECTOR('',#16323,10.);
#5512=VECTOR('',#16324,10.);
#5513=VECTOR('',#16325,10.);
#5514=VECTOR('',#16328,10.);
#5515=VECTOR('',#16329,10.);
#5516=VECTOR('',#16332,10.);
#5517=VECTOR('',#16333,10.);
#5518=VECTOR('',#16334,10.);
#5519=VECTOR('',#16335,10.);
#5520=VECTOR('',#16338,10.);
#5521=VECTOR('',#16339,10.);
#5522=VECTOR('',#16340,10.);
#5523=VECTOR('',#16343,10.);
#5524=VECTOR('',#16344,10.);
#5525=VECTOR('',#16345,10.);
#5526=VECTOR('',#16348,10.);
#5527=VECTOR('',#16349,10.);
#5528=VECTOR('',#16350,10.);
#5529=VECTOR('',#16353,10.);
#5530=VECTOR('',#16354,10.);
#5531=VECTOR('',#16355,10.);
#5532=VECTOR('',#16358,10.);
#5533=VECTOR('',#16359,10.);
#5534=VECTOR('',#16362,10.);
#5535=VECTOR('',#16363,10.);
#5536=VECTOR('',#16364,10.);
#5537=VECTOR('',#16365,10.);
#5538=VECTOR('',#16368,10.);
#5539=VECTOR('',#16369,10.);
#5540=VECTOR('',#16370,10.);
#5541=VECTOR('',#16373,10.);
#5542=VECTOR('',#16374,10.);
#5543=VECTOR('',#16375,10.);
#5544=VECTOR('',#16378,10.);
#5545=VECTOR('',#16379,10.);
#5546=VECTOR('',#16380,10.);
#5547=VECTOR('',#16383,10.);
#5548=VECTOR('',#16384,10.);
#5549=VECTOR('',#16385,10.);
#5550=VECTOR('',#16388,10.);
#5551=VECTOR('',#16389,10.);
#5552=VECTOR('',#16392,10.);
#5553=VECTOR('',#16393,10.);
#5554=VECTOR('',#16394,10.);
#5555=VECTOR('',#16395,10.);
#5556=VECTOR('',#16398,10.);
#5557=VECTOR('',#16399,10.);
#5558=VECTOR('',#16400,10.);
#5559=VECTOR('',#16403,10.);
#5560=VECTOR('',#16404,10.);
#5561=VECTOR('',#16405,10.);
#5562=VECTOR('',#16408,10.);
#5563=VECTOR('',#16409,10.);
#5564=VECTOR('',#16410,10.);
#5565=VECTOR('',#16413,10.);
#5566=VECTOR('',#16414,10.);
#5567=VECTOR('',#16415,10.);
#5568=VECTOR('',#16418,10.);
#5569=VECTOR('',#16419,10.);
#5570=VECTOR('',#16422,10.);
#5571=VECTOR('',#16423,10.);
#5572=VECTOR('',#16424,10.);
#5573=VECTOR('',#16425,10.);
#5574=VECTOR('',#16428,10.);
#5575=VECTOR('',#16429,10.);
#5576=VECTOR('',#16430,10.);
#5577=VECTOR('',#16433,10.);
#5578=VECTOR('',#16434,10.);
#5579=VECTOR('',#16435,10.);
#5580=VECTOR('',#16438,10.);
#5581=VECTOR('',#16439,10.);
#5582=VECTOR('',#16440,10.);
#5583=VECTOR('',#16443,10.);
#5584=VECTOR('',#16444,10.);
#5585=VECTOR('',#16445,10.);
#5586=VECTOR('',#16448,10.);
#5587=VECTOR('',#16449,10.);
#5588=VECTOR('',#16452,10.);
#5589=VECTOR('',#16453,10.);
#5590=VECTOR('',#16454,10.);
#5591=VECTOR('',#16455,10.);
#5592=VECTOR('',#16458,10.);
#5593=VECTOR('',#16459,10.);
#5594=VECTOR('',#16460,10.);
#5595=VECTOR('',#16463,10.);
#5596=VECTOR('',#16464,10.);
#5597=VECTOR('',#16465,10.);
#5598=VECTOR('',#16468,10.);
#5599=VECTOR('',#16469,10.);
#5600=VECTOR('',#16470,10.);
#5601=VECTOR('',#16473,10.);
#5602=VECTOR('',#16474,10.);
#5603=VECTOR('',#16475,10.);
#5604=VECTOR('',#16478,10.);
#5605=VECTOR('',#16479,10.);
#5606=VECTOR('',#16482,10.);
#5607=VECTOR('',#16483,10.);
#5608=VECTOR('',#16484,10.);
#5609=VECTOR('',#16485,10.);
#5610=VECTOR('',#16488,10.);
#5611=VECTOR('',#16489,10.);
#5612=VECTOR('',#16490,10.);
#5613=VECTOR('',#16493,10.);
#5614=VECTOR('',#16494,10.);
#5615=VECTOR('',#16495,10.);
#5616=VECTOR('',#16498,10.);
#5617=VECTOR('',#16499,10.);
#5618=VECTOR('',#16500,10.);
#5619=VECTOR('',#16503,10.);
#5620=VECTOR('',#16504,10.);
#5621=VECTOR('',#16505,10.);
#5622=VECTOR('',#16508,10.);
#5623=VECTOR('',#16509,10.);
#5624=VECTOR('',#16514,1.99999999999999);
#5625=VECTOR('',#16519,10.);
#5626=VECTOR('',#16520,10.);
#5627=VECTOR('',#16521,10.);
#5628=VECTOR('',#16522,10.);
#5629=VECTOR('',#16525,10.);
#5630=VECTOR('',#16526,10.);
#5631=VECTOR('',#16527,10.);
#5632=VECTOR('',#16530,10.);
#5633=VECTOR('',#16531,10.);
#5634=VECTOR('',#16532,10.);
#5635=VECTOR('',#16535,10.);
#5636=VECTOR('',#16536,10.);
#5637=VECTOR('',#16539,10.);
#5638=VECTOR('',#16540,10.);
#5639=VECTOR('',#16541,10.);
#5640=VECTOR('',#16542,10.);
#5641=VECTOR('',#16545,10.);
#5642=VECTOR('',#16546,10.);
#5643=VECTOR('',#16547,10.);
#5644=VECTOR('',#16550,10.);
#5645=VECTOR('',#16551,10.);
#5646=VECTOR('',#16552,10.);
#5647=VECTOR('',#16555,10.);
#5648=VECTOR('',#16556,10.);
#5649=VECTOR('',#16561,11.);
#5650=VECTOR('',#16568,2.05);
#5651=VECTOR('',#16577,2.05);
#5652=VECTOR('',#16586,2.05);
#5653=VECTOR('',#16595,2.05);
#5654=VECTOR('',#16602,10.);
#5655=VECTOR('',#16605,10.);
#5656=VECTOR('',#16618,10.);
#5657=VECTOR('',#16619,10.);
#5658=VECTOR('',#16620,10.);
#5659=VECTOR('',#16621,10.);
#5660=VECTOR('',#16624,10.);
#5661=VECTOR('',#16625,10.);
#5662=VECTOR('',#16626,10.);
#5663=VECTOR('',#16627,10.);
#5664=VECTOR('',#16630,10.);
#5665=VECTOR('',#16633,10.);
#5666=VECTOR('',#16636,10.);
#5667=VECTOR('',#16639,10.);
#5668=VECTOR('',#16644,10.);
#5669=VECTOR('',#16647,10.);
#5670=VECTOR('',#16658,10.);
#5671=VECTOR('',#16659,10.);
#5672=VECTOR('',#16660,10.);
#5673=VECTOR('',#16663,10.);
#5674=VECTOR('',#16664,10.);
#5675=VECTOR('',#16667,10.);
#5676=VECTOR('',#16668,10.);
#5677=VECTOR('',#16669,10.);
#5678=VECTOR('',#16672,10.);
#5679=VECTOR('',#16675,10.);
#5680=VECTOR('',#16686,10.);
#5681=VECTOR('',#16687,10.);
#5682=VECTOR('',#16690,10.);
#5683=VECTOR('',#16691,10.);
#5684=VECTOR('',#16692,10.);
#5685=VECTOR('',#16695,10.);
#5686=VECTOR('',#16698,10.);
#5687=VECTOR('',#16699,10.);
#5688=VECTOR('',#16712,10.);
#5689=VECTOR('',#16713,10.);
#5690=VECTOR('',#16714,10.);
#5691=VECTOR('',#16717,10.);
#5692=VECTOR('',#16720,10.);
#5693=VECTOR('',#16721,10.);
#5694=VECTOR('',#16724,10.);
#5695=VECTOR('',#16727,10.);
#5696=VECTOR('',#16732,10.);
#5697=VECTOR('',#16733,10.);
#5698=VECTOR('',#16734,10.);
#5699=VECTOR('',#16737,10.);
#5700=VECTOR('',#16744,10.);
#5701=VECTOR('',#16745,10.);
#5702=VECTOR('',#16746,10.);
#5703=VECTOR('',#16749,10.);
#5704=VECTOR('',#16756,10.);
#5705=VECTOR('',#16757,10.);
#5706=VECTOR('',#16758,10.);
#5707=VECTOR('',#16761,10.);
#5708=VECTOR('',#16768,10.);
#5709=VECTOR('',#16769,10.);
#5710=VECTOR('',#16772,10.);
#5711=VECTOR('',#16773,10.);
#5712=VECTOR('',#16774,10.);
#5713=VECTOR('',#16777,10.);
#5714=VECTOR('',#16782,10.);
#5715=VECTOR('',#16783,10.);
#5716=VECTOR('',#16786,10.);
#5717=VECTOR('',#16793,10.);
#5718=VECTOR('',#16796,10.);
#5719=VECTOR('',#16799,10.);
#5720=VECTOR('',#16802,10.);
#5721=VECTOR('',#16805,10.);
#5722=VECTOR('',#16808,10.);
#5723=VECTOR('',#16813,10.);
#5724=VECTOR('',#16814,10.);
#5725=VECTOR('',#16817,10.);
#5726=VERTEX_POINT('',#16831);
#5727=VERTEX_POINT('',#16832);
#5728=VERTEX_POINT('',#16834);
#5729=VERTEX_POINT('',#16836);
#5730=VERTEX_POINT('',#16840);
#5731=VERTEX_POINT('',#16841);
#5732=VERTEX_POINT('',#16843);
#5733=VERTEX_POINT('',#16845);
#5734=VERTEX_POINT('',#16849);
#5735=VERTEX_POINT('',#16851);
#5736=VERTEX_POINT('',#16853);
#5737=VERTEX_POINT('',#16855);
#5738=VERTEX_POINT('',#16860);
#5739=VERTEX_POINT('',#16864);
#5740=VERTEX_POINT('',#16868);
#5741=VERTEX_POINT('',#16869);
#5742=VERTEX_POINT('',#16871);
#5743=VERTEX_POINT('',#16873);
#5744=VERTEX_POINT('',#16877);
#5745=VERTEX_POINT('',#16878);
#5746=VERTEX_POINT('',#16880);
#5747=VERTEX_POINT('',#16882);
#5748=VERTEX_POINT('',#16886);
#5749=VERTEX_POINT('',#16887);
#5750=VERTEX_POINT('',#16892);
#5751=VERTEX_POINT('',#16893);
#5752=VERTEX_POINT('',#16895);
#5753=VERTEX_POINT('',#16897);
#5754=VERTEX_POINT('',#16901);
#5755=VERTEX_POINT('',#16903);
#5756=VERTEX_POINT('',#16907);
#5757=VERTEX_POINT('',#16908);
#5758=VERTEX_POINT('',#16910);
#5759=VERTEX_POINT('',#16912);
#5760=VERTEX_POINT('',#16916);
#5761=VERTEX_POINT('',#16918);
#5762=VERTEX_POINT('',#16925);
#5763=VERTEX_POINT('',#16927);
#5764=VERTEX_POINT('',#16934);
#5765=VERTEX_POINT('',#16935);
#5766=VERTEX_POINT('',#16937);
#5767=VERTEX_POINT('',#16939);
#5768=VERTEX_POINT('',#16943);
#5769=VERTEX_POINT('',#16945);
#5770=VERTEX_POINT('',#16949);
#5771=VERTEX_POINT('',#16951);
#5772=VERTEX_POINT('',#16955);
#5773=VERTEX_POINT('',#16957);
#5774=VERTEX_POINT('',#16961);
#5775=VERTEX_POINT('',#16963);
#5776=VERTEX_POINT('',#16967);
#5777=VERTEX_POINT('',#16969);
#5778=VERTEX_POINT('',#16974);
#5779=VERTEX_POINT('',#16976);
#5780=VERTEX_POINT('',#16979);
#5781=VERTEX_POINT('',#16980);
#5782=VERTEX_POINT('',#16982);
#5783=VERTEX_POINT('',#16984);
#5784=VERTEX_POINT('',#16986);
#5785=VERTEX_POINT('',#16988);
#5786=VERTEX_POINT('',#16990);
#5787=VERTEX_POINT('',#16992);
#5788=VERTEX_POINT('',#16995);
#5789=VERTEX_POINT('',#16996);
#5790=VERTEX_POINT('',#16998);
#5791=VERTEX_POINT('',#17000);
#5792=VERTEX_POINT('',#17002);
#5793=VERTEX_POINT('',#17004);
#5794=VERTEX_POINT('',#17006);
#5795=VERTEX_POINT('',#17008);
#5796=VERTEX_POINT('',#17010);
#5797=VERTEX_POINT('',#17012);
#5798=VERTEX_POINT('',#17014);
#5799=VERTEX_POINT('',#17016);
#5800=VERTEX_POINT('',#17019);
#5801=VERTEX_POINT('',#17020);
#5802=VERTEX_POINT('',#17022);
#5803=VERTEX_POINT('',#17024);
#5804=VERTEX_POINT('',#17026);
#5805=VERTEX_POINT('',#17028);
#5806=VERTEX_POINT('',#17030);
#5807=VERTEX_POINT('',#17032);
#5808=VERTEX_POINT('',#17034);
#5809=VERTEX_POINT('',#17036);
#5810=VERTEX_POINT('',#17038);
#5811=VERTEX_POINT('',#17040);
#5812=VERTEX_POINT('',#17043);
#5813=VERTEX_POINT('',#17046);
#5814=VERTEX_POINT('',#17048);
#5815=VERTEX_POINT('',#17050);
#5816=VERTEX_POINT('',#17052);
#5817=VERTEX_POINT('',#17057);
#5818=VERTEX_POINT('',#17059);
#5819=VERTEX_POINT('',#17063);
#5820=VERTEX_POINT('',#17065);
#5821=VERTEX_POINT('',#17069);
#5822=VERTEX_POINT('',#17071);
#5823=VERTEX_POINT('',#17074);
#5824=VERTEX_POINT('',#17076);
#5825=VERTEX_POINT('',#17090);
#5826=VERTEX_POINT('',#17092);
#5827=VERTEX_POINT('',#17098);
#5828=VERTEX_POINT('',#17102);
#5829=VERTEX_POINT('',#17108);
#5830=VERTEX_POINT('',#17117);
#5831=VERTEX_POINT('',#17119);
#5832=VERTEX_POINT('',#17123);
#5833=VERTEX_POINT('',#17125);
#5834=VERTEX_POINT('',#17129);
#5835=VERTEX_POINT('',#17133);
#5836=VERTEX_POINT('',#17137);
#5837=VERTEX_POINT('',#17141);
#5838=VERTEX_POINT('',#17143);
#5839=VERTEX_POINT('',#17151);
#5840=VERTEX_POINT('',#17155);
#5841=VERTEX_POINT('',#17159);
#5842=VERTEX_POINT('',#17166);
#5843=VERTEX_POINT('',#17168);
#5844=VERTEX_POINT('',#17172);
#5845=VERTEX_POINT('',#17174);
#5846=VERTEX_POINT('',#17178);
#5847=VERTEX_POINT('',#17182);
#5848=VERTEX_POINT('',#17186);
#5849=VERTEX_POINT('',#17190);
#5850=VERTEX_POINT('',#17192);
#5851=VERTEX_POINT('',#17200);
#5852=VERTEX_POINT('',#17204);
#5853=VERTEX_POINT('',#17208);
#5854=VERTEX_POINT('',#17222);
#5855=VERTEX_POINT('',#17224);
#5856=VERTEX_POINT('',#17228);
#5857=VERTEX_POINT('',#17230);
#5858=VERTEX_POINT('',#17234);
#5859=VERTEX_POINT('',#17236);
#5860=VERTEX_POINT('',#17240);
#5861=VERTEX_POINT('',#17242);
#5862=VERTEX_POINT('',#17246);
#5863=VERTEX_POINT('',#17247);
#5864=VERTEX_POINT('',#17249);
#5865=VERTEX_POINT('',#17251);
#5866=VERTEX_POINT('',#17255);
#5867=VERTEX_POINT('',#17256);
#5868=VERTEX_POINT('',#17258);
#5869=VERTEX_POINT('',#17260);
#5870=VERTEX_POINT('',#17264);
#5871=VERTEX_POINT('',#17265);
#5872=VERTEX_POINT('',#17267);
#5873=VERTEX_POINT('',#17269);
#5874=VERTEX_POINT('',#17273);
#5875=VERTEX_POINT('',#17274);
#5876=VERTEX_POINT('',#17276);
#5877=VERTEX_POINT('',#17278);
#5878=VERTEX_POINT('',#17282);
#5879=VERTEX_POINT('',#17283);
#5880=VERTEX_POINT('',#17285);
#5881=VERTEX_POINT('',#17287);
#5882=VERTEX_POINT('',#17291);
#5883=VERTEX_POINT('',#17292);
#5884=VERTEX_POINT('',#17294);
#5885=VERTEX_POINT('',#17296);
#5886=VERTEX_POINT('',#17300);
#5887=VERTEX_POINT('',#17301);
#5888=VERTEX_POINT('',#17303);
#5889=VERTEX_POINT('',#17305);
#5890=VERTEX_POINT('',#17309);
#5891=VERTEX_POINT('',#17310);
#5892=VERTEX_POINT('',#17312);
#5893=VERTEX_POINT('',#17314);
#5894=VERTEX_POINT('',#17318);
#5895=VERTEX_POINT('',#17319);
#5896=VERTEX_POINT('',#17321);
#5897=VERTEX_POINT('',#17323);
#5898=VERTEX_POINT('',#17327);
#5899=VERTEX_POINT('',#17328);
#5900=VERTEX_POINT('',#17330);
#5901=VERTEX_POINT('',#17332);
#5902=VERTEX_POINT('',#17336);
#5903=VERTEX_POINT('',#17337);
#5904=VERTEX_POINT('',#17339);
#5905=VERTEX_POINT('',#17341);
#5906=VERTEX_POINT('',#17345);
#5907=VERTEX_POINT('',#17346);
#5908=VERTEX_POINT('',#17348);
#5909=VERTEX_POINT('',#17350);
#5910=VERTEX_POINT('',#17354);
#5911=VERTEX_POINT('',#17356);
#5912=VERTEX_POINT('',#17360);
#5913=VERTEX_POINT('',#17362);
#5914=VERTEX_POINT('',#17372);
#5915=VERTEX_POINT('',#17374);
#5916=VERTEX_POINT('',#17378);
#5917=VERTEX_POINT('',#17380);
#5918=VERTEX_POINT('',#17422);
#5919=VERTEX_POINT('',#17423);
#5920=VERTEX_POINT('',#17425);
#5921=VERTEX_POINT('',#17427);
#5922=VERTEX_POINT('',#17431);
#5923=VERTEX_POINT('',#17433);
#5924=VERTEX_POINT('',#17437);
#5925=VERTEX_POINT('',#17438);
#5926=VERTEX_POINT('',#17443);
#5927=VERTEX_POINT('',#17445);
#5928=VERTEX_POINT('',#17449);
#5929=VERTEX_POINT('',#17450);
#5930=VERTEX_POINT('',#17455);
#5931=VERTEX_POINT('',#17457);
#5932=VERTEX_POINT('',#17461);
#5933=VERTEX_POINT('',#17462);
#5934=VERTEX_POINT('',#17470);
#5935=VERTEX_POINT('',#17472);
#5936=VERTEX_POINT('',#17476);
#5937=VERTEX_POINT('',#17480);
#5938=VERTEX_POINT('',#17484);
#5939=VERTEX_POINT('',#17489);
#5940=VERTEX_POINT('',#17493);
#5941=VERTEX_POINT('',#17497);
#5942=VERTEX_POINT('',#17505);
#5943=VERTEX_POINT('',#17506);
#5944=VERTEX_POINT('',#17508);
#5945=VERTEX_POINT('',#17510);
#5946=VERTEX_POINT('',#17514);
#5947=VERTEX_POINT('',#17516);
#5948=VERTEX_POINT('',#17520);
#5949=VERTEX_POINT('',#17522);
#5950=VERTEX_POINT('',#17526);
#5951=VERTEX_POINT('',#17528);
#5952=VERTEX_POINT('',#17532);
#5953=VERTEX_POINT('',#17534);
#5954=VERTEX_POINT('',#17541);
#5955=VERTEX_POINT('',#17542);
#5956=VERTEX_POINT('',#17544);
#5957=VERTEX_POINT('',#17546);
#5958=VERTEX_POINT('',#17550);
#5959=VERTEX_POINT('',#17552);
#5960=VERTEX_POINT('',#17556);
#5961=VERTEX_POINT('',#17558);
#5962=VERTEX_POINT('',#17562);
#5963=VERTEX_POINT('',#17564);
#5964=VERTEX_POINT('',#17568);
#5965=VERTEX_POINT('',#17570);
#5966=VERTEX_POINT('',#17577);
#5967=VERTEX_POINT('',#17578);
#5968=VERTEX_POINT('',#17580);
#5969=VERTEX_POINT('',#17582);
#5970=VERTEX_POINT('',#17586);
#5971=VERTEX_POINT('',#17588);
#5972=VERTEX_POINT('',#17592);
#5973=VERTEX_POINT('',#17594);
#5974=VERTEX_POINT('',#17598);
#5975=VERTEX_POINT('',#17600);
#5976=VERTEX_POINT('',#17604);
#5977=VERTEX_POINT('',#17606);
#5978=VERTEX_POINT('',#17613);
#5979=VERTEX_POINT('',#17614);
#5980=VERTEX_POINT('',#17616);
#5981=VERTEX_POINT('',#17618);
#5982=VERTEX_POINT('',#17622);
#5983=VERTEX_POINT('',#17624);
#5984=VERTEX_POINT('',#17628);
#5985=VERTEX_POINT('',#17630);
#5986=VERTEX_POINT('',#17634);
#5987=VERTEX_POINT('',#17636);
#5988=VERTEX_POINT('',#17640);
#5989=VERTEX_POINT('',#17642);
#5990=VERTEX_POINT('',#17649);
#5991=VERTEX_POINT('',#17650);
#5992=VERTEX_POINT('',#17652);
#5993=VERTEX_POINT('',#17654);
#5994=VERTEX_POINT('',#17658);
#5995=VERTEX_POINT('',#17660);
#5996=VERTEX_POINT('',#17664);
#5997=VERTEX_POINT('',#17666);
#5998=VERTEX_POINT('',#17670);
#5999=VERTEX_POINT('',#17672);
#6000=VERTEX_POINT('',#17676);
#6001=VERTEX_POINT('',#17678);
#6002=VERTEX_POINT('',#17685);
#6003=VERTEX_POINT('',#17686);
#6004=VERTEX_POINT('',#17688);
#6005=VERTEX_POINT('',#17690);
#6006=VERTEX_POINT('',#17694);
#6007=VERTEX_POINT('',#17696);
#6008=VERTEX_POINT('',#17700);
#6009=VERTEX_POINT('',#17702);
#6010=VERTEX_POINT('',#17706);
#6011=VERTEX_POINT('',#17708);
#6012=VERTEX_POINT('',#17712);
#6013=VERTEX_POINT('',#17714);
#6014=VERTEX_POINT('',#17721);
#6015=VERTEX_POINT('',#17722);
#6016=VERTEX_POINT('',#17724);
#6017=VERTEX_POINT('',#17726);
#6018=VERTEX_POINT('',#17730);
#6019=VERTEX_POINT('',#17732);
#6020=VERTEX_POINT('',#17736);
#6021=VERTEX_POINT('',#17738);
#6022=VERTEX_POINT('',#17742);
#6023=VERTEX_POINT('',#17744);
#6024=VERTEX_POINT('',#17748);
#6025=VERTEX_POINT('',#17750);
#6026=VERTEX_POINT('',#17757);
#6027=VERTEX_POINT('',#17758);
#6028=VERTEX_POINT('',#17760);
#6029=VERTEX_POINT('',#17762);
#6030=VERTEX_POINT('',#17766);
#6031=VERTEX_POINT('',#17768);
#6032=VERTEX_POINT('',#17772);
#6033=VERTEX_POINT('',#17774);
#6034=VERTEX_POINT('',#17778);
#6035=VERTEX_POINT('',#17780);
#6036=VERTEX_POINT('',#17784);
#6037=VERTEX_POINT('',#17786);
#6038=VERTEX_POINT('',#17793);
#6039=VERTEX_POINT('',#17794);
#6040=VERTEX_POINT('',#17796);
#6041=VERTEX_POINT('',#17798);
#6042=VERTEX_POINT('',#17802);
#6043=VERTEX_POINT('',#17804);
#6044=VERTEX_POINT('',#17808);
#6045=VERTEX_POINT('',#17810);
#6046=VERTEX_POINT('',#17814);
#6047=VERTEX_POINT('',#17816);
#6048=VERTEX_POINT('',#17820);
#6049=VERTEX_POINT('',#17822);
#6050=VERTEX_POINT('',#17829);
#6051=VERTEX_POINT('',#17830);
#6052=VERTEX_POINT('',#17832);
#6053=VERTEX_POINT('',#17834);
#6054=VERTEX_POINT('',#17838);
#6055=VERTEX_POINT('',#17840);
#6056=VERTEX_POINT('',#17844);
#6057=VERTEX_POINT('',#17846);
#6058=VERTEX_POINT('',#17850);
#6059=VERTEX_POINT('',#17852);
#6060=VERTEX_POINT('',#17856);
#6061=VERTEX_POINT('',#17858);
#6062=VERTEX_POINT('',#17865);
#6063=VERTEX_POINT('',#17866);
#6064=VERTEX_POINT('',#17868);
#6065=VERTEX_POINT('',#17870);
#6066=VERTEX_POINT('',#17874);
#6067=VERTEX_POINT('',#17876);
#6068=VERTEX_POINT('',#17880);
#6069=VERTEX_POINT('',#17882);
#6070=VERTEX_POINT('',#17886);
#6071=VERTEX_POINT('',#17888);
#6072=VERTEX_POINT('',#17892);
#6073=VERTEX_POINT('',#17894);
#6074=VERTEX_POINT('',#17901);
#6075=VERTEX_POINT('',#17902);
#6076=VERTEX_POINT('',#17904);
#6077=VERTEX_POINT('',#17906);
#6078=VERTEX_POINT('',#17910);
#6079=VERTEX_POINT('',#17912);
#6080=VERTEX_POINT('',#17916);
#6081=VERTEX_POINT('',#17918);
#6082=VERTEX_POINT('',#17922);
#6083=VERTEX_POINT('',#17924);
#6084=VERTEX_POINT('',#17928);
#6085=VERTEX_POINT('',#17930);
#6086=VERTEX_POINT('',#17937);
#6087=VERTEX_POINT('',#17938);
#6088=VERTEX_POINT('',#17940);
#6089=VERTEX_POINT('',#17942);
#6090=VERTEX_POINT('',#17946);
#6091=VERTEX_POINT('',#17948);
#6092=VERTEX_POINT('',#17952);
#6093=VERTEX_POINT('',#17954);
#6094=VERTEX_POINT('',#17958);
#6095=VERTEX_POINT('',#17960);
#6096=VERTEX_POINT('',#17964);
#6097=VERTEX_POINT('',#17966);
#6098=VERTEX_POINT('',#17973);
#6099=VERTEX_POINT('',#17974);
#6100=VERTEX_POINT('',#17976);
#6101=VERTEX_POINT('',#17978);
#6102=VERTEX_POINT('',#17982);
#6103=VERTEX_POINT('',#17984);
#6104=VERTEX_POINT('',#17988);
#6105=VERTEX_POINT('',#17990);
#6106=VERTEX_POINT('',#17994);
#6107=VERTEX_POINT('',#17996);
#6108=VERTEX_POINT('',#18000);
#6109=VERTEX_POINT('',#18002);
#6110=VERTEX_POINT('',#18009);
#6111=VERTEX_POINT('',#18010);
#6112=VERTEX_POINT('',#18012);
#6113=VERTEX_POINT('',#18014);
#6114=VERTEX_POINT('',#18018);
#6115=VERTEX_POINT('',#18020);
#6116=VERTEX_POINT('',#18024);
#6117=VERTEX_POINT('',#18026);
#6118=VERTEX_POINT('',#18030);
#6119=VERTEX_POINT('',#18032);
#6120=VERTEX_POINT('',#18036);
#6121=VERTEX_POINT('',#18038);
#6122=VERTEX_POINT('',#18045);
#6123=VERTEX_POINT('',#18046);
#6124=VERTEX_POINT('',#18048);
#6125=VERTEX_POINT('',#18050);
#6126=VERTEX_POINT('',#18054);
#6127=VERTEX_POINT('',#18056);
#6128=VERTEX_POINT('',#18060);
#6129=VERTEX_POINT('',#18062);
#6130=VERTEX_POINT('',#18066);
#6131=VERTEX_POINT('',#18068);
#6132=VERTEX_POINT('',#18072);
#6133=VERTEX_POINT('',#18074);
#6134=VERTEX_POINT('',#18081);
#6135=VERTEX_POINT('',#18082);
#6136=VERTEX_POINT('',#18084);
#6137=VERTEX_POINT('',#18086);
#6138=VERTEX_POINT('',#18090);
#6139=VERTEX_POINT('',#18092);
#6140=VERTEX_POINT('',#18096);
#6141=VERTEX_POINT('',#18098);
#6142=VERTEX_POINT('',#18102);
#6143=VERTEX_POINT('',#18104);
#6144=VERTEX_POINT('',#18108);
#6145=VERTEX_POINT('',#18110);
#6146=VERTEX_POINT('',#18117);
#6147=VERTEX_POINT('',#18118);
#6148=VERTEX_POINT('',#18120);
#6149=VERTEX_POINT('',#18122);
#6150=VERTEX_POINT('',#18126);
#6151=VERTEX_POINT('',#18128);
#6152=VERTEX_POINT('',#18132);
#6153=VERTEX_POINT('',#18134);
#6154=VERTEX_POINT('',#18138);
#6155=VERTEX_POINT('',#18140);
#6156=VERTEX_POINT('',#18144);
#6157=VERTEX_POINT('',#18146);
#6158=VERTEX_POINT('',#18153);
#6159=VERTEX_POINT('',#18154);
#6160=VERTEX_POINT('',#18156);
#6161=VERTEX_POINT('',#18158);
#6162=VERTEX_POINT('',#18162);
#6163=VERTEX_POINT('',#18164);
#6164=VERTEX_POINT('',#18168);
#6165=VERTEX_POINT('',#18170);
#6166=VERTEX_POINT('',#18174);
#6167=VERTEX_POINT('',#18176);
#6168=VERTEX_POINT('',#18180);
#6169=VERTEX_POINT('',#18182);
#6170=VERTEX_POINT('',#18189);
#6171=VERTEX_POINT('',#18190);
#6172=VERTEX_POINT('',#18192);
#6173=VERTEX_POINT('',#18194);
#6174=VERTEX_POINT('',#18198);
#6175=VERTEX_POINT('',#18200);
#6176=VERTEX_POINT('',#18204);
#6177=VERTEX_POINT('',#18206);
#6178=VERTEX_POINT('',#18210);
#6179=VERTEX_POINT('',#18212);
#6180=VERTEX_POINT('',#18216);
#6181=VERTEX_POINT('',#18218);
#6182=VERTEX_POINT('',#18225);
#6183=VERTEX_POINT('',#18226);
#6184=VERTEX_POINT('',#18228);
#6185=VERTEX_POINT('',#18230);
#6186=VERTEX_POINT('',#18234);
#6187=VERTEX_POINT('',#18236);
#6188=VERTEX_POINT('',#18240);
#6189=VERTEX_POINT('',#18242);
#6190=VERTEX_POINT('',#18246);
#6191=VERTEX_POINT('',#18248);
#6192=VERTEX_POINT('',#18252);
#6193=VERTEX_POINT('',#18254);
#6194=VERTEX_POINT('',#18261);
#6195=VERTEX_POINT('',#18262);
#6196=VERTEX_POINT('',#18264);
#6197=VERTEX_POINT('',#18266);
#6198=VERTEX_POINT('',#18270);
#6199=VERTEX_POINT('',#18272);
#6200=VERTEX_POINT('',#18276);
#6201=VERTEX_POINT('',#18278);
#6202=VERTEX_POINT('',#18282);
#6203=VERTEX_POINT('',#18284);
#6204=VERTEX_POINT('',#18288);
#6205=VERTEX_POINT('',#18290);
#6206=VERTEX_POINT('',#18297);
#6207=VERTEX_POINT('',#18298);
#6208=VERTEX_POINT('',#18300);
#6209=VERTEX_POINT('',#18302);
#6210=VERTEX_POINT('',#18306);
#6211=VERTEX_POINT('',#18308);
#6212=VERTEX_POINT('',#18312);
#6213=VERTEX_POINT('',#18314);
#6214=VERTEX_POINT('',#18318);
#6215=VERTEX_POINT('',#18320);
#6216=VERTEX_POINT('',#18324);
#6217=VERTEX_POINT('',#18326);
#6218=VERTEX_POINT('',#18333);
#6219=VERTEX_POINT('',#18334);
#6220=VERTEX_POINT('',#18336);
#6221=VERTEX_POINT('',#18338);
#6222=VERTEX_POINT('',#18342);
#6223=VERTEX_POINT('',#18344);
#6224=VERTEX_POINT('',#18348);
#6225=VERTEX_POINT('',#18350);
#6226=VERTEX_POINT('',#18354);
#6227=VERTEX_POINT('',#18356);
#6228=VERTEX_POINT('',#18360);
#6229=VERTEX_POINT('',#18362);
#6230=VERTEX_POINT('',#18369);
#6231=VERTEX_POINT('',#18370);
#6232=VERTEX_POINT('',#18372);
#6233=VERTEX_POINT('',#18374);
#6234=VERTEX_POINT('',#18378);
#6235=VERTEX_POINT('',#18380);
#6236=VERTEX_POINT('',#18384);
#6237=VERTEX_POINT('',#18386);
#6238=VERTEX_POINT('',#18390);
#6239=VERTEX_POINT('',#18392);
#6240=VERTEX_POINT('',#18396);
#6241=VERTEX_POINT('',#18398);
#6242=VERTEX_POINT('',#18405);
#6243=VERTEX_POINT('',#18406);
#6244=VERTEX_POINT('',#18408);
#6245=VERTEX_POINT('',#18410);
#6246=VERTEX_POINT('',#18414);
#6247=VERTEX_POINT('',#18416);
#6248=VERTEX_POINT('',#18420);
#6249=VERTEX_POINT('',#18422);
#6250=VERTEX_POINT('',#18426);
#6251=VERTEX_POINT('',#18428);
#6252=VERTEX_POINT('',#18432);
#6253=VERTEX_POINT('',#18434);
#6254=VERTEX_POINT('',#18441);
#6255=VERTEX_POINT('',#18442);
#6256=VERTEX_POINT('',#18444);
#6257=VERTEX_POINT('',#18446);
#6258=VERTEX_POINT('',#18450);
#6259=VERTEX_POINT('',#18452);
#6260=VERTEX_POINT('',#18456);
#6261=VERTEX_POINT('',#18458);
#6262=VERTEX_POINT('',#18462);
#6263=VERTEX_POINT('',#18464);
#6264=VERTEX_POINT('',#18468);
#6265=VERTEX_POINT('',#18470);
#6266=VERTEX_POINT('',#18477);
#6267=VERTEX_POINT('',#18478);
#6268=VERTEX_POINT('',#18480);
#6269=VERTEX_POINT('',#18482);
#6270=VERTEX_POINT('',#18486);
#6271=VERTEX_POINT('',#18488);
#6272=VERTEX_POINT('',#18492);
#6273=VERTEX_POINT('',#18494);
#6274=VERTEX_POINT('',#18498);
#6275=VERTEX_POINT('',#18500);
#6276=VERTEX_POINT('',#18504);
#6277=VERTEX_POINT('',#18506);
#6278=VERTEX_POINT('',#18513);
#6279=VERTEX_POINT('',#18514);
#6280=VERTEX_POINT('',#18516);
#6281=VERTEX_POINT('',#18518);
#6282=VERTEX_POINT('',#18522);
#6283=VERTEX_POINT('',#18524);
#6284=VERTEX_POINT('',#18528);
#6285=VERTEX_POINT('',#18530);
#6286=VERTEX_POINT('',#18534);
#6287=VERTEX_POINT('',#18536);
#6288=VERTEX_POINT('',#18540);
#6289=VERTEX_POINT('',#18542);
#6290=VERTEX_POINT('',#18549);
#6291=VERTEX_POINT('',#18550);
#6292=VERTEX_POINT('',#18552);
#6293=VERTEX_POINT('',#18554);
#6294=VERTEX_POINT('',#18558);
#6295=VERTEX_POINT('',#18560);
#6296=VERTEX_POINT('',#18564);
#6297=VERTEX_POINT('',#18566);
#6298=VERTEX_POINT('',#18570);
#6299=VERTEX_POINT('',#18572);
#6300=VERTEX_POINT('',#18576);
#6301=VERTEX_POINT('',#18578);
#6302=VERTEX_POINT('',#18585);
#6303=VERTEX_POINT('',#18586);
#6304=VERTEX_POINT('',#18588);
#6305=VERTEX_POINT('',#18590);
#6306=VERTEX_POINT('',#18594);
#6307=VERTEX_POINT('',#18596);
#6308=VERTEX_POINT('',#18600);
#6309=VERTEX_POINT('',#18602);
#6310=VERTEX_POINT('',#18606);
#6311=VERTEX_POINT('',#18608);
#6312=VERTEX_POINT('',#18612);
#6313=VERTEX_POINT('',#18614);
#6314=VERTEX_POINT('',#18621);
#6315=VERTEX_POINT('',#18622);
#6316=VERTEX_POINT('',#18624);
#6317=VERTEX_POINT('',#18626);
#6318=VERTEX_POINT('',#18630);
#6319=VERTEX_POINT('',#18632);
#6320=VERTEX_POINT('',#18636);
#6321=VERTEX_POINT('',#18638);
#6322=VERTEX_POINT('',#18642);
#6323=VERTEX_POINT('',#18644);
#6324=VERTEX_POINT('',#18648);
#6325=VERTEX_POINT('',#18650);
#6326=VERTEX_POINT('',#18657);
#6327=VERTEX_POINT('',#18658);
#6328=VERTEX_POINT('',#18660);
#6329=VERTEX_POINT('',#18662);
#6330=VERTEX_POINT('',#18666);
#6331=VERTEX_POINT('',#18668);
#6332=VERTEX_POINT('',#18672);
#6333=VERTEX_POINT('',#18674);
#6334=VERTEX_POINT('',#18678);
#6335=VERTEX_POINT('',#18680);
#6336=VERTEX_POINT('',#18684);
#6337=VERTEX_POINT('',#18686);
#6338=VERTEX_POINT('',#18693);
#6339=VERTEX_POINT('',#18694);
#6340=VERTEX_POINT('',#18696);
#6341=VERTEX_POINT('',#18698);
#6342=VERTEX_POINT('',#18702);
#6343=VERTEX_POINT('',#18704);
#6344=VERTEX_POINT('',#18708);
#6345=VERTEX_POINT('',#18710);
#6346=VERTEX_POINT('',#18714);
#6347=VERTEX_POINT('',#18716);
#6348=VERTEX_POINT('',#18720);
#6349=VERTEX_POINT('',#18722);
#6350=VERTEX_POINT('',#18729);
#6351=VERTEX_POINT('',#18730);
#6352=VERTEX_POINT('',#18732);
#6353=VERTEX_POINT('',#18734);
#6354=VERTEX_POINT('',#18738);
#6355=VERTEX_POINT('',#18740);
#6356=VERTEX_POINT('',#18744);
#6357=VERTEX_POINT('',#18746);
#6358=VERTEX_POINT('',#18750);
#6359=VERTEX_POINT('',#18752);
#6360=VERTEX_POINT('',#18756);
#6361=VERTEX_POINT('',#18758);
#6362=VERTEX_POINT('',#18765);
#6363=VERTEX_POINT('',#18766);
#6364=VERTEX_POINT('',#18768);
#6365=VERTEX_POINT('',#18770);
#6366=VERTEX_POINT('',#18774);
#6367=VERTEX_POINT('',#18776);
#6368=VERTEX_POINT('',#18780);
#6369=VERTEX_POINT('',#18782);
#6370=VERTEX_POINT('',#18786);
#6371=VERTEX_POINT('',#18788);
#6372=VERTEX_POINT('',#18792);
#6373=VERTEX_POINT('',#18794);
#6374=VERTEX_POINT('',#18801);
#6375=VERTEX_POINT('',#18802);
#6376=VERTEX_POINT('',#18804);
#6377=VERTEX_POINT('',#18806);
#6378=VERTEX_POINT('',#18810);
#6379=VERTEX_POINT('',#18812);
#6380=VERTEX_POINT('',#18816);
#6381=VERTEX_POINT('',#18818);
#6382=VERTEX_POINT('',#18822);
#6383=VERTEX_POINT('',#18824);
#6384=VERTEX_POINT('',#18828);
#6385=VERTEX_POINT('',#18830);
#6386=VERTEX_POINT('',#18837);
#6387=VERTEX_POINT('',#18838);
#6388=VERTEX_POINT('',#18840);
#6389=VERTEX_POINT('',#18842);
#6390=VERTEX_POINT('',#18846);
#6391=VERTEX_POINT('',#18848);
#6392=VERTEX_POINT('',#18852);
#6393=VERTEX_POINT('',#18854);
#6394=VERTEX_POINT('',#18858);
#6395=VERTEX_POINT('',#18860);
#6396=VERTEX_POINT('',#18864);
#6397=VERTEX_POINT('',#18866);
#6398=VERTEX_POINT('',#18873);
#6399=VERTEX_POINT('',#18874);
#6400=VERTEX_POINT('',#18876);
#6401=VERTEX_POINT('',#18878);
#6402=VERTEX_POINT('',#18882);
#6403=VERTEX_POINT('',#18884);
#6404=VERTEX_POINT('',#18888);
#6405=VERTEX_POINT('',#18890);
#6406=VERTEX_POINT('',#18894);
#6407=VERTEX_POINT('',#18896);
#6408=VERTEX_POINT('',#18900);
#6409=VERTEX_POINT('',#18902);
#6410=VERTEX_POINT('',#18909);
#6411=VERTEX_POINT('',#18910);
#6412=VERTEX_POINT('',#18912);
#6413=VERTEX_POINT('',#18914);
#6414=VERTEX_POINT('',#18918);
#6415=VERTEX_POINT('',#18920);
#6416=VERTEX_POINT('',#18924);
#6417=VERTEX_POINT('',#18926);
#6418=VERTEX_POINT('',#18930);
#6419=VERTEX_POINT('',#18932);
#6420=VERTEX_POINT('',#18936);
#6421=VERTEX_POINT('',#18938);
#6422=VERTEX_POINT('',#18945);
#6423=VERTEX_POINT('',#18946);
#6424=VERTEX_POINT('',#18948);
#6425=VERTEX_POINT('',#18950);
#6426=VERTEX_POINT('',#18954);
#6427=VERTEX_POINT('',#18956);
#6428=VERTEX_POINT('',#18960);
#6429=VERTEX_POINT('',#18962);
#6430=VERTEX_POINT('',#18966);
#6431=VERTEX_POINT('',#18968);
#6432=VERTEX_POINT('',#18972);
#6433=VERTEX_POINT('',#18974);
#6434=VERTEX_POINT('',#18981);
#6435=VERTEX_POINT('',#18982);
#6436=VERTEX_POINT('',#18984);
#6437=VERTEX_POINT('',#18986);
#6438=VERTEX_POINT('',#18990);
#6439=VERTEX_POINT('',#18992);
#6440=VERTEX_POINT('',#18996);
#6441=VERTEX_POINT('',#18998);
#6442=VERTEX_POINT('',#19002);
#6443=VERTEX_POINT('',#19004);
#6444=VERTEX_POINT('',#19008);
#6445=VERTEX_POINT('',#19010);
#6446=VERTEX_POINT('',#19017);
#6447=VERTEX_POINT('',#19018);
#6448=VERTEX_POINT('',#19020);
#6449=VERTEX_POINT('',#19022);
#6450=VERTEX_POINT('',#19026);
#6451=VERTEX_POINT('',#19028);
#6452=VERTEX_POINT('',#19032);
#6453=VERTEX_POINT('',#19034);
#6454=VERTEX_POINT('',#19038);
#6455=VERTEX_POINT('',#19040);
#6456=VERTEX_POINT('',#19044);
#6457=VERTEX_POINT('',#19046);
#6458=VERTEX_POINT('',#19053);
#6459=VERTEX_POINT('',#19054);
#6460=VERTEX_POINT('',#19056);
#6461=VERTEX_POINT('',#19058);
#6462=VERTEX_POINT('',#19062);
#6463=VERTEX_POINT('',#19064);
#6464=VERTEX_POINT('',#19068);
#6465=VERTEX_POINT('',#19070);
#6466=VERTEX_POINT('',#19074);
#6467=VERTEX_POINT('',#19076);
#6468=VERTEX_POINT('',#19080);
#6469=VERTEX_POINT('',#19082);
#6470=VERTEX_POINT('',#19089);
#6471=VERTEX_POINT('',#19090);
#6472=VERTEX_POINT('',#19092);
#6473=VERTEX_POINT('',#19094);
#6474=VERTEX_POINT('',#19098);
#6475=VERTEX_POINT('',#19100);
#6476=VERTEX_POINT('',#19104);
#6477=VERTEX_POINT('',#19106);
#6478=VERTEX_POINT('',#19110);
#6479=VERTEX_POINT('',#19112);
#6480=VERTEX_POINT('',#19116);
#6481=VERTEX_POINT('',#19118);
#6482=VERTEX_POINT('',#19125);
#6483=VERTEX_POINT('',#19126);
#6484=VERTEX_POINT('',#19128);
#6485=VERTEX_POINT('',#19130);
#6486=VERTEX_POINT('',#19134);
#6487=VERTEX_POINT('',#19136);
#6488=VERTEX_POINT('',#19140);
#6489=VERTEX_POINT('',#19142);
#6490=VERTEX_POINT('',#19146);
#6491=VERTEX_POINT('',#19148);
#6492=VERTEX_POINT('',#19152);
#6493=VERTEX_POINT('',#19154);
#6494=VERTEX_POINT('',#19161);
#6495=VERTEX_POINT('',#19162);
#6496=VERTEX_POINT('',#19164);
#6497=VERTEX_POINT('',#19166);
#6498=VERTEX_POINT('',#19170);
#6499=VERTEX_POINT('',#19172);
#6500=VERTEX_POINT('',#19176);
#6501=VERTEX_POINT('',#19178);
#6502=VERTEX_POINT('',#19182);
#6503=VERTEX_POINT('',#19184);
#6504=VERTEX_POINT('',#19188);
#6505=VERTEX_POINT('',#19190);
#6506=VERTEX_POINT('',#19197);
#6507=VERTEX_POINT('',#19198);
#6508=VERTEX_POINT('',#19200);
#6509=VERTEX_POINT('',#19202);
#6510=VERTEX_POINT('',#19206);
#6511=VERTEX_POINT('',#19208);
#6512=VERTEX_POINT('',#19212);
#6513=VERTEX_POINT('',#19214);
#6514=VERTEX_POINT('',#19218);
#6515=VERTEX_POINT('',#19220);
#6516=VERTEX_POINT('',#19224);
#6517=VERTEX_POINT('',#19226);
#6518=VERTEX_POINT('',#19233);
#6519=VERTEX_POINT('',#19234);
#6520=VERTEX_POINT('',#19236);
#6521=VERTEX_POINT('',#19238);
#6522=VERTEX_POINT('',#19242);
#6523=VERTEX_POINT('',#19244);
#6524=VERTEX_POINT('',#19248);
#6525=VERTEX_POINT('',#19250);
#6526=VERTEX_POINT('',#19254);
#6527=VERTEX_POINT('',#19256);
#6528=VERTEX_POINT('',#19260);
#6529=VERTEX_POINT('',#19262);
#6530=VERTEX_POINT('',#19269);
#6531=VERTEX_POINT('',#19270);
#6532=VERTEX_POINT('',#19272);
#6533=VERTEX_POINT('',#19274);
#6534=VERTEX_POINT('',#19278);
#6535=VERTEX_POINT('',#19280);
#6536=VERTEX_POINT('',#19284);
#6537=VERTEX_POINT('',#19286);
#6538=VERTEX_POINT('',#19290);
#6539=VERTEX_POINT('',#19292);
#6540=VERTEX_POINT('',#19296);
#6541=VERTEX_POINT('',#19298);
#6542=VERTEX_POINT('',#19305);
#6543=VERTEX_POINT('',#19306);
#6544=VERTEX_POINT('',#19308);
#6545=VERTEX_POINT('',#19310);
#6546=VERTEX_POINT('',#19314);
#6547=VERTEX_POINT('',#19316);
#6548=VERTEX_POINT('',#19320);
#6549=VERTEX_POINT('',#19322);
#6550=VERTEX_POINT('',#19326);
#6551=VERTEX_POINT('',#19328);
#6552=VERTEX_POINT('',#19332);
#6553=VERTEX_POINT('',#19334);
#6554=VERTEX_POINT('',#19341);
#6555=VERTEX_POINT('',#19342);
#6556=VERTEX_POINT('',#19344);
#6557=VERTEX_POINT('',#19346);
#6558=VERTEX_POINT('',#19350);
#6559=VERTEX_POINT('',#19352);
#6560=VERTEX_POINT('',#19356);
#6561=VERTEX_POINT('',#19358);
#6562=VERTEX_POINT('',#19362);
#6563=VERTEX_POINT('',#19364);
#6564=VERTEX_POINT('',#19368);
#6565=VERTEX_POINT('',#19370);
#6566=VERTEX_POINT('',#19377);
#6567=VERTEX_POINT('',#19378);
#6568=VERTEX_POINT('',#19380);
#6569=VERTEX_POINT('',#19382);
#6570=VERTEX_POINT('',#19386);
#6571=VERTEX_POINT('',#19388);
#6572=VERTEX_POINT('',#19392);
#6573=VERTEX_POINT('',#19394);
#6574=VERTEX_POINT('',#19398);
#6575=VERTEX_POINT('',#19400);
#6576=VERTEX_POINT('',#19404);
#6577=VERTEX_POINT('',#19406);
#6578=VERTEX_POINT('',#19413);
#6579=VERTEX_POINT('',#19414);
#6580=VERTEX_POINT('',#19416);
#6581=VERTEX_POINT('',#19418);
#6582=VERTEX_POINT('',#19422);
#6583=VERTEX_POINT('',#19424);
#6584=VERTEX_POINT('',#19428);
#6585=VERTEX_POINT('',#19430);
#6586=VERTEX_POINT('',#19434);
#6587=VERTEX_POINT('',#19436);
#6588=VERTEX_POINT('',#19440);
#6589=VERTEX_POINT('',#19442);
#6590=VERTEX_POINT('',#19449);
#6591=VERTEX_POINT('',#19450);
#6592=VERTEX_POINT('',#19452);
#6593=VERTEX_POINT('',#19454);
#6594=VERTEX_POINT('',#19458);
#6595=VERTEX_POINT('',#19460);
#6596=VERTEX_POINT('',#19464);
#6597=VERTEX_POINT('',#19466);
#6598=VERTEX_POINT('',#19470);
#6599=VERTEX_POINT('',#19472);
#6600=VERTEX_POINT('',#19476);
#6601=VERTEX_POINT('',#19478);
#6602=VERTEX_POINT('',#19485);
#6603=VERTEX_POINT('',#19486);
#6604=VERTEX_POINT('',#19488);
#6605=VERTEX_POINT('',#19490);
#6606=VERTEX_POINT('',#19494);
#6607=VERTEX_POINT('',#19496);
#6608=VERTEX_POINT('',#19500);
#6609=VERTEX_POINT('',#19502);
#6610=VERTEX_POINT('',#19506);
#6611=VERTEX_POINT('',#19508);
#6612=VERTEX_POINT('',#19512);
#6613=VERTEX_POINT('',#19514);
#6614=VERTEX_POINT('',#19521);
#6615=VERTEX_POINT('',#19522);
#6616=VERTEX_POINT('',#19524);
#6617=VERTEX_POINT('',#19526);
#6618=VERTEX_POINT('',#19530);
#6619=VERTEX_POINT('',#19532);
#6620=VERTEX_POINT('',#19536);
#6621=VERTEX_POINT('',#19538);
#6622=VERTEX_POINT('',#19542);
#6623=VERTEX_POINT('',#19544);
#6624=VERTEX_POINT('',#19548);
#6625=VERTEX_POINT('',#19550);
#6626=VERTEX_POINT('',#19557);
#6627=VERTEX_POINT('',#19558);
#6628=VERTEX_POINT('',#19560);
#6629=VERTEX_POINT('',#19562);
#6630=VERTEX_POINT('',#19566);
#6631=VERTEX_POINT('',#19568);
#6632=VERTEX_POINT('',#19572);
#6633=VERTEX_POINT('',#19574);
#6634=VERTEX_POINT('',#19578);
#6635=VERTEX_POINT('',#19580);
#6636=VERTEX_POINT('',#19584);
#6637=VERTEX_POINT('',#19586);
#6638=VERTEX_POINT('',#19593);
#6639=VERTEX_POINT('',#19594);
#6640=VERTEX_POINT('',#19596);
#6641=VERTEX_POINT('',#19598);
#6642=VERTEX_POINT('',#19602);
#6643=VERTEX_POINT('',#19604);
#6644=VERTEX_POINT('',#19608);
#6645=VERTEX_POINT('',#19610);
#6646=VERTEX_POINT('',#19614);
#6647=VERTEX_POINT('',#19616);
#6648=VERTEX_POINT('',#19620);
#6649=VERTEX_POINT('',#19622);
#6650=VERTEX_POINT('',#19629);
#6651=VERTEX_POINT('',#19630);
#6652=VERTEX_POINT('',#19632);
#6653=VERTEX_POINT('',#19634);
#6654=VERTEX_POINT('',#19638);
#6655=VERTEX_POINT('',#19640);
#6656=VERTEX_POINT('',#19644);
#6657=VERTEX_POINT('',#19646);
#6658=VERTEX_POINT('',#19650);
#6659=VERTEX_POINT('',#19652);
#6660=VERTEX_POINT('',#19656);
#6661=VERTEX_POINT('',#19658);
#6662=VERTEX_POINT('',#19665);
#6663=VERTEX_POINT('',#19666);
#6664=VERTEX_POINT('',#19668);
#6665=VERTEX_POINT('',#19670);
#6666=VERTEX_POINT('',#19674);
#6667=VERTEX_POINT('',#19676);
#6668=VERTEX_POINT('',#19680);
#6669=VERTEX_POINT('',#19682);
#6670=VERTEX_POINT('',#19686);
#6671=VERTEX_POINT('',#19688);
#6672=VERTEX_POINT('',#19692);
#6673=VERTEX_POINT('',#19694);
#6674=VERTEX_POINT('',#19701);
#6675=VERTEX_POINT('',#19702);
#6676=VERTEX_POINT('',#19704);
#6677=VERTEX_POINT('',#19706);
#6678=VERTEX_POINT('',#19710);
#6679=VERTEX_POINT('',#19712);
#6680=VERTEX_POINT('',#19716);
#6681=VERTEX_POINT('',#19718);
#6682=VERTEX_POINT('',#19722);
#6683=VERTEX_POINT('',#19724);
#6684=VERTEX_POINT('',#19728);
#6685=VERTEX_POINT('',#19730);
#6686=VERTEX_POINT('',#19737);
#6687=VERTEX_POINT('',#19738);
#6688=VERTEX_POINT('',#19740);
#6689=VERTEX_POINT('',#19742);
#6690=VERTEX_POINT('',#19746);
#6691=VERTEX_POINT('',#19748);
#6692=VERTEX_POINT('',#19752);
#6693=VERTEX_POINT('',#19754);
#6694=VERTEX_POINT('',#19758);
#6695=VERTEX_POINT('',#19760);
#6696=VERTEX_POINT('',#19764);
#6697=VERTEX_POINT('',#19766);
#6698=VERTEX_POINT('',#19773);
#6699=VERTEX_POINT('',#19774);
#6700=VERTEX_POINT('',#19776);
#6701=VERTEX_POINT('',#19778);
#6702=VERTEX_POINT('',#19782);
#6703=VERTEX_POINT('',#19784);
#6704=VERTEX_POINT('',#19788);
#6705=VERTEX_POINT('',#19790);
#6706=VERTEX_POINT('',#19794);
#6707=VERTEX_POINT('',#19796);
#6708=VERTEX_POINT('',#19800);
#6709=VERTEX_POINT('',#19802);
#6710=VERTEX_POINT('',#19809);
#6711=VERTEX_POINT('',#19810);
#6712=VERTEX_POINT('',#19812);
#6713=VERTEX_POINT('',#19814);
#6714=VERTEX_POINT('',#19818);
#6715=VERTEX_POINT('',#19820);
#6716=VERTEX_POINT('',#19824);
#6717=VERTEX_POINT('',#19826);
#6718=VERTEX_POINT('',#19830);
#6719=VERTEX_POINT('',#19832);
#6720=VERTEX_POINT('',#19836);
#6721=VERTEX_POINT('',#19838);
#6722=VERTEX_POINT('',#19845);
#6723=VERTEX_POINT('',#19846);
#6724=VERTEX_POINT('',#19848);
#6725=VERTEX_POINT('',#19850);
#6726=VERTEX_POINT('',#19854);
#6727=VERTEX_POINT('',#19856);
#6728=VERTEX_POINT('',#19860);
#6729=VERTEX_POINT('',#19862);
#6730=VERTEX_POINT('',#19866);
#6731=VERTEX_POINT('',#19868);
#6732=VERTEX_POINT('',#19872);
#6733=VERTEX_POINT('',#19874);
#6734=VERTEX_POINT('',#19881);
#6735=VERTEX_POINT('',#19882);
#6736=VERTEX_POINT('',#19884);
#6737=VERTEX_POINT('',#19886);
#6738=VERTEX_POINT('',#19890);
#6739=VERTEX_POINT('',#19892);
#6740=VERTEX_POINT('',#19896);
#6741=VERTEX_POINT('',#19898);
#6742=VERTEX_POINT('',#19902);
#6743=VERTEX_POINT('',#19904);
#6744=VERTEX_POINT('',#19908);
#6745=VERTEX_POINT('',#19910);
#6746=VERTEX_POINT('',#19917);
#6747=VERTEX_POINT('',#19918);
#6748=VERTEX_POINT('',#19920);
#6749=VERTEX_POINT('',#19922);
#6750=VERTEX_POINT('',#19926);
#6751=VERTEX_POINT('',#19928);
#6752=VERTEX_POINT('',#19932);
#6753=VERTEX_POINT('',#19934);
#6754=VERTEX_POINT('',#19938);
#6755=VERTEX_POINT('',#19940);
#6756=VERTEX_POINT('',#19944);
#6757=VERTEX_POINT('',#19946);
#6758=VERTEX_POINT('',#19953);
#6759=VERTEX_POINT('',#19954);
#6760=VERTEX_POINT('',#19956);
#6761=VERTEX_POINT('',#19958);
#6762=VERTEX_POINT('',#19962);
#6763=VERTEX_POINT('',#19964);
#6764=VERTEX_POINT('',#19968);
#6765=VERTEX_POINT('',#19970);
#6766=VERTEX_POINT('',#19974);
#6767=VERTEX_POINT('',#19976);
#6768=VERTEX_POINT('',#19980);
#6769=VERTEX_POINT('',#19982);
#6770=VERTEX_POINT('',#19989);
#6771=VERTEX_POINT('',#19990);
#6772=VERTEX_POINT('',#19992);
#6773=VERTEX_POINT('',#19994);
#6774=VERTEX_POINT('',#19998);
#6775=VERTEX_POINT('',#20000);
#6776=VERTEX_POINT('',#20004);
#6777=VERTEX_POINT('',#20006);
#6778=VERTEX_POINT('',#20010);
#6779=VERTEX_POINT('',#20012);
#6780=VERTEX_POINT('',#20016);
#6781=VERTEX_POINT('',#20018);
#6782=VERTEX_POINT('',#20025);
#6783=VERTEX_POINT('',#20026);
#6784=VERTEX_POINT('',#20028);
#6785=VERTEX_POINT('',#20030);
#6786=VERTEX_POINT('',#20034);
#6787=VERTEX_POINT('',#20036);
#6788=VERTEX_POINT('',#20040);
#6789=VERTEX_POINT('',#20042);
#6790=VERTEX_POINT('',#20046);
#6791=VERTEX_POINT('',#20048);
#6792=VERTEX_POINT('',#20052);
#6793=VERTEX_POINT('',#20054);
#6794=VERTEX_POINT('',#20061);
#6795=VERTEX_POINT('',#20062);
#6796=VERTEX_POINT('',#20064);
#6797=VERTEX_POINT('',#20066);
#6798=VERTEX_POINT('',#20070);
#6799=VERTEX_POINT('',#20072);
#6800=VERTEX_POINT('',#20076);
#6801=VERTEX_POINT('',#20078);
#6802=VERTEX_POINT('',#20082);
#6803=VERTEX_POINT('',#20084);
#6804=VERTEX_POINT('',#20088);
#6805=VERTEX_POINT('',#20090);
#6806=VERTEX_POINT('',#20097);
#6807=VERTEX_POINT('',#20098);
#6808=VERTEX_POINT('',#20100);
#6809=VERTEX_POINT('',#20102);
#6810=VERTEX_POINT('',#20106);
#6811=VERTEX_POINT('',#20108);
#6812=VERTEX_POINT('',#20112);
#6813=VERTEX_POINT('',#20114);
#6814=VERTEX_POINT('',#20118);
#6815=VERTEX_POINT('',#20120);
#6816=VERTEX_POINT('',#20124);
#6817=VERTEX_POINT('',#20126);
#6818=VERTEX_POINT('',#20133);
#6819=VERTEX_POINT('',#20135);
#6820=VERTEX_POINT('',#20139);
#6821=VERTEX_POINT('',#20140);
#6822=VERTEX_POINT('',#20142);
#6823=VERTEX_POINT('',#20144);
#6824=VERTEX_POINT('',#20148);
#6825=VERTEX_POINT('',#20150);
#6826=VERTEX_POINT('',#20154);
#6827=VERTEX_POINT('',#20156);
#6828=VERTEX_POINT('',#20163);
#6829=VERTEX_POINT('',#20164);
#6830=VERTEX_POINT('',#20166);
#6831=VERTEX_POINT('',#20168);
#6832=VERTEX_POINT('',#20172);
#6833=VERTEX_POINT('',#20174);
#6834=VERTEX_POINT('',#20178);
#6835=VERTEX_POINT('',#20180);
#6836=VERTEX_POINT('',#20187);
#6837=VERTEX_POINT('',#20189);
#6838=VERTEX_POINT('',#20193);
#6839=VERTEX_POINT('',#20195);
#6840=VERTEX_POINT('',#20200);
#6841=VERTEX_POINT('',#20202);
#6842=VERTEX_POINT('',#20207);
#6843=VERTEX_POINT('',#20209);
#6844=VERTEX_POINT('',#20214);
#6845=VERTEX_POINT('',#20216);
#6846=VERTEX_POINT('',#20221);
#6847=VERTEX_POINT('',#20222);
#6848=VERTEX_POINT('',#20224);
#6849=VERTEX_POINT('',#20226);
#6850=VERTEX_POINT('',#20235);
#6851=VERTEX_POINT('',#20237);
#6852=VERTEX_POINT('',#20242);
#6853=VERTEX_POINT('',#20244);
#6854=VERTEX_POINT('',#20250);
#6855=VERTEX_POINT('',#20252);
#6856=VERTEX_POINT('',#20254);
#6857=VERTEX_POINT('',#20256);
#6858=VERTEX_POINT('',#20258);
#6859=VERTEX_POINT('',#20262);
#6860=VERTEX_POINT('',#20265);
#6861=VERTEX_POINT('',#20273);
#6862=VERTEX_POINT('',#20277);
#6863=VERTEX_POINT('',#20282);
#6864=VERTEX_POINT('',#20286);
#6865=VERTEX_POINT('',#20298);
#6866=VERTEX_POINT('',#20300);
#6867=VERTEX_POINT('',#20307);
#6868=VERTEX_POINT('',#20315);
#6869=VERTEX_POINT('',#20317);
#6870=VERTEX_POINT('',#20326);
#6871=VERTEX_POINT('',#20327);
#6872=VERTEX_POINT('',#20329);
#6873=VERTEX_POINT('',#20331);
#6874=VERTEX_POINT('',#20335);
#6875=VERTEX_POINT('',#20336);
#6876=VERTEX_POINT('',#20341);
#6877=VERTEX_POINT('',#20342);
#6878=VERTEX_POINT('',#20347);
#6879=VERTEX_POINT('',#20348);
#6880=VERTEX_POINT('',#20353);
#6881=VERTEX_POINT('',#20354);
#6882=VERTEX_POINT('',#20359);
#6883=VERTEX_POINT('',#20360);
#6884=VERTEX_POINT('',#20365);
#6885=VERTEX_POINT('',#20366);
#6886=VERTEX_POINT('',#20374);
#6887=VERTEX_POINT('',#20376);
#6888=VERTEX_POINT('',#20380);
#6889=VERTEX_POINT('',#20384);
#6890=VERTEX_POINT('',#20388);
#6891=VERTEX_POINT('',#20401);
#6892=VERTEX_POINT('',#20403);
#6893=VERTEX_POINT('',#20405);
#6894=EDGE_CURVE('',#5726,#5727,#2334,.T.);
#6895=EDGE_CURVE('',#5728,#5726,#2246,.T.);
#6896=EDGE_CURVE('',#5729,#5728,#2335,.T.);
#6897=EDGE_CURVE('',#5727,#5729,#2247,.T.);
#6898=EDGE_CURVE('',#5730,#5731,#2336,.T.);
#6899=EDGE_CURVE('',#5732,#5730,#2248,.T.);
#6900=EDGE_CURVE('',#5733,#5732,#2337,.T.);
#6901=EDGE_CURVE('',#5731,#5733,#2249,.T.);
#6902=EDGE_CURVE('',#5734,#5729,#2338,.T.);
#6903=EDGE_CURVE('',#5735,#5734,#2339,.T.);
#6904=EDGE_CURVE('',#5736,#5735,#2340,.T.);
#6905=EDGE_CURVE('',#5737,#5736,#2341,.T.);
#6906=EDGE_CURVE('',#5731,#5737,#2342,.T.);
#6907=EDGE_CURVE('',#5727,#5733,#2343,.T.);
#6908=EDGE_CURVE('',#5738,#5728,#2344,.T.);
#6909=EDGE_CURVE('',#5734,#5738,#2345,.T.);
#6910=EDGE_CURVE('',#5737,#5739,#2346,.T.);
#6911=EDGE_CURVE('',#5730,#5739,#2347,.T.);
#6912=EDGE_CURVE('',#5740,#5741,#2348,.T.);
#6913=EDGE_CURVE('',#5742,#5741,#2349,.T.);
#6914=EDGE_CURVE('',#5743,#5742,#2350,.T.);
#6915=EDGE_CURVE('',#5740,#5743,#2351,.T.);
#6916=EDGE_CURVE('',#5744,#5745,#2352,.T.);
#6917=EDGE_CURVE('',#5746,#5744,#2353,.T.);
#6918=EDGE_CURVE('',#5747,#5746,#2354,.T.);
#6919=EDGE_CURVE('',#5745,#5747,#2355,.T.);
#6920=EDGE_CURVE('',#5748,#5749,#2356,.T.);
#6921=EDGE_CURVE('',#5747,#5748,#2357,.T.);
#6922=EDGE_CURVE('',#5749,#5746,#2358,.T.);
#6923=EDGE_CURVE('',#5750,#5751,#2359,.T.);
#6924=EDGE_CURVE('',#5752,#5750,#2360,.T.);
#6925=EDGE_CURVE('',#5753,#5752,#2361,.T.);
#6926=EDGE_CURVE('',#5751,#5753,#2362,.T.);
#6927=EDGE_CURVE('',#5754,#5745,#2363,.T.);
#6928=EDGE_CURVE('',#5755,#5754,#2364,.T.);
#6929=EDGE_CURVE('',#5744,#5755,#2365,.T.);
#6930=EDGE_CURVE('',#5756,#5757,#2366,.T.);
#6931=EDGE_CURVE('',#5758,#5756,#2367,.T.);
#6932=EDGE_CURVE('',#5758,#5759,#2368,.T.);
#6933=EDGE_CURVE('',#5757,#5759,#2369,.T.);
#6934=EDGE_CURVE('',#5753,#5760,#2370,.T.);
#6935=EDGE_CURVE('',#5761,#5752,#2371,.T.);
#6936=EDGE_CURVE('',#5760,#5761,#2372,.T.);
#6937=EDGE_CURVE('',#5760,#5740,#2373,.T.);
#6938=EDGE_CURVE('',#5741,#5761,#2374,.T.);
#6939=EDGE_CURVE('',#5762,#5742,#2375,.T.);
#6940=EDGE_CURVE('',#5763,#5762,#2376,.T.);
#6941=EDGE_CURVE('',#5743,#5763,#2377,.T.);
#6942=EDGE_CURVE('',#5763,#5758,#2378,.T.);
#6943=EDGE_CURVE('',#5759,#5762,#2379,.T.);
#6944=EDGE_CURVE('',#5764,#5765,#2380,.T.);
#6945=EDGE_CURVE('',#5766,#5764,#2381,.T.);
#6946=EDGE_CURVE('',#5767,#5766,#2382,.T.);
#6947=EDGE_CURVE('',#5765,#5767,#2383,.T.);
#6948=EDGE_CURVE('',#5768,#5765,#2384,.T.);
#6949=EDGE_CURVE('',#5768,#5769,#2385,.T.);
#6950=EDGE_CURVE('',#5764,#5769,#2386,.T.);
#6951=EDGE_CURVE('',#5770,#5751,#2387,.T.);
#6952=EDGE_CURVE('',#5770,#5771,#2388,.T.);
#6953=EDGE_CURVE('',#5750,#5771,#2389,.T.);
#6954=EDGE_CURVE('',#5772,#5757,#2390,.T.);
#6955=EDGE_CURVE('',#5773,#5772,#2391,.T.);
#6956=EDGE_CURVE('',#5756,#5773,#2392,.T.);
#6957=EDGE_CURVE('',#5774,#5766,#2393,.T.);
#6958=EDGE_CURVE('',#5774,#5775,#2394,.T.);
#6959=EDGE_CURVE('',#5767,#5775,#2395,.T.);
#6960=EDGE_CURVE('',#5776,#5754,#2396,.T.);
#6961=EDGE_CURVE('',#5776,#5777,#2397,.T.);
#6962=EDGE_CURVE('',#5755,#5777,#2398,.T.);
#6963=EDGE_CURVE('',#5726,#5732,#2399,.T.);
#6964=EDGE_CURVE('',#5739,#5778,#2400,.T.);
#6965=EDGE_CURVE('',#5778,#5779,#2401,.T.);
#6966=EDGE_CURVE('',#5779,#5738,#2402,.T.);
#6967=EDGE_CURVE('',#5780,#5781,#2403,.T.);
#6968=EDGE_CURVE('',#5781,#5782,#2404,.T.);
#6969=EDGE_CURVE('',#5782,#5783,#2405,.T.);
#6970=EDGE_CURVE('',#5783,#5784,#2406,.T.);
#6971=EDGE_CURVE('',#5784,#5785,#2407,.T.);
#6972=EDGE_CURVE('',#5785,#5786,#2408,.T.);
#6973=EDGE_CURVE('',#5786,#5787,#2409,.T.);
#6974=EDGE_CURVE('',#5787,#5780,#2410,.T.);
#6975=EDGE_CURVE('',#5788,#5789,#2411,.T.);
#6976=EDGE_CURVE('',#5789,#5790,#2412,.T.);
#6977=EDGE_CURVE('',#5790,#5791,#2413,.T.);
#6978=EDGE_CURVE('',#5791,#5792,#2414,.T.);
#6979=EDGE_CURVE('',#5792,#5793,#2415,.T.);
#6980=EDGE_CURVE('',#5793,#5794,#2416,.T.);
#6981=EDGE_CURVE('',#5794,#5795,#2417,.T.);
#6982=EDGE_CURVE('',#5795,#5796,#2418,.T.);
#6983=EDGE_CURVE('',#5796,#5797,#2419,.T.);
#6984=EDGE_CURVE('',#5797,#5798,#2420,.T.);
#6985=EDGE_CURVE('',#5798,#5799,#2421,.T.);
#6986=EDGE_CURVE('',#5799,#5788,#2422,.T.);
#6987=EDGE_CURVE('',#5800,#5801,#2423,.T.);
#6988=EDGE_CURVE('',#5801,#5802,#2424,.T.);
#6989=EDGE_CURVE('',#5802,#5803,#2425,.T.);
#6990=EDGE_CURVE('',#5803,#5804,#2426,.T.);
#6991=EDGE_CURVE('',#5804,#5805,#2427,.T.);
#6992=EDGE_CURVE('',#5805,#5806,#2428,.T.);
#6993=EDGE_CURVE('',#5806,#5807,#2429,.T.);
#6994=EDGE_CURVE('',#5807,#5808,#2430,.T.);
#6995=EDGE_CURVE('',#5808,#5809,#2431,.T.);
#6996=EDGE_CURVE('',#5809,#5810,#2432,.T.);
#6997=EDGE_CURVE('',#5810,#5811,#2433,.T.);
#6998=EDGE_CURVE('',#5811,#5800,#2434,.T.);
#6999=EDGE_CURVE('',#5748,#5812,#2435,.T.);
#7000=EDGE_CURVE('',#5812,#5770,#2436,.T.);
#7001=EDGE_CURVE('',#5773,#5813,#2437,.T.);
#7002=EDGE_CURVE('',#5813,#5814,#2438,.T.);
#7003=EDGE_CURVE('',#5814,#5815,#2439,.T.);
#7004=EDGE_CURVE('',#5815,#5816,#2440,.T.);
#7005=EDGE_CURVE('',#5816,#5768,#2441,.T.);
#7006=EDGE_CURVE('',#5775,#5776,#2442,.T.);
#7007=EDGE_CURVE('',#5782,#5817,#2443,.T.);
#7008=EDGE_CURVE('',#5818,#5817,#2444,.T.);
#7009=EDGE_CURVE('',#5783,#5818,#2445,.T.);
#7010=EDGE_CURVE('',#5787,#5819,#2446,.T.);
#7011=EDGE_CURVE('',#5820,#5786,#2447,.T.);
#7012=EDGE_CURVE('',#5819,#5820,#2448,.T.);
#7013=EDGE_CURVE('',#5820,#5821,#2449,.T.);
#7014=EDGE_CURVE('',#5821,#5822,#2450,.T.);
#7015=EDGE_CURVE('',#5822,#5818,#2451,.T.);
#7016=EDGE_CURVE('',#5817,#5823,#2452,.T.);
#7017=EDGE_CURVE('',#5823,#5824,#2453,.T.);
#7018=EDGE_CURVE('',#5824,#5819,#2454,.T.);
#7019=EDGE_CURVE('',#5785,#5821,#2455,.T.);
#7020=EDGE_CURVE('',#5780,#5824,#2456,.T.);
#7021=EDGE_CURVE('',#5781,#5823,#2457,.T.);
#7022=EDGE_CURVE('',#5784,#5822,#2458,.T.);
#7023=EDGE_CURVE('',#5815,#5825,#2459,.T.);
#7024=EDGE_CURVE('',#5826,#5814,#2460,.T.);
#7025=EDGE_CURVE('',#5825,#5826,#2461,.T.);
#7026=EDGE_CURVE('',#5777,#5774,#2462,.T.);
#7027=EDGE_CURVE('',#5827,#5825,#2463,.T.);
#7028=EDGE_CURVE('',#5816,#5827,#2464,.T.);
#7029=EDGE_CURVE('',#5813,#5828,#2465,.T.);
#7030=EDGE_CURVE('',#5826,#5828,#2466,.T.);
#7031=EDGE_CURVE('',#5769,#5827,#2467,.T.);
#7032=EDGE_CURVE('',#5829,#5749,#2468,.T.);
#7033=EDGE_CURVE('',#5812,#5829,#2469,.T.);
#7034=EDGE_CURVE('',#5771,#5829,#2470,.T.);
#7035=EDGE_CURVE('',#5828,#5772,#2471,.T.);
#7036=EDGE_CURVE('',#5800,#5830,#2472,.T.);
#7037=EDGE_CURVE('',#5831,#5811,#2473,.T.);
#7038=EDGE_CURVE('',#5830,#5831,#2474,.T.);
#7039=EDGE_CURVE('',#5832,#5805,#2475,.T.);
#7040=EDGE_CURVE('',#5833,#5832,#2476,.T.);
#7041=EDGE_CURVE('',#5806,#5833,#2477,.T.);
#7042=EDGE_CURVE('',#5834,#5830,#2478,.T.);
#7043=EDGE_CURVE('',#5801,#5834,#2479,.T.);
#7044=EDGE_CURVE('',#5804,#5835,#2480,.T.);
#7045=EDGE_CURVE('',#5832,#5835,#2481,.T.);
#7046=EDGE_CURVE('',#5810,#5836,#2482,.T.);
#7047=EDGE_CURVE('',#5831,#5836,#2483,.T.);
#7048=EDGE_CURVE('',#5802,#5837,#2484,.T.);
#7049=EDGE_CURVE('',#5838,#5837,#2485,.T.);
#7050=EDGE_CURVE('',#5803,#5838,#2486,.T.);
#7051=EDGE_CURVE('',#5835,#5838,#2487,.T.);
#7052=EDGE_CURVE('',#5837,#5834,#2488,.T.);
#7053=EDGE_CURVE('',#5839,#5833,#2489,.T.);
#7054=EDGE_CURVE('',#5807,#5839,#2490,.T.);
#7055=EDGE_CURVE('',#5840,#5839,#2491,.T.);
#7056=EDGE_CURVE('',#5808,#5840,#2492,.T.);
#7057=EDGE_CURVE('',#5841,#5840,#2493,.T.);
#7058=EDGE_CURVE('',#5809,#5841,#2494,.T.);
#7059=EDGE_CURVE('',#5836,#5841,#2495,.T.);
#7060=EDGE_CURVE('',#5788,#5842,#2496,.T.);
#7061=EDGE_CURVE('',#5843,#5799,#2497,.T.);
#7062=EDGE_CURVE('',#5842,#5843,#2498,.T.);
#7063=EDGE_CURVE('',#5844,#5793,#2499,.T.);
#7064=EDGE_CURVE('',#5845,#5844,#2500,.T.);
#7065=EDGE_CURVE('',#5794,#5845,#2501,.T.);
#7066=EDGE_CURVE('',#5846,#5842,#2502,.T.);
#7067=EDGE_CURVE('',#5789,#5846,#2503,.T.);
#7068=EDGE_CURVE('',#5792,#5847,#2504,.T.);
#7069=EDGE_CURVE('',#5844,#5847,#2505,.T.);
#7070=EDGE_CURVE('',#5798,#5848,#2506,.T.);
#7071=EDGE_CURVE('',#5843,#5848,#2507,.T.);
#7072=EDGE_CURVE('',#5790,#5849,#2508,.T.);
#7073=EDGE_CURVE('',#5850,#5849,#2509,.T.);
#7074=EDGE_CURVE('',#5791,#5850,#2510,.T.);
#7075=EDGE_CURVE('',#5847,#5850,#2511,.T.);
#7076=EDGE_CURVE('',#5849,#5846,#2512,.T.);
#7077=EDGE_CURVE('',#5851,#5845,#2513,.T.);
#7078=EDGE_CURVE('',#5795,#5851,#2514,.T.);
#7079=EDGE_CURVE('',#5852,#5851,#2515,.T.);
#7080=EDGE_CURVE('',#5796,#5852,#2516,.T.);
#7081=EDGE_CURVE('',#5853,#5852,#2517,.T.);
#7082=EDGE_CURVE('',#5797,#5853,#2518,.T.);
#7083=EDGE_CURVE('',#5848,#5853,#2519,.T.);
#7084=EDGE_CURVE('',#5735,#5779,#2520,.T.);
#7085=EDGE_CURVE('',#5736,#5778,#2521,.T.);
#7086=EDGE_CURVE('',#5854,#5854,#2250,.T.);
#7087=EDGE_CURVE('',#5854,#5855,#2522,.T.);
#7088=EDGE_CURVE('',#5855,#5855,#2251,.T.);
#7089=EDGE_CURVE('',#5856,#5856,#2252,.T.);
#7090=EDGE_CURVE('',#5856,#5857,#2523,.T.);
#7091=EDGE_CURVE('',#5857,#5857,#2253,.T.);
#7092=EDGE_CURVE('',#5858,#5858,#2254,.T.);
#7093=EDGE_CURVE('',#5858,#5859,#2524,.T.);
#7094=EDGE_CURVE('',#5859,#5859,#2255,.T.);
#7095=EDGE_CURVE('',#5860,#5860,#2256,.T.);
#7096=EDGE_CURVE('',#5860,#5861,#2525,.T.);
#7097=EDGE_CURVE('',#5861,#5861,#2257,.T.);
#7098=EDGE_CURVE('',#5862,#5863,#2526,.T.);
#7099=EDGE_CURVE('',#5862,#5864,#2258,.T.);
#7100=EDGE_CURVE('',#5865,#5864,#2527,.T.);
#7101=EDGE_CURVE('',#5863,#5865,#2259,.T.);
#7102=EDGE_CURVE('',#5866,#5867,#2528,.T.);
#7103=EDGE_CURVE('',#5868,#5866,#2260,.T.);
#7104=EDGE_CURVE('',#5869,#5868,#2529,.T.);
#7105=EDGE_CURVE('',#5869,#5867,#2261,.T.);
#7106=EDGE_CURVE('',#5870,#5871,#2530,.T.);
#7107=EDGE_CURVE('',#5870,#5872,#2262,.T.);
#7108=EDGE_CURVE('',#5873,#5872,#2531,.T.);
#7109=EDGE_CURVE('',#5871,#5873,#2263,.T.);
#7110=EDGE_CURVE('',#5874,#5875,#2532,.T.);
#7111=EDGE_CURVE('',#5874,#5876,#2264,.T.);
#7112=EDGE_CURVE('',#5877,#5876,#2533,.T.);
#7113=EDGE_CURVE('',#5875,#5877,#2265,.T.);
#7114=EDGE_CURVE('',#5878,#5879,#2534,.T.);
#7115=EDGE_CURVE('',#5880,#5878,#2266,.T.);
#7116=EDGE_CURVE('',#5881,#5880,#2535,.T.);
#7117=EDGE_CURVE('',#5881,#5879,#2267,.T.);
#7118=EDGE_CURVE('',#5882,#5883,#2536,.T.);
#7119=EDGE_CURVE('',#5884,#5882,#2268,.T.);
#7120=EDGE_CURVE('',#5885,#5884,#2537,.T.);
#7121=EDGE_CURVE('',#5885,#5883,#2269,.T.);
#7122=EDGE_CURVE('',#5886,#5887,#2538,.T.);
#7123=EDGE_CURVE('',#5886,#5888,#2270,.T.);
#7124=EDGE_CURVE('',#5889,#5888,#2539,.T.);
#7125=EDGE_CURVE('',#5887,#5889,#2271,.T.);
#7126=EDGE_CURVE('',#5890,#5891,#2540,.T.);
#7127=EDGE_CURVE('',#5892,#5890,#2272,.T.);
#7128=EDGE_CURVE('',#5893,#5892,#2541,.T.);
#7129=EDGE_CURVE('',#5893,#5891,#2273,.T.);
#7130=EDGE_CURVE('',#5894,#5895,#2542,.T.);
#7131=EDGE_CURVE('',#5894,#5896,#2274,.T.);
#7132=EDGE_CURVE('',#5897,#5896,#2543,.T.);
#7133=EDGE_CURVE('',#5895,#5897,#2275,.T.);
#7134=EDGE_CURVE('',#5898,#5899,#2544,.T.);
#7135=EDGE_CURVE('',#5898,#5900,#2276,.T.);
#7136=EDGE_CURVE('',#5901,#5900,#2545,.T.);
#7137=EDGE_CURVE('',#5899,#5901,#2277,.T.);
#7138=EDGE_CURVE('',#5902,#5903,#2546,.T.);
#7139=EDGE_CURVE('',#5904,#5902,#2278,.T.);
#7140=EDGE_CURVE('',#5905,#5904,#2547,.T.);
#7141=EDGE_CURVE('',#5905,#5903,#2279,.T.);
#7142=EDGE_CURVE('',#5906,#5907,#2548,.T.);
#7143=EDGE_CURVE('',#5908,#5906,#2280,.T.);
#7144=EDGE_CURVE('',#5909,#5908,#2549,.T.);
#7145=EDGE_CURVE('',#5909,#5907,#2281,.T.);
#7146=EDGE_CURVE('',#5910,#5891,#2550,.T.);
#7147=EDGE_CURVE('',#5910,#5911,#2551,.T.);
#7148=EDGE_CURVE('',#5890,#5911,#2552,.T.);
#7149=EDGE_CURVE('',#5912,#5875,#2553,.T.);
#7150=EDGE_CURVE('',#5913,#5912,#2554,.T.);
#7151=EDGE_CURVE('',#5874,#5913,#2555,.T.);
#7152=EDGE_CURVE('',#5894,#5883,#2556,.T.);
#7153=EDGE_CURVE('',#5882,#5895,#2557,.T.);
#7154=EDGE_CURVE('',#5911,#5892,#2558,.T.);
#7155=EDGE_CURVE('',#5893,#5910,#2559,.T.);
#7156=EDGE_CURVE('',#5914,#5864,#2560,.T.);
#7157=EDGE_CURVE('',#5914,#5915,#2561,.T.);
#7158=EDGE_CURVE('',#5865,#5915,#2562,.T.);
#7159=EDGE_CURVE('',#5916,#5899,#2563,.T.);
#7160=EDGE_CURVE('',#5917,#5916,#2564,.T.);
#7161=EDGE_CURVE('',#5898,#5917,#2565,.T.);
#7162=EDGE_CURVE('',#5906,#5880,#2566,.T.);
#7163=EDGE_CURVE('',#5881,#5907,#2567,.T.);
#7164=EDGE_CURVE('',#5913,#5876,#2568,.T.);
#7165=EDGE_CURVE('',#5877,#5912,#2569,.T.);
#7166=EDGE_CURVE('',#5902,#5871,#2570,.T.);
#7167=EDGE_CURVE('',#5870,#5903,#2571,.T.);
#7168=EDGE_CURVE('',#5901,#5916,#2572,.T.);
#7169=EDGE_CURVE('',#5915,#5863,#2573,.T.);
#7170=EDGE_CURVE('',#5878,#5908,#2574,.T.);
#7171=EDGE_CURVE('',#5897,#5884,#2575,.T.);
#7172=EDGE_CURVE('',#5873,#5904,#2576,.T.);
#7173=EDGE_CURVE('',#5866,#5887,#2577,.T.);
#7174=EDGE_CURVE('',#5889,#5868,#2578,.T.);
#7175=EDGE_CURVE('',#5917,#5900,#2579,.T.);
#7176=EDGE_CURVE('',#5862,#5914,#2580,.T.);
#7177=EDGE_CURVE('',#5905,#5872,#2581,.T.);
#7178=EDGE_CURVE('',#5909,#5879,#2582,.T.);
#7179=EDGE_CURVE('',#5885,#5896,#2583,.T.);
#7180=EDGE_CURVE('',#5886,#5867,#2584,.T.);
#7181=EDGE_CURVE('',#5869,#5888,#2585,.T.);
#7182=EDGE_CURVE('',#5918,#5919,#2586,.T.);
#7183=EDGE_CURVE('',#5919,#5920,#2282,.T.);
#7184=EDGE_CURVE('',#5920,#5921,#2587,.T.);
#7185=EDGE_CURVE('',#5921,#5918,#2283,.T.);
#7186=EDGE_CURVE('',#5918,#5922,#2588,.T.);
#7187=EDGE_CURVE('',#5922,#5923,#2589,.T.);
#7188=EDGE_CURVE('',#5923,#5919,#2590,.T.);
#7189=EDGE_CURVE('',#5924,#5925,#2591,.T.);
#7190=EDGE_CURVE('',#5925,#5923,#2284,.T.);
#7191=EDGE_CURVE('',#5922,#5924,#2285,.T.);
#7192=EDGE_CURVE('',#5924,#5926,#2592,.T.);
#7193=EDGE_CURVE('',#5926,#5927,#2593,.T.);
#7194=EDGE_CURVE('',#5927,#5925,#2594,.T.);
#7195=EDGE_CURVE('',#5928,#5929,#2595,.T.);
#7196=EDGE_CURVE('',#5929,#5927,#2286,.T.);
#7197=EDGE_CURVE('',#5926,#5928,#2287,.T.);
#7198=EDGE_CURVE('',#5928,#5930,#2596,.T.);
#7199=EDGE_CURVE('',#5930,#5931,#2597,.T.);
#7200=EDGE_CURVE('',#5931,#5929,#2598,.T.);
#7201=EDGE_CURVE('',#5932,#5933,#2599,.T.);
#7202=EDGE_CURVE('',#5933,#5931,#2288,.T.);
#7203=EDGE_CURVE('',#5930,#5932,#2289,.T.);
#7204=EDGE_CURVE('',#5932,#5921,#2600,.T.);
#7205=EDGE_CURVE('',#5920,#5933,#2601,.T.);
#7206=EDGE_CURVE('',#5934,#5931,#2602,.T.);
#7207=EDGE_CURVE('',#5934,#5935,#2603,.T.);
#7208=EDGE_CURVE('',#5929,#5935,#2604,.T.);
#7209=EDGE_CURVE('',#5933,#5936,#2605,.T.);
#7210=EDGE_CURVE('',#5936,#5934,#2290,.T.);
#7211=EDGE_CURVE('',#5937,#5920,#2606,.T.);
#7212=EDGE_CURVE('',#5937,#5936,#2607,.T.);
#7213=EDGE_CURVE('',#5919,#5938,#2608,.T.);
#7214=EDGE_CURVE('',#5938,#5937,#2291,.T.);
#7215=EDGE_CURVE('',#5939,#5923,#2609,.T.);
#7216=EDGE_CURVE('',#5939,#5938,#2610,.T.);
#7217=EDGE_CURVE('',#5935,#5940,#2292,.T.);
#7218=EDGE_CURVE('',#5940,#5927,#2611,.T.);
#7219=EDGE_CURVE('',#5925,#5941,#2612,.T.);
#7220=EDGE_CURVE('',#5941,#5939,#2293,.T.);
#7221=EDGE_CURVE('',#5940,#5941,#2613,.T.);
#7222=EDGE_CURVE('',#5942,#5943,#2614,.T.);
#7223=EDGE_CURVE('',#5942,#5944,#2615,.T.);
#7224=EDGE_CURVE('',#5945,#5944,#2616,.T.);
#7225=EDGE_CURVE('',#5943,#5945,#2617,.T.);
#7226=EDGE_CURVE('',#5943,#5946,#2618,.T.);
#7227=EDGE_CURVE('',#5947,#5945,#2619,.T.);
#7228=EDGE_CURVE('',#5946,#5947,#2620,.T.);
#7229=EDGE_CURVE('',#5946,#5948,#2621,.T.);
#7230=EDGE_CURVE('',#5949,#5947,#2622,.T.);
#7231=EDGE_CURVE('',#5948,#5949,#2623,.T.);
#7232=EDGE_CURVE('',#5948,#5950,#2624,.T.);
#7233=EDGE_CURVE('',#5951,#5949,#2625,.T.);
#7234=EDGE_CURVE('',#5951,#5950,#2626,.T.);
#7235=EDGE_CURVE('',#5952,#5942,#2627,.T.);
#7236=EDGE_CURVE('',#5952,#5953,#2628,.T.);
#7237=EDGE_CURVE('',#5944,#5953,#2629,.T.);
#7238=EDGE_CURVE('',#5950,#5952,#2630,.T.);
#7239=EDGE_CURVE('',#5953,#5951,#2631,.T.);
#7240=EDGE_CURVE('',#5954,#5955,#2632,.T.);
#7241=EDGE_CURVE('',#5954,#5956,#2633,.T.);
#7242=EDGE_CURVE('',#5957,#5956,#2634,.T.);
#7243=EDGE_CURVE('',#5955,#5957,#2635,.T.);
#7244=EDGE_CURVE('',#5955,#5958,#2636,.T.);
#7245=EDGE_CURVE('',#5959,#5957,#2637,.T.);
#7246=EDGE_CURVE('',#5958,#5959,#2638,.T.);
#7247=EDGE_CURVE('',#5958,#5960,#2639,.T.);
#7248=EDGE_CURVE('',#5961,#5959,#2640,.T.);
#7249=EDGE_CURVE('',#5960,#5961,#2641,.T.);
#7250=EDGE_CURVE('',#5960,#5962,#2642,.T.);
#7251=EDGE_CURVE('',#5963,#5961,#2643,.T.);
#7252=EDGE_CURVE('',#5963,#5962,#2644,.T.);
#7253=EDGE_CURVE('',#5964,#5954,#2645,.T.);
#7254=EDGE_CURVE('',#5964,#5965,#2646,.T.);
#7255=EDGE_CURVE('',#5956,#5965,#2647,.T.);
#7256=EDGE_CURVE('',#5962,#5964,#2648,.T.);
#7257=EDGE_CURVE('',#5965,#5963,#2649,.T.);
#7258=EDGE_CURVE('',#5966,#5967,#2650,.T.);
#7259=EDGE_CURVE('',#5966,#5968,#2651,.T.);
#7260=EDGE_CURVE('',#5969,#5968,#2652,.T.);
#7261=EDGE_CURVE('',#5967,#5969,#2653,.T.);
#7262=EDGE_CURVE('',#5967,#5970,#2654,.T.);
#7263=EDGE_CURVE('',#5971,#5969,#2655,.T.);
#7264=EDGE_CURVE('',#5970,#5971,#2656,.T.);
#7265=EDGE_CURVE('',#5970,#5972,#2657,.T.);
#7266=EDGE_CURVE('',#5973,#5971,#2658,.T.);
#7267=EDGE_CURVE('',#5972,#5973,#2659,.T.);
#7268=EDGE_CURVE('',#5972,#5974,#2660,.T.);
#7269=EDGE_CURVE('',#5975,#5973,#2661,.T.);
#7270=EDGE_CURVE('',#5975,#5974,#2662,.T.);
#7271=EDGE_CURVE('',#5976,#5966,#2663,.T.);
#7272=EDGE_CURVE('',#5976,#5977,#2664,.T.);
#7273=EDGE_CURVE('',#5968,#5977,#2665,.T.);
#7274=EDGE_CURVE('',#5974,#5976,#2666,.T.);
#7275=EDGE_CURVE('',#5977,#5975,#2667,.T.);
#7276=EDGE_CURVE('',#5978,#5979,#2668,.T.);
#7277=EDGE_CURVE('',#5978,#5980,#2669,.T.);
#7278=EDGE_CURVE('',#5981,#5980,#2670,.T.);
#7279=EDGE_CURVE('',#5979,#5981,#2671,.T.);
#7280=EDGE_CURVE('',#5979,#5982,#2672,.T.);
#7281=EDGE_CURVE('',#5983,#5981,#2673,.T.);
#7282=EDGE_CURVE('',#5982,#5983,#2674,.T.);
#7283=EDGE_CURVE('',#5982,#5984,#2675,.T.);
#7284=EDGE_CURVE('',#5985,#5983,#2676,.T.);
#7285=EDGE_CURVE('',#5984,#5985,#2677,.T.);
#7286=EDGE_CURVE('',#5984,#5986,#2678,.T.);
#7287=EDGE_CURVE('',#5987,#5985,#2679,.T.);
#7288=EDGE_CURVE('',#5987,#5986,#2680,.T.);
#7289=EDGE_CURVE('',#5988,#5978,#2681,.T.);
#7290=EDGE_CURVE('',#5988,#5989,#2682,.T.);
#7291=EDGE_CURVE('',#5980,#5989,#2683,.T.);
#7292=EDGE_CURVE('',#5986,#5988,#2684,.T.);
#7293=EDGE_CURVE('',#5989,#5987,#2685,.T.);
#7294=EDGE_CURVE('',#5990,#5991,#2686,.T.);
#7295=EDGE_CURVE('',#5990,#5992,#2687,.T.);
#7296=EDGE_CURVE('',#5993,#5992,#2688,.T.);
#7297=EDGE_CURVE('',#5991,#5993,#2689,.T.);
#7298=EDGE_CURVE('',#5991,#5994,#2690,.T.);
#7299=EDGE_CURVE('',#5995,#5993,#2691,.T.);
#7300=EDGE_CURVE('',#5994,#5995,#2692,.T.);
#7301=EDGE_CURVE('',#5994,#5996,#2693,.T.);
#7302=EDGE_CURVE('',#5997,#5995,#2694,.T.);
#7303=EDGE_CURVE('',#5996,#5997,#2695,.T.);
#7304=EDGE_CURVE('',#5996,#5998,#2696,.T.);
#7305=EDGE_CURVE('',#5999,#5997,#2697,.T.);
#7306=EDGE_CURVE('',#5999,#5998,#2698,.T.);
#7307=EDGE_CURVE('',#6000,#5990,#2699,.T.);
#7308=EDGE_CURVE('',#6000,#6001,#2700,.T.);
#7309=EDGE_CURVE('',#5992,#6001,#2701,.T.);
#7310=EDGE_CURVE('',#5998,#6000,#2702,.T.);
#7311=EDGE_CURVE('',#6001,#5999,#2703,.T.);
#7312=EDGE_CURVE('',#6002,#6003,#2704,.T.);
#7313=EDGE_CURVE('',#6002,#6004,#2705,.T.);
#7314=EDGE_CURVE('',#6005,#6004,#2706,.T.);
#7315=EDGE_CURVE('',#6003,#6005,#2707,.T.);
#7316=EDGE_CURVE('',#6003,#6006,#2708,.T.);
#7317=EDGE_CURVE('',#6007,#6005,#2709,.T.);
#7318=EDGE_CURVE('',#6006,#6007,#2710,.T.);
#7319=EDGE_CURVE('',#6006,#6008,#2711,.T.);
#7320=EDGE_CURVE('',#6009,#6007,#2712,.T.);
#7321=EDGE_CURVE('',#6008,#6009,#2713,.T.);
#7322=EDGE_CURVE('',#6008,#6010,#2714,.T.);
#7323=EDGE_CURVE('',#6011,#6009,#2715,.T.);
#7324=EDGE_CURVE('',#6011,#6010,#2716,.T.);
#7325=EDGE_CURVE('',#6012,#6002,#2717,.T.);
#7326=EDGE_CURVE('',#6012,#6013,#2718,.T.);
#7327=EDGE_CURVE('',#6004,#6013,#2719,.T.);
#7328=EDGE_CURVE('',#6010,#6012,#2720,.T.);
#7329=EDGE_CURVE('',#6013,#6011,#2721,.T.);
#7330=EDGE_CURVE('',#6014,#6015,#2722,.T.);
#7331=EDGE_CURVE('',#6014,#6016,#2723,.T.);
#7332=EDGE_CURVE('',#6017,#6016,#2724,.T.);
#7333=EDGE_CURVE('',#6015,#6017,#2725,.T.);
#7334=EDGE_CURVE('',#6015,#6018,#2726,.T.);
#7335=EDGE_CURVE('',#6019,#6017,#2727,.T.);
#7336=EDGE_CURVE('',#6018,#6019,#2728,.T.);
#7337=EDGE_CURVE('',#6018,#6020,#2729,.T.);
#7338=EDGE_CURVE('',#6021,#6019,#2730,.T.);
#7339=EDGE_CURVE('',#6020,#6021,#2731,.T.);
#7340=EDGE_CURVE('',#6020,#6022,#2732,.T.);
#7341=EDGE_CURVE('',#6023,#6021,#2733,.T.);
#7342=EDGE_CURVE('',#6023,#6022,#2734,.T.);
#7343=EDGE_CURVE('',#6024,#6014,#2735,.T.);
#7344=EDGE_CURVE('',#6024,#6025,#2736,.T.);
#7345=EDGE_CURVE('',#6016,#6025,#2737,.T.);
#7346=EDGE_CURVE('',#6022,#6024,#2738,.T.);
#7347=EDGE_CURVE('',#6025,#6023,#2739,.T.);
#7348=EDGE_CURVE('',#6026,#6027,#2740,.T.);
#7349=EDGE_CURVE('',#6026,#6028,#2741,.T.);
#7350=EDGE_CURVE('',#6029,#6028,#2742,.T.);
#7351=EDGE_CURVE('',#6027,#6029,#2743,.T.);
#7352=EDGE_CURVE('',#6027,#6030,#2744,.T.);
#7353=EDGE_CURVE('',#6031,#6029,#2745,.T.);
#7354=EDGE_CURVE('',#6030,#6031,#2746,.T.);
#7355=EDGE_CURVE('',#6030,#6032,#2747,.T.);
#7356=EDGE_CURVE('',#6033,#6031,#2748,.T.);
#7357=EDGE_CURVE('',#6032,#6033,#2749,.T.);
#7358=EDGE_CURVE('',#6032,#6034,#2750,.T.);
#7359=EDGE_CURVE('',#6035,#6033,#2751,.T.);
#7360=EDGE_CURVE('',#6035,#6034,#2752,.T.);
#7361=EDGE_CURVE('',#6036,#6026,#2753,.T.);
#7362=EDGE_CURVE('',#6036,#6037,#2754,.T.);
#7363=EDGE_CURVE('',#6028,#6037,#2755,.T.);
#7364=EDGE_CURVE('',#6034,#6036,#2756,.T.);
#7365=EDGE_CURVE('',#6037,#6035,#2757,.T.);
#7366=EDGE_CURVE('',#6038,#6039,#2758,.T.);
#7367=EDGE_CURVE('',#6038,#6040,#2759,.T.);
#7368=EDGE_CURVE('',#6041,#6040,#2760,.T.);
#7369=EDGE_CURVE('',#6039,#6041,#2761,.T.);
#7370=EDGE_CURVE('',#6039,#6042,#2762,.T.);
#7371=EDGE_CURVE('',#6043,#6041,#2763,.T.);
#7372=EDGE_CURVE('',#6042,#6043,#2764,.T.);
#7373=EDGE_CURVE('',#6042,#6044,#2765,.T.);
#7374=EDGE_CURVE('',#6045,#6043,#2766,.T.);
#7375=EDGE_CURVE('',#6044,#6045,#2767,.T.);
#7376=EDGE_CURVE('',#6044,#6046,#2768,.T.);
#7377=EDGE_CURVE('',#6047,#6045,#2769,.T.);
#7378=EDGE_CURVE('',#6047,#6046,#2770,.T.);
#7379=EDGE_CURVE('',#6048,#6038,#2771,.T.);
#7380=EDGE_CURVE('',#6048,#6049,#2772,.T.);
#7381=EDGE_CURVE('',#6040,#6049,#2773,.T.);
#7382=EDGE_CURVE('',#6046,#6048,#2774,.T.);
#7383=EDGE_CURVE('',#6049,#6047,#2775,.T.);
#7384=EDGE_CURVE('',#6050,#6051,#2776,.T.);
#7385=EDGE_CURVE('',#6050,#6052,#2777,.T.);
#7386=EDGE_CURVE('',#6053,#6052,#2778,.T.);
#7387=EDGE_CURVE('',#6051,#6053,#2779,.T.);
#7388=EDGE_CURVE('',#6051,#6054,#2780,.T.);
#7389=EDGE_CURVE('',#6055,#6053,#2781,.T.);
#7390=EDGE_CURVE('',#6054,#6055,#2782,.T.);
#7391=EDGE_CURVE('',#6054,#6056,#2783,.T.);
#7392=EDGE_CURVE('',#6057,#6055,#2784,.T.);
#7393=EDGE_CURVE('',#6056,#6057,#2785,.T.);
#7394=EDGE_CURVE('',#6056,#6058,#2786,.T.);
#7395=EDGE_CURVE('',#6059,#6057,#2787,.T.);
#7396=EDGE_CURVE('',#6059,#6058,#2788,.T.);
#7397=EDGE_CURVE('',#6060,#6050,#2789,.T.);
#7398=EDGE_CURVE('',#6060,#6061,#2790,.T.);
#7399=EDGE_CURVE('',#6052,#6061,#2791,.T.);
#7400=EDGE_CURVE('',#6058,#6060,#2792,.T.);
#7401=EDGE_CURVE('',#6061,#6059,#2793,.T.);
#7402=EDGE_CURVE('',#6062,#6063,#2794,.T.);
#7403=EDGE_CURVE('',#6062,#6064,#2795,.T.);
#7404=EDGE_CURVE('',#6065,#6064,#2796,.T.);
#7405=EDGE_CURVE('',#6063,#6065,#2797,.T.);
#7406=EDGE_CURVE('',#6063,#6066,#2798,.T.);
#7407=EDGE_CURVE('',#6067,#6065,#2799,.T.);
#7408=EDGE_CURVE('',#6066,#6067,#2800,.T.);
#7409=EDGE_CURVE('',#6066,#6068,#2801,.T.);
#7410=EDGE_CURVE('',#6069,#6067,#2802,.T.);
#7411=EDGE_CURVE('',#6068,#6069,#2803,.T.);
#7412=EDGE_CURVE('',#6068,#6070,#2804,.T.);
#7413=EDGE_CURVE('',#6071,#6069,#2805,.T.);
#7414=EDGE_CURVE('',#6071,#6070,#2806,.T.);
#7415=EDGE_CURVE('',#6072,#6062,#2807,.T.);
#7416=EDGE_CURVE('',#6072,#6073,#2808,.T.);
#7417=EDGE_CURVE('',#6064,#6073,#2809,.T.);
#7418=EDGE_CURVE('',#6070,#6072,#2810,.T.);
#7419=EDGE_CURVE('',#6073,#6071,#2811,.T.);
#7420=EDGE_CURVE('',#6074,#6075,#2812,.T.);
#7421=EDGE_CURVE('',#6074,#6076,#2813,.T.);
#7422=EDGE_CURVE('',#6077,#6076,#2814,.T.);
#7423=EDGE_CURVE('',#6075,#6077,#2815,.T.);
#7424=EDGE_CURVE('',#6075,#6078,#2816,.T.);
#7425=EDGE_CURVE('',#6079,#6077,#2817,.T.);
#7426=EDGE_CURVE('',#6078,#6079,#2818,.T.);
#7427=EDGE_CURVE('',#6078,#6080,#2819,.T.);
#7428=EDGE_CURVE('',#6081,#6079,#2820,.T.);
#7429=EDGE_CURVE('',#6080,#6081,#2821,.T.);
#7430=EDGE_CURVE('',#6080,#6082,#2822,.T.);
#7431=EDGE_CURVE('',#6083,#6081,#2823,.T.);
#7432=EDGE_CURVE('',#6083,#6082,#2824,.T.);
#7433=EDGE_CURVE('',#6084,#6074,#2825,.T.);
#7434=EDGE_CURVE('',#6084,#6085,#2826,.T.);
#7435=EDGE_CURVE('',#6076,#6085,#2827,.T.);
#7436=EDGE_CURVE('',#6082,#6084,#2828,.T.);
#7437=EDGE_CURVE('',#6085,#6083,#2829,.T.);
#7438=EDGE_CURVE('',#6086,#6087,#2830,.T.);
#7439=EDGE_CURVE('',#6086,#6088,#2831,.T.);
#7440=EDGE_CURVE('',#6089,#6088,#2832,.T.);
#7441=EDGE_CURVE('',#6087,#6089,#2833,.T.);
#7442=EDGE_CURVE('',#6087,#6090,#2834,.T.);
#7443=EDGE_CURVE('',#6091,#6089,#2835,.T.);
#7444=EDGE_CURVE('',#6090,#6091,#2836,.T.);
#7445=EDGE_CURVE('',#6090,#6092,#2837,.T.);
#7446=EDGE_CURVE('',#6093,#6091,#2838,.T.);
#7447=EDGE_CURVE('',#6092,#6093,#2839,.T.);
#7448=EDGE_CURVE('',#6092,#6094,#2840,.T.);
#7449=EDGE_CURVE('',#6095,#6093,#2841,.T.);
#7450=EDGE_CURVE('',#6095,#6094,#2842,.T.);
#7451=EDGE_CURVE('',#6096,#6086,#2843,.T.);
#7452=EDGE_CURVE('',#6096,#6097,#2844,.T.);
#7453=EDGE_CURVE('',#6088,#6097,#2845,.T.);
#7454=EDGE_CURVE('',#6094,#6096,#2846,.T.);
#7455=EDGE_CURVE('',#6097,#6095,#2847,.T.);
#7456=EDGE_CURVE('',#6098,#6099,#2848,.T.);
#7457=EDGE_CURVE('',#6098,#6100,#2849,.T.);
#7458=EDGE_CURVE('',#6101,#6100,#2850,.T.);
#7459=EDGE_CURVE('',#6099,#6101,#2851,.T.);
#7460=EDGE_CURVE('',#6099,#6102,#2852,.T.);
#7461=EDGE_CURVE('',#6103,#6101,#2853,.T.);
#7462=EDGE_CURVE('',#6102,#6103,#2854,.T.);
#7463=EDGE_CURVE('',#6102,#6104,#2855,.T.);
#7464=EDGE_CURVE('',#6105,#6103,#2856,.T.);
#7465=EDGE_CURVE('',#6104,#6105,#2857,.T.);
#7466=EDGE_CURVE('',#6104,#6106,#2858,.T.);
#7467=EDGE_CURVE('',#6107,#6105,#2859,.T.);
#7468=EDGE_CURVE('',#6107,#6106,#2860,.T.);
#7469=EDGE_CURVE('',#6108,#6098,#2861,.T.);
#7470=EDGE_CURVE('',#6108,#6109,#2862,.T.);
#7471=EDGE_CURVE('',#6100,#6109,#2863,.T.);
#7472=EDGE_CURVE('',#6106,#6108,#2864,.T.);
#7473=EDGE_CURVE('',#6109,#6107,#2865,.T.);
#7474=EDGE_CURVE('',#6110,#6111,#2866,.T.);
#7475=EDGE_CURVE('',#6110,#6112,#2867,.T.);
#7476=EDGE_CURVE('',#6113,#6112,#2868,.T.);
#7477=EDGE_CURVE('',#6111,#6113,#2869,.T.);
#7478=EDGE_CURVE('',#6111,#6114,#2870,.T.);
#7479=EDGE_CURVE('',#6115,#6113,#2871,.T.);
#7480=EDGE_CURVE('',#6114,#6115,#2872,.T.);
#7481=EDGE_CURVE('',#6114,#6116,#2873,.T.);
#7482=EDGE_CURVE('',#6117,#6115,#2874,.T.);
#7483=EDGE_CURVE('',#6116,#6117,#2875,.T.);
#7484=EDGE_CURVE('',#6116,#6118,#2876,.T.);
#7485=EDGE_CURVE('',#6119,#6117,#2877,.T.);
#7486=EDGE_CURVE('',#6119,#6118,#2878,.T.);
#7487=EDGE_CURVE('',#6120,#6110,#2879,.T.);
#7488=EDGE_CURVE('',#6120,#6121,#2880,.T.);
#7489=EDGE_CURVE('',#6112,#6121,#2881,.T.);
#7490=EDGE_CURVE('',#6118,#6120,#2882,.T.);
#7491=EDGE_CURVE('',#6121,#6119,#2883,.T.);
#7492=EDGE_CURVE('',#6122,#6123,#2884,.T.);
#7493=EDGE_CURVE('',#6122,#6124,#2885,.T.);
#7494=EDGE_CURVE('',#6125,#6124,#2886,.T.);
#7495=EDGE_CURVE('',#6123,#6125,#2887,.T.);
#7496=EDGE_CURVE('',#6123,#6126,#2888,.T.);
#7497=EDGE_CURVE('',#6127,#6125,#2889,.T.);
#7498=EDGE_CURVE('',#6126,#6127,#2890,.T.);
#7499=EDGE_CURVE('',#6126,#6128,#2891,.T.);
#7500=EDGE_CURVE('',#6129,#6127,#2892,.T.);
#7501=EDGE_CURVE('',#6128,#6129,#2893,.T.);
#7502=EDGE_CURVE('',#6128,#6130,#2894,.T.);
#7503=EDGE_CURVE('',#6131,#6129,#2895,.T.);
#7504=EDGE_CURVE('',#6131,#6130,#2896,.T.);
#7505=EDGE_CURVE('',#6132,#6122,#2897,.T.);
#7506=EDGE_CURVE('',#6132,#6133,#2898,.T.);
#7507=EDGE_CURVE('',#6124,#6133,#2899,.T.);
#7508=EDGE_CURVE('',#6130,#6132,#2900,.T.);
#7509=EDGE_CURVE('',#6133,#6131,#2901,.T.);
#7510=EDGE_CURVE('',#6134,#6135,#2902,.T.);
#7511=EDGE_CURVE('',#6134,#6136,#2903,.T.);
#7512=EDGE_CURVE('',#6137,#6136,#2904,.T.);
#7513=EDGE_CURVE('',#6135,#6137,#2905,.T.);
#7514=EDGE_CURVE('',#6135,#6138,#2906,.T.);
#7515=EDGE_CURVE('',#6139,#6137,#2907,.T.);
#7516=EDGE_CURVE('',#6138,#6139,#2908,.T.);
#7517=EDGE_CURVE('',#6138,#6140,#2909,.T.);
#7518=EDGE_CURVE('',#6141,#6139,#2910,.T.);
#7519=EDGE_CURVE('',#6140,#6141,#2911,.T.);
#7520=EDGE_CURVE('',#6140,#6142,#2912,.T.);
#7521=EDGE_CURVE('',#6143,#6141,#2913,.T.);
#7522=EDGE_CURVE('',#6143,#6142,#2914,.T.);
#7523=EDGE_CURVE('',#6144,#6134,#2915,.T.);
#7524=EDGE_CURVE('',#6144,#6145,#2916,.T.);
#7525=EDGE_CURVE('',#6136,#6145,#2917,.T.);
#7526=EDGE_CURVE('',#6142,#6144,#2918,.T.);
#7527=EDGE_CURVE('',#6145,#6143,#2919,.T.);
#7528=EDGE_CURVE('',#6146,#6147,#2920,.T.);
#7529=EDGE_CURVE('',#6148,#6146,#2921,.T.);
#7530=EDGE_CURVE('',#6149,#6148,#2922,.T.);
#7531=EDGE_CURVE('',#6149,#6147,#2923,.T.);
#7532=EDGE_CURVE('',#6147,#6150,#2924,.T.);
#7533=EDGE_CURVE('',#6151,#6149,#2925,.T.);
#7534=EDGE_CURVE('',#6151,#6150,#2926,.T.);
#7535=EDGE_CURVE('',#6150,#6152,#2927,.T.);
#7536=EDGE_CURVE('',#6153,#6151,#2928,.T.);
#7537=EDGE_CURVE('',#6152,#6153,#2929,.T.);
#7538=EDGE_CURVE('',#6152,#6154,#2930,.T.);
#7539=EDGE_CURVE('',#6155,#6153,#2931,.T.);
#7540=EDGE_CURVE('',#6155,#6154,#2932,.T.);
#7541=EDGE_CURVE('',#6154,#6156,#2933,.T.);
#7542=EDGE_CURVE('',#6157,#6155,#2934,.T.);
#7543=EDGE_CURVE('',#6157,#6156,#2935,.T.);
#7544=EDGE_CURVE('',#6156,#6146,#2936,.T.);
#7545=EDGE_CURVE('',#6148,#6157,#2937,.T.);
#7546=EDGE_CURVE('',#6158,#6159,#2938,.T.);
#7547=EDGE_CURVE('',#6160,#6158,#2939,.T.);
#7548=EDGE_CURVE('',#6161,#6160,#2940,.T.);
#7549=EDGE_CURVE('',#6161,#6159,#2941,.T.);
#7550=EDGE_CURVE('',#6159,#6162,#2942,.T.);
#7551=EDGE_CURVE('',#6163,#6161,#2943,.T.);
#7552=EDGE_CURVE('',#6163,#6162,#2944,.T.);
#7553=EDGE_CURVE('',#6162,#6164,#2945,.T.);
#7554=EDGE_CURVE('',#6165,#6163,#2946,.T.);
#7555=EDGE_CURVE('',#6164,#6165,#2947,.T.);
#7556=EDGE_CURVE('',#6164,#6166,#2948,.T.);
#7557=EDGE_CURVE('',#6167,#6165,#2949,.T.);
#7558=EDGE_CURVE('',#6167,#6166,#2950,.T.);
#7559=EDGE_CURVE('',#6166,#6168,#2951,.T.);
#7560=EDGE_CURVE('',#6169,#6167,#2952,.T.);
#7561=EDGE_CURVE('',#6169,#6168,#2953,.T.);
#7562=EDGE_CURVE('',#6168,#6158,#2954,.T.);
#7563=EDGE_CURVE('',#6160,#6169,#2955,.T.);
#7564=EDGE_CURVE('',#6170,#6171,#2956,.T.);
#7565=EDGE_CURVE('',#6172,#6170,#2957,.T.);
#7566=EDGE_CURVE('',#6173,#6172,#2958,.T.);
#7567=EDGE_CURVE('',#6173,#6171,#2959,.T.);
#7568=EDGE_CURVE('',#6171,#6174,#2960,.T.);
#7569=EDGE_CURVE('',#6175,#6173,#2961,.T.);
#7570=EDGE_CURVE('',#6175,#6174,#2962,.T.);
#7571=EDGE_CURVE('',#6174,#6176,#2963,.T.);
#7572=EDGE_CURVE('',#6177,#6175,#2964,.T.);
#7573=EDGE_CURVE('',#6176,#6177,#2965,.T.);
#7574=EDGE_CURVE('',#6176,#6178,#2966,.T.);
#7575=EDGE_CURVE('',#6179,#6177,#2967,.T.);
#7576=EDGE_CURVE('',#6179,#6178,#2968,.T.);
#7577=EDGE_CURVE('',#6178,#6180,#2969,.T.);
#7578=EDGE_CURVE('',#6181,#6179,#2970,.T.);
#7579=EDGE_CURVE('',#6181,#6180,#2971,.T.);
#7580=EDGE_CURVE('',#6180,#6170,#2972,.T.);
#7581=EDGE_CURVE('',#6172,#6181,#2973,.T.);
#7582=EDGE_CURVE('',#6182,#6183,#2974,.T.);
#7583=EDGE_CURVE('',#6184,#6182,#2975,.T.);
#7584=EDGE_CURVE('',#6185,#6184,#2976,.T.);
#7585=EDGE_CURVE('',#6185,#6183,#2977,.T.);
#7586=EDGE_CURVE('',#6183,#6186,#2978,.T.);
#7587=EDGE_CURVE('',#6187,#6185,#2979,.T.);
#7588=EDGE_CURVE('',#6187,#6186,#2980,.T.);
#7589=EDGE_CURVE('',#6186,#6188,#2981,.T.);
#7590=EDGE_CURVE('',#6189,#6187,#2982,.T.);
#7591=EDGE_CURVE('',#6188,#6189,#2983,.T.);
#7592=EDGE_CURVE('',#6188,#6190,#2984,.T.);
#7593=EDGE_CURVE('',#6191,#6189,#2985,.T.);
#7594=EDGE_CURVE('',#6191,#6190,#2986,.T.);
#7595=EDGE_CURVE('',#6190,#6192,#2987,.T.);
#7596=EDGE_CURVE('',#6193,#6191,#2988,.T.);
#7597=EDGE_CURVE('',#6193,#6192,#2989,.T.);
#7598=EDGE_CURVE('',#6192,#6182,#2990,.T.);
#7599=EDGE_CURVE('',#6184,#6193,#2991,.T.);
#7600=EDGE_CURVE('',#6194,#6195,#2992,.T.);
#7601=EDGE_CURVE('',#6196,#6194,#2993,.T.);
#7602=EDGE_CURVE('',#6197,#6196,#2994,.T.);
#7603=EDGE_CURVE('',#6197,#6195,#2995,.T.);
#7604=EDGE_CURVE('',#6195,#6198,#2996,.T.);
#7605=EDGE_CURVE('',#6199,#6197,#2997,.T.);
#7606=EDGE_CURVE('',#6199,#6198,#2998,.T.);
#7607=EDGE_CURVE('',#6198,#6200,#2999,.T.);
#7608=EDGE_CURVE('',#6201,#6199,#3000,.T.);
#7609=EDGE_CURVE('',#6200,#6201,#3001,.T.);
#7610=EDGE_CURVE('',#6200,#6202,#3002,.T.);
#7611=EDGE_CURVE('',#6203,#6201,#3003,.T.);
#7612=EDGE_CURVE('',#6203,#6202,#3004,.T.);
#7613=EDGE_CURVE('',#6202,#6204,#3005,.T.);
#7614=EDGE_CURVE('',#6205,#6203,#3006,.T.);
#7615=EDGE_CURVE('',#6205,#6204,#3007,.T.);
#7616=EDGE_CURVE('',#6204,#6194,#3008,.T.);
#7617=EDGE_CURVE('',#6196,#6205,#3009,.T.);
#7618=EDGE_CURVE('',#6206,#6207,#3010,.T.);
#7619=EDGE_CURVE('',#6208,#6206,#3011,.T.);
#7620=EDGE_CURVE('',#6209,#6208,#3012,.T.);
#7621=EDGE_CURVE('',#6209,#6207,#3013,.T.);
#7622=EDGE_CURVE('',#6207,#6210,#3014,.T.);
#7623=EDGE_CURVE('',#6211,#6209,#3015,.T.);
#7624=EDGE_CURVE('',#6211,#6210,#3016,.T.);
#7625=EDGE_CURVE('',#6210,#6212,#3017,.T.);
#7626=EDGE_CURVE('',#6213,#6211,#3018,.T.);
#7627=EDGE_CURVE('',#6212,#6213,#3019,.T.);
#7628=EDGE_CURVE('',#6212,#6214,#3020,.T.);
#7629=EDGE_CURVE('',#6215,#6213,#3021,.T.);
#7630=EDGE_CURVE('',#6215,#6214,#3022,.T.);
#7631=EDGE_CURVE('',#6214,#6216,#3023,.T.);
#7632=EDGE_CURVE('',#6217,#6215,#3024,.T.);
#7633=EDGE_CURVE('',#6217,#6216,#3025,.T.);
#7634=EDGE_CURVE('',#6216,#6206,#3026,.T.);
#7635=EDGE_CURVE('',#6208,#6217,#3027,.T.);
#7636=EDGE_CURVE('',#6218,#6219,#3028,.T.);
#7637=EDGE_CURVE('',#6220,#6218,#3029,.T.);
#7638=EDGE_CURVE('',#6221,#6220,#3030,.T.);
#7639=EDGE_CURVE('',#6221,#6219,#3031,.T.);
#7640=EDGE_CURVE('',#6219,#6222,#3032,.T.);
#7641=EDGE_CURVE('',#6223,#6221,#3033,.T.);
#7642=EDGE_CURVE('',#6223,#6222,#3034,.T.);
#7643=EDGE_CURVE('',#6222,#6224,#3035,.T.);
#7644=EDGE_CURVE('',#6225,#6223,#3036,.T.);
#7645=EDGE_CURVE('',#6224,#6225,#3037,.T.);
#7646=EDGE_CURVE('',#6224,#6226,#3038,.T.);
#7647=EDGE_CURVE('',#6227,#6225,#3039,.T.);
#7648=EDGE_CURVE('',#6227,#6226,#3040,.T.);
#7649=EDGE_CURVE('',#6226,#6228,#3041,.T.);
#7650=EDGE_CURVE('',#6229,#6227,#3042,.T.);
#7651=EDGE_CURVE('',#6229,#6228,#3043,.T.);
#7652=EDGE_CURVE('',#6228,#6218,#3044,.T.);
#7653=EDGE_CURVE('',#6220,#6229,#3045,.T.);
#7654=EDGE_CURVE('',#6230,#6231,#3046,.T.);
#7655=EDGE_CURVE('',#6232,#6230,#3047,.T.);
#7656=EDGE_CURVE('',#6233,#6232,#3048,.T.);
#7657=EDGE_CURVE('',#6233,#6231,#3049,.T.);
#7658=EDGE_CURVE('',#6231,#6234,#3050,.T.);
#7659=EDGE_CURVE('',#6235,#6233,#3051,.T.);
#7660=EDGE_CURVE('',#6235,#6234,#3052,.T.);
#7661=EDGE_CURVE('',#6234,#6236,#3053,.T.);
#7662=EDGE_CURVE('',#6237,#6235,#3054,.T.);
#7663=EDGE_CURVE('',#6236,#6237,#3055,.T.);
#7664=EDGE_CURVE('',#6236,#6238,#3056,.T.);
#7665=EDGE_CURVE('',#6239,#6237,#3057,.T.);
#7666=EDGE_CURVE('',#6239,#6238,#3058,.T.);
#7667=EDGE_CURVE('',#6238,#6240,#3059,.T.);
#7668=EDGE_CURVE('',#6241,#6239,#3060,.T.);
#7669=EDGE_CURVE('',#6241,#6240,#3061,.T.);
#7670=EDGE_CURVE('',#6240,#6230,#3062,.T.);
#7671=EDGE_CURVE('',#6232,#6241,#3063,.T.);
#7672=EDGE_CURVE('',#6242,#6243,#3064,.T.);
#7673=EDGE_CURVE('',#6244,#6242,#3065,.T.);
#7674=EDGE_CURVE('',#6245,#6244,#3066,.T.);
#7675=EDGE_CURVE('',#6245,#6243,#3067,.T.);
#7676=EDGE_CURVE('',#6243,#6246,#3068,.T.);
#7677=EDGE_CURVE('',#6247,#6245,#3069,.T.);
#7678=EDGE_CURVE('',#6247,#6246,#3070,.T.);
#7679=EDGE_CURVE('',#6246,#6248,#3071,.T.);
#7680=EDGE_CURVE('',#6249,#6247,#3072,.T.);
#7681=EDGE_CURVE('',#6248,#6249,#3073,.T.);
#7682=EDGE_CURVE('',#6248,#6250,#3074,.T.);
#7683=EDGE_CURVE('',#6251,#6249,#3075,.T.);
#7684=EDGE_CURVE('',#6251,#6250,#3076,.T.);
#7685=EDGE_CURVE('',#6250,#6252,#3077,.T.);
#7686=EDGE_CURVE('',#6253,#6251,#3078,.T.);
#7687=EDGE_CURVE('',#6253,#6252,#3079,.T.);
#7688=EDGE_CURVE('',#6252,#6242,#3080,.T.);
#7689=EDGE_CURVE('',#6244,#6253,#3081,.T.);
#7690=EDGE_CURVE('',#6254,#6255,#3082,.T.);
#7691=EDGE_CURVE('',#6256,#6254,#3083,.T.);
#7692=EDGE_CURVE('',#6257,#6256,#3084,.T.);
#7693=EDGE_CURVE('',#6257,#6255,#3085,.T.);
#7694=EDGE_CURVE('',#6255,#6258,#3086,.T.);
#7695=EDGE_CURVE('',#6259,#6257,#3087,.T.);
#7696=EDGE_CURVE('',#6259,#6258,#3088,.T.);
#7697=EDGE_CURVE('',#6258,#6260,#3089,.T.);
#7698=EDGE_CURVE('',#6261,#6259,#3090,.T.);
#7699=EDGE_CURVE('',#6260,#6261,#3091,.T.);
#7700=EDGE_CURVE('',#6260,#6262,#3092,.T.);
#7701=EDGE_CURVE('',#6263,#6261,#3093,.T.);
#7702=EDGE_CURVE('',#6263,#6262,#3094,.T.);
#7703=EDGE_CURVE('',#6262,#6264,#3095,.T.);
#7704=EDGE_CURVE('',#6265,#6263,#3096,.T.);
#7705=EDGE_CURVE('',#6265,#6264,#3097,.T.);
#7706=EDGE_CURVE('',#6264,#6254,#3098,.T.);
#7707=EDGE_CURVE('',#6256,#6265,#3099,.T.);
#7708=EDGE_CURVE('',#6266,#6267,#3100,.T.);
#7709=EDGE_CURVE('',#6268,#6266,#3101,.T.);
#7710=EDGE_CURVE('',#6269,#6268,#3102,.T.);
#7711=EDGE_CURVE('',#6269,#6267,#3103,.T.);
#7712=EDGE_CURVE('',#6267,#6270,#3104,.T.);
#7713=EDGE_CURVE('',#6271,#6269,#3105,.T.);
#7714=EDGE_CURVE('',#6271,#6270,#3106,.T.);
#7715=EDGE_CURVE('',#6270,#6272,#3107,.T.);
#7716=EDGE_CURVE('',#6273,#6271,#3108,.T.);
#7717=EDGE_CURVE('',#6272,#6273,#3109,.T.);
#7718=EDGE_CURVE('',#6272,#6274,#3110,.T.);
#7719=EDGE_CURVE('',#6275,#6273,#3111,.T.);
#7720=EDGE_CURVE('',#6275,#6274,#3112,.T.);
#7721=EDGE_CURVE('',#6274,#6276,#3113,.T.);
#7722=EDGE_CURVE('',#6277,#6275,#3114,.T.);
#7723=EDGE_CURVE('',#6277,#6276,#3115,.T.);
#7724=EDGE_CURVE('',#6276,#6266,#3116,.T.);
#7725=EDGE_CURVE('',#6268,#6277,#3117,.T.);
#7726=EDGE_CURVE('',#6278,#6279,#3118,.T.);
#7727=EDGE_CURVE('',#6280,#6278,#3119,.T.);
#7728=EDGE_CURVE('',#6281,#6280,#3120,.T.);
#7729=EDGE_CURVE('',#6281,#6279,#3121,.T.);
#7730=EDGE_CURVE('',#6279,#6282,#3122,.T.);
#7731=EDGE_CURVE('',#6283,#6281,#3123,.T.);
#7732=EDGE_CURVE('',#6283,#6282,#3124,.T.);
#7733=EDGE_CURVE('',#6282,#6284,#3125,.T.);
#7734=EDGE_CURVE('',#6285,#6283,#3126,.T.);
#7735=EDGE_CURVE('',#6284,#6285,#3127,.T.);
#7736=EDGE_CURVE('',#6284,#6286,#3128,.T.);
#7737=EDGE_CURVE('',#6287,#6285,#3129,.T.);
#7738=EDGE_CURVE('',#6287,#6286,#3130,.T.);
#7739=EDGE_CURVE('',#6286,#6288,#3131,.T.);
#7740=EDGE_CURVE('',#6289,#6287,#3132,.T.);
#7741=EDGE_CURVE('',#6289,#6288,#3133,.T.);
#7742=EDGE_CURVE('',#6288,#6278,#3134,.T.);
#7743=EDGE_CURVE('',#6280,#6289,#3135,.T.);
#7744=EDGE_CURVE('',#6290,#6291,#3136,.T.);
#7745=EDGE_CURVE('',#6292,#6290,#3137,.T.);
#7746=EDGE_CURVE('',#6293,#6292,#3138,.T.);
#7747=EDGE_CURVE('',#6293,#6291,#3139,.T.);
#7748=EDGE_CURVE('',#6291,#6294,#3140,.T.);
#7749=EDGE_CURVE('',#6295,#6293,#3141,.T.);
#7750=EDGE_CURVE('',#6295,#6294,#3142,.T.);
#7751=EDGE_CURVE('',#6294,#6296,#3143,.T.);
#7752=EDGE_CURVE('',#6297,#6295,#3144,.T.);
#7753=EDGE_CURVE('',#6296,#6297,#3145,.T.);
#7754=EDGE_CURVE('',#6296,#6298,#3146,.T.);
#7755=EDGE_CURVE('',#6299,#6297,#3147,.T.);
#7756=EDGE_CURVE('',#6299,#6298,#3148,.T.);
#7757=EDGE_CURVE('',#6298,#6300,#3149,.T.);
#7758=EDGE_CURVE('',#6301,#6299,#3150,.T.);
#7759=EDGE_CURVE('',#6301,#6300,#3151,.T.);
#7760=EDGE_CURVE('',#6300,#6290,#3152,.T.);
#7761=EDGE_CURVE('',#6292,#6301,#3153,.T.);
#7762=EDGE_CURVE('',#6302,#6303,#3154,.T.);
#7763=EDGE_CURVE('',#6304,#6302,#3155,.T.);
#7764=EDGE_CURVE('',#6305,#6304,#3156,.T.);
#7765=EDGE_CURVE('',#6305,#6303,#3157,.T.);
#7766=EDGE_CURVE('',#6303,#6306,#3158,.T.);
#7767=EDGE_CURVE('',#6307,#6305,#3159,.T.);
#7768=EDGE_CURVE('',#6307,#6306,#3160,.T.);
#7769=EDGE_CURVE('',#6306,#6308,#3161,.T.);
#7770=EDGE_CURVE('',#6309,#6307,#3162,.T.);
#7771=EDGE_CURVE('',#6308,#6309,#3163,.T.);
#7772=EDGE_CURVE('',#6308,#6310,#3164,.T.);
#7773=EDGE_CURVE('',#6311,#6309,#3165,.T.);
#7774=EDGE_CURVE('',#6311,#6310,#3166,.T.);
#7775=EDGE_CURVE('',#6310,#6312,#3167,.T.);
#7776=EDGE_CURVE('',#6313,#6311,#3168,.T.);
#7777=EDGE_CURVE('',#6313,#6312,#3169,.T.);
#7778=EDGE_CURVE('',#6312,#6302,#3170,.T.);
#7779=EDGE_CURVE('',#6304,#6313,#3171,.T.);
#7780=EDGE_CURVE('',#6314,#6315,#3172,.T.);
#7781=EDGE_CURVE('',#6316,#6314,#3173,.T.);
#7782=EDGE_CURVE('',#6317,#6316,#3174,.T.);
#7783=EDGE_CURVE('',#6317,#6315,#3175,.T.);
#7784=EDGE_CURVE('',#6315,#6318,#3176,.T.);
#7785=EDGE_CURVE('',#6319,#6317,#3177,.T.);
#7786=EDGE_CURVE('',#6319,#6318,#3178,.T.);
#7787=EDGE_CURVE('',#6318,#6320,#3179,.T.);
#7788=EDGE_CURVE('',#6321,#6319,#3180,.T.);
#7789=EDGE_CURVE('',#6320,#6321,#3181,.T.);
#7790=EDGE_CURVE('',#6320,#6322,#3182,.T.);
#7791=EDGE_CURVE('',#6323,#6321,#3183,.T.);
#7792=EDGE_CURVE('',#6323,#6322,#3184,.T.);
#7793=EDGE_CURVE('',#6322,#6324,#3185,.T.);
#7794=EDGE_CURVE('',#6325,#6323,#3186,.T.);
#7795=EDGE_CURVE('',#6325,#6324,#3187,.T.);
#7796=EDGE_CURVE('',#6324,#6314,#3188,.T.);
#7797=EDGE_CURVE('',#6316,#6325,#3189,.T.);
#7798=EDGE_CURVE('',#6326,#6327,#3190,.T.);
#7799=EDGE_CURVE('',#6328,#6326,#3191,.T.);
#7800=EDGE_CURVE('',#6329,#6328,#3192,.T.);
#7801=EDGE_CURVE('',#6329,#6327,#3193,.T.);
#7802=EDGE_CURVE('',#6327,#6330,#3194,.T.);
#7803=EDGE_CURVE('',#6331,#6329,#3195,.T.);
#7804=EDGE_CURVE('',#6331,#6330,#3196,.T.);
#7805=EDGE_CURVE('',#6330,#6332,#3197,.T.);
#7806=EDGE_CURVE('',#6333,#6331,#3198,.T.);
#7807=EDGE_CURVE('',#6332,#6333,#3199,.T.);
#7808=EDGE_CURVE('',#6332,#6334,#3200,.T.);
#7809=EDGE_CURVE('',#6335,#6333,#3201,.T.);
#7810=EDGE_CURVE('',#6335,#6334,#3202,.T.);
#7811=EDGE_CURVE('',#6334,#6336,#3203,.T.);
#7812=EDGE_CURVE('',#6337,#6335,#3204,.T.);
#7813=EDGE_CURVE('',#6337,#6336,#3205,.T.);
#7814=EDGE_CURVE('',#6336,#6326,#3206,.T.);
#7815=EDGE_CURVE('',#6328,#6337,#3207,.T.);
#7816=EDGE_CURVE('',#6338,#6339,#3208,.T.);
#7817=EDGE_CURVE('',#6340,#6338,#3209,.T.);
#7818=EDGE_CURVE('',#6341,#6340,#3210,.T.);
#7819=EDGE_CURVE('',#6341,#6339,#3211,.T.);
#7820=EDGE_CURVE('',#6339,#6342,#3212,.T.);
#7821=EDGE_CURVE('',#6343,#6341,#3213,.T.);
#7822=EDGE_CURVE('',#6343,#6342,#3214,.T.);
#7823=EDGE_CURVE('',#6342,#6344,#3215,.T.);
#7824=EDGE_CURVE('',#6345,#6343,#3216,.T.);
#7825=EDGE_CURVE('',#6344,#6345,#3217,.T.);
#7826=EDGE_CURVE('',#6344,#6346,#3218,.T.);
#7827=EDGE_CURVE('',#6347,#6345,#3219,.T.);
#7828=EDGE_CURVE('',#6347,#6346,#3220,.T.);
#7829=EDGE_CURVE('',#6346,#6348,#3221,.T.);
#7830=EDGE_CURVE('',#6349,#6347,#3222,.T.);
#7831=EDGE_CURVE('',#6349,#6348,#3223,.T.);
#7832=EDGE_CURVE('',#6348,#6338,#3224,.T.);
#7833=EDGE_CURVE('',#6340,#6349,#3225,.T.);
#7834=EDGE_CURVE('',#6350,#6351,#3226,.T.);
#7835=EDGE_CURVE('',#6352,#6350,#3227,.T.);
#7836=EDGE_CURVE('',#6353,#6352,#3228,.T.);
#7837=EDGE_CURVE('',#6353,#6351,#3229,.T.);
#7838=EDGE_CURVE('',#6351,#6354,#3230,.T.);
#7839=EDGE_CURVE('',#6355,#6353,#3231,.T.);
#7840=EDGE_CURVE('',#6355,#6354,#3232,.T.);
#7841=EDGE_CURVE('',#6354,#6356,#3233,.T.);
#7842=EDGE_CURVE('',#6357,#6355,#3234,.T.);
#7843=EDGE_CURVE('',#6356,#6357,#3235,.T.);
#7844=EDGE_CURVE('',#6356,#6358,#3236,.T.);
#7845=EDGE_CURVE('',#6359,#6357,#3237,.T.);
#7846=EDGE_CURVE('',#6359,#6358,#3238,.T.);
#7847=EDGE_CURVE('',#6358,#6360,#3239,.T.);
#7848=EDGE_CURVE('',#6361,#6359,#3240,.T.);
#7849=EDGE_CURVE('',#6361,#6360,#3241,.T.);
#7850=EDGE_CURVE('',#6360,#6350,#3242,.T.);
#7851=EDGE_CURVE('',#6352,#6361,#3243,.T.);
#7852=EDGE_CURVE('',#6362,#6363,#3244,.T.);
#7853=EDGE_CURVE('',#6364,#6362,#3245,.T.);
#7854=EDGE_CURVE('',#6365,#6364,#3246,.T.);
#7855=EDGE_CURVE('',#6365,#6363,#3247,.T.);
#7856=EDGE_CURVE('',#6363,#6366,#3248,.T.);
#7857=EDGE_CURVE('',#6367,#6365,#3249,.T.);
#7858=EDGE_CURVE('',#6367,#6366,#3250,.T.);
#7859=EDGE_CURVE('',#6366,#6368,#3251,.T.);
#7860=EDGE_CURVE('',#6369,#6367,#3252,.T.);
#7861=EDGE_CURVE('',#6368,#6369,#3253,.T.);
#7862=EDGE_CURVE('',#6368,#6370,#3254,.T.);
#7863=EDGE_CURVE('',#6371,#6369,#3255,.T.);
#7864=EDGE_CURVE('',#6371,#6370,#3256,.T.);
#7865=EDGE_CURVE('',#6370,#6372,#3257,.T.);
#7866=EDGE_CURVE('',#6373,#6371,#3258,.T.);
#7867=EDGE_CURVE('',#6373,#6372,#3259,.T.);
#7868=EDGE_CURVE('',#6372,#6362,#3260,.T.);
#7869=EDGE_CURVE('',#6364,#6373,#3261,.T.);
#7870=EDGE_CURVE('',#6374,#6375,#3262,.T.);
#7871=EDGE_CURVE('',#6376,#6374,#3263,.T.);
#7872=EDGE_CURVE('',#6377,#6376,#3264,.T.);
#7873=EDGE_CURVE('',#6377,#6375,#3265,.T.);
#7874=EDGE_CURVE('',#6375,#6378,#3266,.T.);
#7875=EDGE_CURVE('',#6379,#6377,#3267,.T.);
#7876=EDGE_CURVE('',#6379,#6378,#3268,.T.);
#7877=EDGE_CURVE('',#6378,#6380,#3269,.T.);
#7878=EDGE_CURVE('',#6381,#6379,#3270,.T.);
#7879=EDGE_CURVE('',#6380,#6381,#3271,.T.);
#7880=EDGE_CURVE('',#6380,#6382,#3272,.T.);
#7881=EDGE_CURVE('',#6383,#6381,#3273,.T.);
#7882=EDGE_CURVE('',#6383,#6382,#3274,.T.);
#7883=EDGE_CURVE('',#6382,#6384,#3275,.T.);
#7884=EDGE_CURVE('',#6385,#6383,#3276,.T.);
#7885=EDGE_CURVE('',#6385,#6384,#3277,.T.);
#7886=EDGE_CURVE('',#6384,#6374,#3278,.T.);
#7887=EDGE_CURVE('',#6376,#6385,#3279,.T.);
#7888=EDGE_CURVE('',#6386,#6387,#3280,.T.);
#7889=EDGE_CURVE('',#6388,#6386,#3281,.T.);
#7890=EDGE_CURVE('',#6389,#6388,#3282,.T.);
#7891=EDGE_CURVE('',#6389,#6387,#3283,.T.);
#7892=EDGE_CURVE('',#6387,#6390,#3284,.T.);
#7893=EDGE_CURVE('',#6391,#6389,#3285,.T.);
#7894=EDGE_CURVE('',#6391,#6390,#3286,.T.);
#7895=EDGE_CURVE('',#6390,#6392,#3287,.T.);
#7896=EDGE_CURVE('',#6393,#6391,#3288,.T.);
#7897=EDGE_CURVE('',#6392,#6393,#3289,.T.);
#7898=EDGE_CURVE('',#6392,#6394,#3290,.T.);
#7899=EDGE_CURVE('',#6395,#6393,#3291,.T.);
#7900=EDGE_CURVE('',#6395,#6394,#3292,.T.);
#7901=EDGE_CURVE('',#6394,#6396,#3293,.T.);
#7902=EDGE_CURVE('',#6397,#6395,#3294,.T.);
#7903=EDGE_CURVE('',#6397,#6396,#3295,.T.);
#7904=EDGE_CURVE('',#6396,#6386,#3296,.T.);
#7905=EDGE_CURVE('',#6388,#6397,#3297,.T.);
#7906=EDGE_CURVE('',#6398,#6399,#3298,.T.);
#7907=EDGE_CURVE('',#6400,#6398,#3299,.T.);
#7908=EDGE_CURVE('',#6401,#6400,#3300,.T.);
#7909=EDGE_CURVE('',#6401,#6399,#3301,.T.);
#7910=EDGE_CURVE('',#6399,#6402,#3302,.T.);
#7911=EDGE_CURVE('',#6403,#6401,#3303,.T.);
#7912=EDGE_CURVE('',#6403,#6402,#3304,.T.);
#7913=EDGE_CURVE('',#6402,#6404,#3305,.T.);
#7914=EDGE_CURVE('',#6405,#6403,#3306,.T.);
#7915=EDGE_CURVE('',#6404,#6405,#3307,.T.);
#7916=EDGE_CURVE('',#6404,#6406,#3308,.T.);
#7917=EDGE_CURVE('',#6407,#6405,#3309,.T.);
#7918=EDGE_CURVE('',#6407,#6406,#3310,.T.);
#7919=EDGE_CURVE('',#6406,#6408,#3311,.T.);
#7920=EDGE_CURVE('',#6409,#6407,#3312,.T.);
#7921=EDGE_CURVE('',#6409,#6408,#3313,.T.);
#7922=EDGE_CURVE('',#6408,#6398,#3314,.T.);
#7923=EDGE_CURVE('',#6400,#6409,#3315,.T.);
#7924=EDGE_CURVE('',#6410,#6411,#3316,.T.);
#7925=EDGE_CURVE('',#6412,#6410,#3317,.T.);
#7926=EDGE_CURVE('',#6413,#6412,#3318,.T.);
#7927=EDGE_CURVE('',#6413,#6411,#3319,.T.);
#7928=EDGE_CURVE('',#6411,#6414,#3320,.T.);
#7929=EDGE_CURVE('',#6415,#6413,#3321,.T.);
#7930=EDGE_CURVE('',#6415,#6414,#3322,.T.);
#7931=EDGE_CURVE('',#6414,#6416,#3323,.T.);
#7932=EDGE_CURVE('',#6417,#6415,#3324,.T.);
#7933=EDGE_CURVE('',#6416,#6417,#3325,.T.);
#7934=EDGE_CURVE('',#6416,#6418,#3326,.T.);
#7935=EDGE_CURVE('',#6419,#6417,#3327,.T.);
#7936=EDGE_CURVE('',#6419,#6418,#3328,.T.);
#7937=EDGE_CURVE('',#6418,#6420,#3329,.T.);
#7938=EDGE_CURVE('',#6421,#6419,#3330,.T.);
#7939=EDGE_CURVE('',#6421,#6420,#3331,.T.);
#7940=EDGE_CURVE('',#6420,#6410,#3332,.T.);
#7941=EDGE_CURVE('',#6412,#6421,#3333,.T.);
#7942=EDGE_CURVE('',#6422,#6423,#3334,.T.);
#7943=EDGE_CURVE('',#6424,#6422,#3335,.T.);
#7944=EDGE_CURVE('',#6425,#6424,#3336,.T.);
#7945=EDGE_CURVE('',#6425,#6423,#3337,.T.);
#7946=EDGE_CURVE('',#6423,#6426,#3338,.T.);
#7947=EDGE_CURVE('',#6427,#6425,#3339,.T.);
#7948=EDGE_CURVE('',#6427,#6426,#3340,.T.);
#7949=EDGE_CURVE('',#6426,#6428,#3341,.T.);
#7950=EDGE_CURVE('',#6429,#6427,#3342,.T.);
#7951=EDGE_CURVE('',#6428,#6429,#3343,.T.);
#7952=EDGE_CURVE('',#6428,#6430,#3344,.T.);
#7953=EDGE_CURVE('',#6431,#6429,#3345,.T.);
#7954=EDGE_CURVE('',#6431,#6430,#3346,.T.);
#7955=EDGE_CURVE('',#6430,#6432,#3347,.T.);
#7956=EDGE_CURVE('',#6433,#6431,#3348,.T.);
#7957=EDGE_CURVE('',#6433,#6432,#3349,.T.);
#7958=EDGE_CURVE('',#6432,#6422,#3350,.T.);
#7959=EDGE_CURVE('',#6424,#6433,#3351,.T.);
#7960=EDGE_CURVE('',#6434,#6435,#3352,.T.);
#7961=EDGE_CURVE('',#6436,#6434,#3353,.T.);
#7962=EDGE_CURVE('',#6437,#6436,#3354,.T.);
#7963=EDGE_CURVE('',#6437,#6435,#3355,.T.);
#7964=EDGE_CURVE('',#6435,#6438,#3356,.T.);
#7965=EDGE_CURVE('',#6439,#6437,#3357,.T.);
#7966=EDGE_CURVE('',#6439,#6438,#3358,.T.);
#7967=EDGE_CURVE('',#6438,#6440,#3359,.T.);
#7968=EDGE_CURVE('',#6441,#6439,#3360,.T.);
#7969=EDGE_CURVE('',#6440,#6441,#3361,.T.);
#7970=EDGE_CURVE('',#6440,#6442,#3362,.T.);
#7971=EDGE_CURVE('',#6443,#6441,#3363,.T.);
#7972=EDGE_CURVE('',#6443,#6442,#3364,.T.);
#7973=EDGE_CURVE('',#6442,#6444,#3365,.T.);
#7974=EDGE_CURVE('',#6445,#6443,#3366,.T.);
#7975=EDGE_CURVE('',#6445,#6444,#3367,.T.);
#7976=EDGE_CURVE('',#6444,#6434,#3368,.T.);
#7977=EDGE_CURVE('',#6436,#6445,#3369,.T.);
#7978=EDGE_CURVE('',#6446,#6447,#3370,.T.);
#7979=EDGE_CURVE('',#6448,#6446,#3371,.T.);
#7980=EDGE_CURVE('',#6449,#6448,#3372,.T.);
#7981=EDGE_CURVE('',#6449,#6447,#3373,.T.);
#7982=EDGE_CURVE('',#6447,#6450,#3374,.T.);
#7983=EDGE_CURVE('',#6451,#6449,#3375,.T.);
#7984=EDGE_CURVE('',#6451,#6450,#3376,.T.);
#7985=EDGE_CURVE('',#6450,#6452,#3377,.T.);
#7986=EDGE_CURVE('',#6453,#6451,#3378,.T.);
#7987=EDGE_CURVE('',#6452,#6453,#3379,.T.);
#7988=EDGE_CURVE('',#6452,#6454,#3380,.T.);
#7989=EDGE_CURVE('',#6455,#6453,#3381,.T.);
#7990=EDGE_CURVE('',#6455,#6454,#3382,.T.);
#7991=EDGE_CURVE('',#6454,#6456,#3383,.T.);
#7992=EDGE_CURVE('',#6457,#6455,#3384,.T.);
#7993=EDGE_CURVE('',#6457,#6456,#3385,.T.);
#7994=EDGE_CURVE('',#6456,#6446,#3386,.T.);
#7995=EDGE_CURVE('',#6448,#6457,#3387,.T.);
#7996=EDGE_CURVE('',#6458,#6459,#3388,.T.);
#7997=EDGE_CURVE('',#6460,#6458,#3389,.T.);
#7998=EDGE_CURVE('',#6461,#6460,#3390,.T.);
#7999=EDGE_CURVE('',#6461,#6459,#3391,.T.);
#8000=EDGE_CURVE('',#6459,#6462,#3392,.T.);
#8001=EDGE_CURVE('',#6463,#6461,#3393,.T.);
#8002=EDGE_CURVE('',#6463,#6462,#3394,.T.);
#8003=EDGE_CURVE('',#6462,#6464,#3395,.T.);
#8004=EDGE_CURVE('',#6465,#6463,#3396,.T.);
#8005=EDGE_CURVE('',#6464,#6465,#3397,.T.);
#8006=EDGE_CURVE('',#6464,#6466,#3398,.T.);
#8007=EDGE_CURVE('',#6467,#6465,#3399,.T.);
#8008=EDGE_CURVE('',#6467,#6466,#3400,.T.);
#8009=EDGE_CURVE('',#6466,#6468,#3401,.T.);
#8010=EDGE_CURVE('',#6469,#6467,#3402,.T.);
#8011=EDGE_CURVE('',#6469,#6468,#3403,.T.);
#8012=EDGE_CURVE('',#6468,#6458,#3404,.T.);
#8013=EDGE_CURVE('',#6460,#6469,#3405,.T.);
#8014=EDGE_CURVE('',#6470,#6471,#3406,.T.);
#8015=EDGE_CURVE('',#6472,#6470,#3407,.T.);
#8016=EDGE_CURVE('',#6473,#6472,#3408,.T.);
#8017=EDGE_CURVE('',#6473,#6471,#3409,.T.);
#8018=EDGE_CURVE('',#6471,#6474,#3410,.T.);
#8019=EDGE_CURVE('',#6475,#6473,#3411,.T.);
#8020=EDGE_CURVE('',#6475,#6474,#3412,.T.);
#8021=EDGE_CURVE('',#6474,#6476,#3413,.T.);
#8022=EDGE_CURVE('',#6477,#6475,#3414,.T.);
#8023=EDGE_CURVE('',#6476,#6477,#3415,.T.);
#8024=EDGE_CURVE('',#6476,#6478,#3416,.T.);
#8025=EDGE_CURVE('',#6479,#6477,#3417,.T.);
#8026=EDGE_CURVE('',#6479,#6478,#3418,.T.);
#8027=EDGE_CURVE('',#6478,#6480,#3419,.T.);
#8028=EDGE_CURVE('',#6481,#6479,#3420,.T.);
#8029=EDGE_CURVE('',#6481,#6480,#3421,.T.);
#8030=EDGE_CURVE('',#6480,#6470,#3422,.T.);
#8031=EDGE_CURVE('',#6472,#6481,#3423,.T.);
#8032=EDGE_CURVE('',#6482,#6483,#3424,.T.);
#8033=EDGE_CURVE('',#6484,#6482,#3425,.T.);
#8034=EDGE_CURVE('',#6485,#6484,#3426,.T.);
#8035=EDGE_CURVE('',#6485,#6483,#3427,.T.);
#8036=EDGE_CURVE('',#6483,#6486,#3428,.T.);
#8037=EDGE_CURVE('',#6487,#6485,#3429,.T.);
#8038=EDGE_CURVE('',#6487,#6486,#3430,.T.);
#8039=EDGE_CURVE('',#6486,#6488,#3431,.T.);
#8040=EDGE_CURVE('',#6489,#6487,#3432,.T.);
#8041=EDGE_CURVE('',#6488,#6489,#3433,.T.);
#8042=EDGE_CURVE('',#6488,#6490,#3434,.T.);
#8043=EDGE_CURVE('',#6491,#6489,#3435,.T.);
#8044=EDGE_CURVE('',#6491,#6490,#3436,.T.);
#8045=EDGE_CURVE('',#6490,#6492,#3437,.T.);
#8046=EDGE_CURVE('',#6493,#6491,#3438,.T.);
#8047=EDGE_CURVE('',#6493,#6492,#3439,.T.);
#8048=EDGE_CURVE('',#6492,#6482,#3440,.T.);
#8049=EDGE_CURVE('',#6484,#6493,#3441,.T.);
#8050=EDGE_CURVE('',#6494,#6495,#3442,.T.);
#8051=EDGE_CURVE('',#6496,#6494,#3443,.T.);
#8052=EDGE_CURVE('',#6497,#6496,#3444,.T.);
#8053=EDGE_CURVE('',#6497,#6495,#3445,.T.);
#8054=EDGE_CURVE('',#6495,#6498,#3446,.T.);
#8055=EDGE_CURVE('',#6499,#6497,#3447,.T.);
#8056=EDGE_CURVE('',#6499,#6498,#3448,.T.);
#8057=EDGE_CURVE('',#6498,#6500,#3449,.T.);
#8058=EDGE_CURVE('',#6501,#6499,#3450,.T.);
#8059=EDGE_CURVE('',#6500,#6501,#3451,.T.);
#8060=EDGE_CURVE('',#6500,#6502,#3452,.T.);
#8061=EDGE_CURVE('',#6503,#6501,#3453,.T.);
#8062=EDGE_CURVE('',#6503,#6502,#3454,.T.);
#8063=EDGE_CURVE('',#6502,#6504,#3455,.T.);
#8064=EDGE_CURVE('',#6505,#6503,#3456,.T.);
#8065=EDGE_CURVE('',#6505,#6504,#3457,.T.);
#8066=EDGE_CURVE('',#6504,#6494,#3458,.T.);
#8067=EDGE_CURVE('',#6496,#6505,#3459,.T.);
#8068=EDGE_CURVE('',#6506,#6507,#3460,.T.);
#8069=EDGE_CURVE('',#6508,#6506,#3461,.T.);
#8070=EDGE_CURVE('',#6509,#6508,#3462,.T.);
#8071=EDGE_CURVE('',#6509,#6507,#3463,.T.);
#8072=EDGE_CURVE('',#6507,#6510,#3464,.T.);
#8073=EDGE_CURVE('',#6511,#6509,#3465,.T.);
#8074=EDGE_CURVE('',#6511,#6510,#3466,.T.);
#8075=EDGE_CURVE('',#6510,#6512,#3467,.T.);
#8076=EDGE_CURVE('',#6513,#6511,#3468,.T.);
#8077=EDGE_CURVE('',#6512,#6513,#3469,.T.);
#8078=EDGE_CURVE('',#6512,#6514,#3470,.T.);
#8079=EDGE_CURVE('',#6515,#6513,#3471,.T.);
#8080=EDGE_CURVE('',#6515,#6514,#3472,.T.);
#8081=EDGE_CURVE('',#6514,#6516,#3473,.T.);
#8082=EDGE_CURVE('',#6517,#6515,#3474,.T.);
#8083=EDGE_CURVE('',#6517,#6516,#3475,.T.);
#8084=EDGE_CURVE('',#6516,#6506,#3476,.T.);
#8085=EDGE_CURVE('',#6508,#6517,#3477,.T.);
#8086=EDGE_CURVE('',#6518,#6519,#3478,.T.);
#8087=EDGE_CURVE('',#6520,#6518,#3479,.T.);
#8088=EDGE_CURVE('',#6521,#6520,#3480,.T.);
#8089=EDGE_CURVE('',#6521,#6519,#3481,.T.);
#8090=EDGE_CURVE('',#6519,#6522,#3482,.T.);
#8091=EDGE_CURVE('',#6523,#6521,#3483,.T.);
#8092=EDGE_CURVE('',#6523,#6522,#3484,.T.);
#8093=EDGE_CURVE('',#6522,#6524,#3485,.T.);
#8094=EDGE_CURVE('',#6525,#6523,#3486,.T.);
#8095=EDGE_CURVE('',#6524,#6525,#3487,.T.);
#8096=EDGE_CURVE('',#6524,#6526,#3488,.T.);
#8097=EDGE_CURVE('',#6527,#6525,#3489,.T.);
#8098=EDGE_CURVE('',#6527,#6526,#3490,.T.);
#8099=EDGE_CURVE('',#6526,#6528,#3491,.T.);
#8100=EDGE_CURVE('',#6529,#6527,#3492,.T.);
#8101=EDGE_CURVE('',#6529,#6528,#3493,.T.);
#8102=EDGE_CURVE('',#6528,#6518,#3494,.T.);
#8103=EDGE_CURVE('',#6520,#6529,#3495,.T.);
#8104=EDGE_CURVE('',#6530,#6531,#3496,.T.);
#8105=EDGE_CURVE('',#6532,#6530,#3497,.T.);
#8106=EDGE_CURVE('',#6533,#6532,#3498,.T.);
#8107=EDGE_CURVE('',#6533,#6531,#3499,.T.);
#8108=EDGE_CURVE('',#6531,#6534,#3500,.T.);
#8109=EDGE_CURVE('',#6535,#6533,#3501,.T.);
#8110=EDGE_CURVE('',#6535,#6534,#3502,.T.);
#8111=EDGE_CURVE('',#6534,#6536,#3503,.T.);
#8112=EDGE_CURVE('',#6537,#6535,#3504,.T.);
#8113=EDGE_CURVE('',#6536,#6537,#3505,.T.);
#8114=EDGE_CURVE('',#6536,#6538,#3506,.T.);
#8115=EDGE_CURVE('',#6539,#6537,#3507,.T.);
#8116=EDGE_CURVE('',#6539,#6538,#3508,.T.);
#8117=EDGE_CURVE('',#6538,#6540,#3509,.T.);
#8118=EDGE_CURVE('',#6541,#6539,#3510,.T.);
#8119=EDGE_CURVE('',#6541,#6540,#3511,.T.);
#8120=EDGE_CURVE('',#6540,#6530,#3512,.T.);
#8121=EDGE_CURVE('',#6532,#6541,#3513,.T.);
#8122=EDGE_CURVE('',#6542,#6543,#3514,.T.);
#8123=EDGE_CURVE('',#6544,#6542,#3515,.T.);
#8124=EDGE_CURVE('',#6545,#6544,#3516,.T.);
#8125=EDGE_CURVE('',#6545,#6543,#3517,.T.);
#8126=EDGE_CURVE('',#6543,#6546,#3518,.T.);
#8127=EDGE_CURVE('',#6547,#6545,#3519,.T.);
#8128=EDGE_CURVE('',#6547,#6546,#3520,.T.);
#8129=EDGE_CURVE('',#6546,#6548,#3521,.T.);
#8130=EDGE_CURVE('',#6549,#6547,#3522,.T.);
#8131=EDGE_CURVE('',#6548,#6549,#3523,.T.);
#8132=EDGE_CURVE('',#6548,#6550,#3524,.T.);
#8133=EDGE_CURVE('',#6551,#6549,#3525,.T.);
#8134=EDGE_CURVE('',#6551,#6550,#3526,.T.);
#8135=EDGE_CURVE('',#6550,#6552,#3527,.T.);
#8136=EDGE_CURVE('',#6553,#6551,#3528,.T.);
#8137=EDGE_CURVE('',#6553,#6552,#3529,.T.);
#8138=EDGE_CURVE('',#6552,#6542,#3530,.T.);
#8139=EDGE_CURVE('',#6544,#6553,#3531,.T.);
#8140=EDGE_CURVE('',#6554,#6555,#3532,.T.);
#8141=EDGE_CURVE('',#6556,#6554,#3533,.T.);
#8142=EDGE_CURVE('',#6557,#6556,#3534,.T.);
#8143=EDGE_CURVE('',#6557,#6555,#3535,.T.);
#8144=EDGE_CURVE('',#6555,#6558,#3536,.T.);
#8145=EDGE_CURVE('',#6559,#6557,#3537,.T.);
#8146=EDGE_CURVE('',#6559,#6558,#3538,.T.);
#8147=EDGE_CURVE('',#6558,#6560,#3539,.T.);
#8148=EDGE_CURVE('',#6561,#6559,#3540,.T.);
#8149=EDGE_CURVE('',#6560,#6561,#3541,.T.);
#8150=EDGE_CURVE('',#6560,#6562,#3542,.T.);
#8151=EDGE_CURVE('',#6563,#6561,#3543,.T.);
#8152=EDGE_CURVE('',#6563,#6562,#3544,.T.);
#8153=EDGE_CURVE('',#6562,#6564,#3545,.T.);
#8154=EDGE_CURVE('',#6565,#6563,#3546,.T.);
#8155=EDGE_CURVE('',#6565,#6564,#3547,.T.);
#8156=EDGE_CURVE('',#6564,#6554,#3548,.T.);
#8157=EDGE_CURVE('',#6556,#6565,#3549,.T.);
#8158=EDGE_CURVE('',#6566,#6567,#3550,.T.);
#8159=EDGE_CURVE('',#6568,#6566,#3551,.T.);
#8160=EDGE_CURVE('',#6569,#6568,#3552,.T.);
#8161=EDGE_CURVE('',#6569,#6567,#3553,.T.);
#8162=EDGE_CURVE('',#6567,#6570,#3554,.T.);
#8163=EDGE_CURVE('',#6571,#6569,#3555,.T.);
#8164=EDGE_CURVE('',#6571,#6570,#3556,.T.);
#8165=EDGE_CURVE('',#6570,#6572,#3557,.T.);
#8166=EDGE_CURVE('',#6573,#6571,#3558,.T.);
#8167=EDGE_CURVE('',#6572,#6573,#3559,.T.);
#8168=EDGE_CURVE('',#6572,#6574,#3560,.T.);
#8169=EDGE_CURVE('',#6575,#6573,#3561,.T.);
#8170=EDGE_CURVE('',#6575,#6574,#3562,.T.);
#8171=EDGE_CURVE('',#6574,#6576,#3563,.T.);
#8172=EDGE_CURVE('',#6577,#6575,#3564,.T.);
#8173=EDGE_CURVE('',#6577,#6576,#3565,.T.);
#8174=EDGE_CURVE('',#6576,#6566,#3566,.T.);
#8175=EDGE_CURVE('',#6568,#6577,#3567,.T.);
#8176=EDGE_CURVE('',#6578,#6579,#3568,.T.);
#8177=EDGE_CURVE('',#6580,#6578,#3569,.T.);
#8178=EDGE_CURVE('',#6581,#6580,#3570,.T.);
#8179=EDGE_CURVE('',#6581,#6579,#3571,.T.);
#8180=EDGE_CURVE('',#6579,#6582,#3572,.T.);
#8181=EDGE_CURVE('',#6583,#6581,#3573,.T.);
#8182=EDGE_CURVE('',#6583,#6582,#3574,.T.);
#8183=EDGE_CURVE('',#6582,#6584,#3575,.T.);
#8184=EDGE_CURVE('',#6585,#6583,#3576,.T.);
#8185=EDGE_CURVE('',#6584,#6585,#3577,.T.);
#8186=EDGE_CURVE('',#6584,#6586,#3578,.T.);
#8187=EDGE_CURVE('',#6587,#6585,#3579,.T.);
#8188=EDGE_CURVE('',#6587,#6586,#3580,.T.);
#8189=EDGE_CURVE('',#6586,#6588,#3581,.T.);
#8190=EDGE_CURVE('',#6589,#6587,#3582,.T.);
#8191=EDGE_CURVE('',#6589,#6588,#3583,.T.);
#8192=EDGE_CURVE('',#6588,#6578,#3584,.T.);
#8193=EDGE_CURVE('',#6580,#6589,#3585,.T.);
#8194=EDGE_CURVE('',#6590,#6591,#3586,.T.);
#8195=EDGE_CURVE('',#6592,#6590,#3587,.T.);
#8196=EDGE_CURVE('',#6593,#6592,#3588,.T.);
#8197=EDGE_CURVE('',#6593,#6591,#3589,.T.);
#8198=EDGE_CURVE('',#6591,#6594,#3590,.T.);
#8199=EDGE_CURVE('',#6595,#6593,#3591,.T.);
#8200=EDGE_CURVE('',#6595,#6594,#3592,.T.);
#8201=EDGE_CURVE('',#6594,#6596,#3593,.T.);
#8202=EDGE_CURVE('',#6597,#6595,#3594,.T.);
#8203=EDGE_CURVE('',#6596,#6597,#3595,.T.);
#8204=EDGE_CURVE('',#6596,#6598,#3596,.T.);
#8205=EDGE_CURVE('',#6599,#6597,#3597,.T.);
#8206=EDGE_CURVE('',#6599,#6598,#3598,.T.);
#8207=EDGE_CURVE('',#6598,#6600,#3599,.T.);
#8208=EDGE_CURVE('',#6601,#6599,#3600,.T.);
#8209=EDGE_CURVE('',#6601,#6600,#3601,.T.);
#8210=EDGE_CURVE('',#6600,#6590,#3602,.T.);
#8211=EDGE_CURVE('',#6592,#6601,#3603,.T.);
#8212=EDGE_CURVE('',#6602,#6603,#3604,.T.);
#8213=EDGE_CURVE('',#6604,#6602,#3605,.T.);
#8214=EDGE_CURVE('',#6605,#6604,#3606,.T.);
#8215=EDGE_CURVE('',#6605,#6603,#3607,.T.);
#8216=EDGE_CURVE('',#6603,#6606,#3608,.T.);
#8217=EDGE_CURVE('',#6607,#6605,#3609,.T.);
#8218=EDGE_CURVE('',#6607,#6606,#3610,.T.);
#8219=EDGE_CURVE('',#6606,#6608,#3611,.T.);
#8220=EDGE_CURVE('',#6609,#6607,#3612,.T.);
#8221=EDGE_CURVE('',#6608,#6609,#3613,.T.);
#8222=EDGE_CURVE('',#6608,#6610,#3614,.T.);
#8223=EDGE_CURVE('',#6611,#6609,#3615,.T.);
#8224=EDGE_CURVE('',#6611,#6610,#3616,.T.);
#8225=EDGE_CURVE('',#6610,#6612,#3617,.T.);
#8226=EDGE_CURVE('',#6613,#6611,#3618,.T.);
#8227=EDGE_CURVE('',#6613,#6612,#3619,.T.);
#8228=EDGE_CURVE('',#6612,#6602,#3620,.T.);
#8229=EDGE_CURVE('',#6604,#6613,#3621,.T.);
#8230=EDGE_CURVE('',#6614,#6615,#3622,.T.);
#8231=EDGE_CURVE('',#6616,#6614,#3623,.T.);
#8232=EDGE_CURVE('',#6617,#6616,#3624,.T.);
#8233=EDGE_CURVE('',#6617,#6615,#3625,.T.);
#8234=EDGE_CURVE('',#6615,#6618,#3626,.T.);
#8235=EDGE_CURVE('',#6619,#6617,#3627,.T.);
#8236=EDGE_CURVE('',#6619,#6618,#3628,.T.);
#8237=EDGE_CURVE('',#6618,#6620,#3629,.T.);
#8238=EDGE_CURVE('',#6621,#6619,#3630,.T.);
#8239=EDGE_CURVE('',#6620,#6621,#3631,.T.);
#8240=EDGE_CURVE('',#6620,#6622,#3632,.T.);
#8241=EDGE_CURVE('',#6623,#6621,#3633,.T.);
#8242=EDGE_CURVE('',#6623,#6622,#3634,.T.);
#8243=EDGE_CURVE('',#6622,#6624,#3635,.T.);
#8244=EDGE_CURVE('',#6625,#6623,#3636,.T.);
#8245=EDGE_CURVE('',#6625,#6624,#3637,.T.);
#8246=EDGE_CURVE('',#6624,#6614,#3638,.T.);
#8247=EDGE_CURVE('',#6616,#6625,#3639,.T.);
#8248=EDGE_CURVE('',#6626,#6627,#3640,.T.);
#8249=EDGE_CURVE('',#6628,#6626,#3641,.T.);
#8250=EDGE_CURVE('',#6629,#6628,#3642,.T.);
#8251=EDGE_CURVE('',#6629,#6627,#3643,.T.);
#8252=EDGE_CURVE('',#6627,#6630,#3644,.T.);
#8253=EDGE_CURVE('',#6631,#6629,#3645,.T.);
#8254=EDGE_CURVE('',#6631,#6630,#3646,.T.);
#8255=EDGE_CURVE('',#6630,#6632,#3647,.T.);
#8256=EDGE_CURVE('',#6633,#6631,#3648,.T.);
#8257=EDGE_CURVE('',#6632,#6633,#3649,.T.);
#8258=EDGE_CURVE('',#6632,#6634,#3650,.T.);
#8259=EDGE_CURVE('',#6635,#6633,#3651,.T.);
#8260=EDGE_CURVE('',#6635,#6634,#3652,.T.);
#8261=EDGE_CURVE('',#6634,#6636,#3653,.T.);
#8262=EDGE_CURVE('',#6637,#6635,#3654,.T.);
#8263=EDGE_CURVE('',#6637,#6636,#3655,.T.);
#8264=EDGE_CURVE('',#6636,#6626,#3656,.T.);
#8265=EDGE_CURVE('',#6628,#6637,#3657,.T.);
#8266=EDGE_CURVE('',#6638,#6639,#3658,.T.);
#8267=EDGE_CURVE('',#6640,#6638,#3659,.T.);
#8268=EDGE_CURVE('',#6641,#6640,#3660,.T.);
#8269=EDGE_CURVE('',#6641,#6639,#3661,.T.);
#8270=EDGE_CURVE('',#6639,#6642,#3662,.T.);
#8271=EDGE_CURVE('',#6643,#6641,#3663,.T.);
#8272=EDGE_CURVE('',#6643,#6642,#3664,.T.);
#8273=EDGE_CURVE('',#6642,#6644,#3665,.T.);
#8274=EDGE_CURVE('',#6645,#6643,#3666,.T.);
#8275=EDGE_CURVE('',#6644,#6645,#3667,.T.);
#8276=EDGE_CURVE('',#6644,#6646,#3668,.T.);
#8277=EDGE_CURVE('',#6647,#6645,#3669,.T.);
#8278=EDGE_CURVE('',#6647,#6646,#3670,.T.);
#8279=EDGE_CURVE('',#6646,#6648,#3671,.T.);
#8280=EDGE_CURVE('',#6649,#6647,#3672,.T.);
#8281=EDGE_CURVE('',#6649,#6648,#3673,.T.);
#8282=EDGE_CURVE('',#6648,#6638,#3674,.T.);
#8283=EDGE_CURVE('',#6640,#6649,#3675,.T.);
#8284=EDGE_CURVE('',#6650,#6651,#3676,.T.);
#8285=EDGE_CURVE('',#6652,#6650,#3677,.T.);
#8286=EDGE_CURVE('',#6653,#6652,#3678,.T.);
#8287=EDGE_CURVE('',#6653,#6651,#3679,.T.);
#8288=EDGE_CURVE('',#6651,#6654,#3680,.T.);
#8289=EDGE_CURVE('',#6655,#6653,#3681,.T.);
#8290=EDGE_CURVE('',#6655,#6654,#3682,.T.);
#8291=EDGE_CURVE('',#6654,#6656,#3683,.T.);
#8292=EDGE_CURVE('',#6657,#6655,#3684,.T.);
#8293=EDGE_CURVE('',#6656,#6657,#3685,.T.);
#8294=EDGE_CURVE('',#6656,#6658,#3686,.T.);
#8295=EDGE_CURVE('',#6659,#6657,#3687,.T.);
#8296=EDGE_CURVE('',#6659,#6658,#3688,.T.);
#8297=EDGE_CURVE('',#6658,#6660,#3689,.T.);
#8298=EDGE_CURVE('',#6661,#6659,#3690,.T.);
#8299=EDGE_CURVE('',#6661,#6660,#3691,.T.);
#8300=EDGE_CURVE('',#6660,#6650,#3692,.T.);
#8301=EDGE_CURVE('',#6652,#6661,#3693,.T.);
#8302=EDGE_CURVE('',#6662,#6663,#3694,.T.);
#8303=EDGE_CURVE('',#6664,#6662,#3695,.T.);
#8304=EDGE_CURVE('',#6665,#6664,#3696,.T.);
#8305=EDGE_CURVE('',#6665,#6663,#3697,.T.);
#8306=EDGE_CURVE('',#6663,#6666,#3698,.T.);
#8307=EDGE_CURVE('',#6667,#6665,#3699,.T.);
#8308=EDGE_CURVE('',#6667,#6666,#3700,.T.);
#8309=EDGE_CURVE('',#6666,#6668,#3701,.T.);
#8310=EDGE_CURVE('',#6669,#6667,#3702,.T.);
#8311=EDGE_CURVE('',#6668,#6669,#3703,.T.);
#8312=EDGE_CURVE('',#6668,#6670,#3704,.T.);
#8313=EDGE_CURVE('',#6671,#6669,#3705,.T.);
#8314=EDGE_CURVE('',#6671,#6670,#3706,.T.);
#8315=EDGE_CURVE('',#6670,#6672,#3707,.T.);
#8316=EDGE_CURVE('',#6673,#6671,#3708,.T.);
#8317=EDGE_CURVE('',#6673,#6672,#3709,.T.);
#8318=EDGE_CURVE('',#6672,#6662,#3710,.T.);
#8319=EDGE_CURVE('',#6664,#6673,#3711,.T.);
#8320=EDGE_CURVE('',#6674,#6675,#3712,.T.);
#8321=EDGE_CURVE('',#6676,#6674,#3713,.T.);
#8322=EDGE_CURVE('',#6677,#6676,#3714,.T.);
#8323=EDGE_CURVE('',#6677,#6675,#3715,.T.);
#8324=EDGE_CURVE('',#6675,#6678,#3716,.T.);
#8325=EDGE_CURVE('',#6679,#6677,#3717,.T.);
#8326=EDGE_CURVE('',#6679,#6678,#3718,.T.);
#8327=EDGE_CURVE('',#6678,#6680,#3719,.T.);
#8328=EDGE_CURVE('',#6681,#6679,#3720,.T.);
#8329=EDGE_CURVE('',#6680,#6681,#3721,.T.);
#8330=EDGE_CURVE('',#6680,#6682,#3722,.T.);
#8331=EDGE_CURVE('',#6683,#6681,#3723,.T.);
#8332=EDGE_CURVE('',#6683,#6682,#3724,.T.);
#8333=EDGE_CURVE('',#6682,#6684,#3725,.T.);
#8334=EDGE_CURVE('',#6685,#6683,#3726,.T.);
#8335=EDGE_CURVE('',#6685,#6684,#3727,.T.);
#8336=EDGE_CURVE('',#6684,#6674,#3728,.T.);
#8337=EDGE_CURVE('',#6676,#6685,#3729,.T.);
#8338=EDGE_CURVE('',#6686,#6687,#3730,.T.);
#8339=EDGE_CURVE('',#6688,#6686,#3731,.T.);
#8340=EDGE_CURVE('',#6689,#6688,#3732,.T.);
#8341=EDGE_CURVE('',#6689,#6687,#3733,.T.);
#8342=EDGE_CURVE('',#6687,#6690,#3734,.T.);
#8343=EDGE_CURVE('',#6691,#6689,#3735,.T.);
#8344=EDGE_CURVE('',#6691,#6690,#3736,.T.);
#8345=EDGE_CURVE('',#6690,#6692,#3737,.T.);
#8346=EDGE_CURVE('',#6693,#6691,#3738,.T.);
#8347=EDGE_CURVE('',#6692,#6693,#3739,.T.);
#8348=EDGE_CURVE('',#6692,#6694,#3740,.T.);
#8349=EDGE_CURVE('',#6695,#6693,#3741,.T.);
#8350=EDGE_CURVE('',#6695,#6694,#3742,.T.);
#8351=EDGE_CURVE('',#6694,#6696,#3743,.T.);
#8352=EDGE_CURVE('',#6697,#6695,#3744,.T.);
#8353=EDGE_CURVE('',#6697,#6696,#3745,.T.);
#8354=EDGE_CURVE('',#6696,#6686,#3746,.T.);
#8355=EDGE_CURVE('',#6688,#6697,#3747,.T.);
#8356=EDGE_CURVE('',#6698,#6699,#3748,.T.);
#8357=EDGE_CURVE('',#6700,#6698,#3749,.T.);
#8358=EDGE_CURVE('',#6701,#6700,#3750,.T.);
#8359=EDGE_CURVE('',#6701,#6699,#3751,.T.);
#8360=EDGE_CURVE('',#6699,#6702,#3752,.T.);
#8361=EDGE_CURVE('',#6703,#6701,#3753,.T.);
#8362=EDGE_CURVE('',#6703,#6702,#3754,.T.);
#8363=EDGE_CURVE('',#6702,#6704,#3755,.T.);
#8364=EDGE_CURVE('',#6705,#6703,#3756,.T.);
#8365=EDGE_CURVE('',#6704,#6705,#3757,.T.);
#8366=EDGE_CURVE('',#6704,#6706,#3758,.T.);
#8367=EDGE_CURVE('',#6707,#6705,#3759,.T.);
#8368=EDGE_CURVE('',#6707,#6706,#3760,.T.);
#8369=EDGE_CURVE('',#6706,#6708,#3761,.T.);
#8370=EDGE_CURVE('',#6709,#6707,#3762,.T.);
#8371=EDGE_CURVE('',#6709,#6708,#3763,.T.);
#8372=EDGE_CURVE('',#6708,#6698,#3764,.T.);
#8373=EDGE_CURVE('',#6700,#6709,#3765,.T.);
#8374=EDGE_CURVE('',#6710,#6711,#3766,.T.);
#8375=EDGE_CURVE('',#6712,#6710,#3767,.T.);
#8376=EDGE_CURVE('',#6713,#6712,#3768,.T.);
#8377=EDGE_CURVE('',#6713,#6711,#3769,.T.);
#8378=EDGE_CURVE('',#6711,#6714,#3770,.T.);
#8379=EDGE_CURVE('',#6715,#6713,#3771,.T.);
#8380=EDGE_CURVE('',#6715,#6714,#3772,.T.);
#8381=EDGE_CURVE('',#6714,#6716,#3773,.T.);
#8382=EDGE_CURVE('',#6717,#6715,#3774,.T.);
#8383=EDGE_CURVE('',#6716,#6717,#3775,.T.);
#8384=EDGE_CURVE('',#6716,#6718,#3776,.T.);
#8385=EDGE_CURVE('',#6719,#6717,#3777,.T.);
#8386=EDGE_CURVE('',#6719,#6718,#3778,.T.);
#8387=EDGE_CURVE('',#6718,#6720,#3779,.T.);
#8388=EDGE_CURVE('',#6721,#6719,#3780,.T.);
#8389=EDGE_CURVE('',#6721,#6720,#3781,.T.);
#8390=EDGE_CURVE('',#6720,#6710,#3782,.T.);
#8391=EDGE_CURVE('',#6712,#6721,#3783,.T.);
#8392=EDGE_CURVE('',#6722,#6723,#3784,.T.);
#8393=EDGE_CURVE('',#6724,#6722,#3785,.T.);
#8394=EDGE_CURVE('',#6725,#6724,#3786,.T.);
#8395=EDGE_CURVE('',#6725,#6723,#3787,.T.);
#8396=EDGE_CURVE('',#6723,#6726,#3788,.T.);
#8397=EDGE_CURVE('',#6727,#6725,#3789,.T.);
#8398=EDGE_CURVE('',#6727,#6726,#3790,.T.);
#8399=EDGE_CURVE('',#6726,#6728,#3791,.T.);
#8400=EDGE_CURVE('',#6729,#6727,#3792,.T.);
#8401=EDGE_CURVE('',#6728,#6729,#3793,.T.);
#8402=EDGE_CURVE('',#6728,#6730,#3794,.T.);
#8403=EDGE_CURVE('',#6731,#6729,#3795,.T.);
#8404=EDGE_CURVE('',#6731,#6730,#3796,.T.);
#8405=EDGE_CURVE('',#6730,#6732,#3797,.T.);
#8406=EDGE_CURVE('',#6733,#6731,#3798,.T.);
#8407=EDGE_CURVE('',#6733,#6732,#3799,.T.);
#8408=EDGE_CURVE('',#6732,#6722,#3800,.T.);
#8409=EDGE_CURVE('',#6724,#6733,#3801,.T.);
#8410=EDGE_CURVE('',#6734,#6735,#3802,.T.);
#8411=EDGE_CURVE('',#6736,#6734,#3803,.T.);
#8412=EDGE_CURVE('',#6737,#6736,#3804,.T.);
#8413=EDGE_CURVE('',#6737,#6735,#3805,.T.);
#8414=EDGE_CURVE('',#6735,#6738,#3806,.T.);
#8415=EDGE_CURVE('',#6739,#6737,#3807,.T.);
#8416=EDGE_CURVE('',#6739,#6738,#3808,.T.);
#8417=EDGE_CURVE('',#6738,#6740,#3809,.T.);
#8418=EDGE_CURVE('',#6741,#6739,#3810,.T.);
#8419=EDGE_CURVE('',#6740,#6741,#3811,.T.);
#8420=EDGE_CURVE('',#6740,#6742,#3812,.T.);
#8421=EDGE_CURVE('',#6743,#6741,#3813,.T.);
#8422=EDGE_CURVE('',#6743,#6742,#3814,.T.);
#8423=EDGE_CURVE('',#6742,#6744,#3815,.T.);
#8424=EDGE_CURVE('',#6745,#6743,#3816,.T.);
#8425=EDGE_CURVE('',#6745,#6744,#3817,.T.);
#8426=EDGE_CURVE('',#6744,#6734,#3818,.T.);
#8427=EDGE_CURVE('',#6736,#6745,#3819,.T.);
#8428=EDGE_CURVE('',#6746,#6747,#3820,.T.);
#8429=EDGE_CURVE('',#6748,#6746,#3821,.T.);
#8430=EDGE_CURVE('',#6749,#6748,#3822,.T.);
#8431=EDGE_CURVE('',#6749,#6747,#3823,.T.);
#8432=EDGE_CURVE('',#6747,#6750,#3824,.T.);
#8433=EDGE_CURVE('',#6751,#6749,#3825,.T.);
#8434=EDGE_CURVE('',#6751,#6750,#3826,.T.);
#8435=EDGE_CURVE('',#6750,#6752,#3827,.T.);
#8436=EDGE_CURVE('',#6753,#6751,#3828,.T.);
#8437=EDGE_CURVE('',#6752,#6753,#3829,.T.);
#8438=EDGE_CURVE('',#6752,#6754,#3830,.T.);
#8439=EDGE_CURVE('',#6755,#6753,#3831,.T.);
#8440=EDGE_CURVE('',#6755,#6754,#3832,.T.);
#8441=EDGE_CURVE('',#6754,#6756,#3833,.T.);
#8442=EDGE_CURVE('',#6757,#6755,#3834,.T.);
#8443=EDGE_CURVE('',#6757,#6756,#3835,.T.);
#8444=EDGE_CURVE('',#6756,#6746,#3836,.T.);
#8445=EDGE_CURVE('',#6748,#6757,#3837,.T.);
#8446=EDGE_CURVE('',#6758,#6759,#3838,.T.);
#8447=EDGE_CURVE('',#6760,#6758,#3839,.T.);
#8448=EDGE_CURVE('',#6761,#6760,#3840,.T.);
#8449=EDGE_CURVE('',#6761,#6759,#3841,.T.);
#8450=EDGE_CURVE('',#6759,#6762,#3842,.T.);
#8451=EDGE_CURVE('',#6763,#6761,#3843,.T.);
#8452=EDGE_CURVE('',#6763,#6762,#3844,.T.);
#8453=EDGE_CURVE('',#6762,#6764,#3845,.T.);
#8454=EDGE_CURVE('',#6765,#6763,#3846,.T.);
#8455=EDGE_CURVE('',#6764,#6765,#3847,.T.);
#8456=EDGE_CURVE('',#6764,#6766,#3848,.T.);
#8457=EDGE_CURVE('',#6767,#6765,#3849,.T.);
#8458=EDGE_CURVE('',#6767,#6766,#3850,.T.);
#8459=EDGE_CURVE('',#6766,#6768,#3851,.T.);
#8460=EDGE_CURVE('',#6769,#6767,#3852,.T.);
#8461=EDGE_CURVE('',#6769,#6768,#3853,.T.);
#8462=EDGE_CURVE('',#6768,#6758,#3854,.T.);
#8463=EDGE_CURVE('',#6760,#6769,#3855,.T.);
#8464=EDGE_CURVE('',#6770,#6771,#3856,.T.);
#8465=EDGE_CURVE('',#6772,#6770,#3857,.T.);
#8466=EDGE_CURVE('',#6773,#6772,#3858,.T.);
#8467=EDGE_CURVE('',#6773,#6771,#3859,.T.);
#8468=EDGE_CURVE('',#6771,#6774,#3860,.T.);
#8469=EDGE_CURVE('',#6775,#6773,#3861,.T.);
#8470=EDGE_CURVE('',#6775,#6774,#3862,.T.);
#8471=EDGE_CURVE('',#6774,#6776,#3863,.T.);
#8472=EDGE_CURVE('',#6777,#6775,#3864,.T.);
#8473=EDGE_CURVE('',#6776,#6777,#3865,.T.);
#8474=EDGE_CURVE('',#6776,#6778,#3866,.T.);
#8475=EDGE_CURVE('',#6779,#6777,#3867,.T.);
#8476=EDGE_CURVE('',#6779,#6778,#3868,.T.);
#8477=EDGE_CURVE('',#6778,#6780,#3869,.T.);
#8478=EDGE_CURVE('',#6781,#6779,#3870,.T.);
#8479=EDGE_CURVE('',#6781,#6780,#3871,.T.);
#8480=EDGE_CURVE('',#6780,#6770,#3872,.T.);
#8481=EDGE_CURVE('',#6772,#6781,#3873,.T.);
#8482=EDGE_CURVE('',#6782,#6783,#3874,.T.);
#8483=EDGE_CURVE('',#6784,#6782,#3875,.T.);
#8484=EDGE_CURVE('',#6785,#6784,#3876,.T.);
#8485=EDGE_CURVE('',#6785,#6783,#3877,.T.);
#8486=EDGE_CURVE('',#6783,#6786,#3878,.T.);
#8487=EDGE_CURVE('',#6787,#6785,#3879,.T.);
#8488=EDGE_CURVE('',#6787,#6786,#3880,.T.);
#8489=EDGE_CURVE('',#6786,#6788,#3881,.T.);
#8490=EDGE_CURVE('',#6789,#6787,#3882,.T.);
#8491=EDGE_CURVE('',#6788,#6789,#3883,.T.);
#8492=EDGE_CURVE('',#6788,#6790,#3884,.T.);
#8493=EDGE_CURVE('',#6791,#6789,#3885,.T.);
#8494=EDGE_CURVE('',#6791,#6790,#3886,.T.);
#8495=EDGE_CURVE('',#6790,#6792,#3887,.T.);
#8496=EDGE_CURVE('',#6793,#6791,#3888,.T.);
#8497=EDGE_CURVE('',#6793,#6792,#3889,.T.);
#8498=EDGE_CURVE('',#6792,#6782,#3890,.T.);
#8499=EDGE_CURVE('',#6784,#6793,#3891,.T.);
#8500=EDGE_CURVE('',#6794,#6795,#3892,.T.);
#8501=EDGE_CURVE('',#6796,#6794,#3893,.T.);
#8502=EDGE_CURVE('',#6797,#6796,#3894,.T.);
#8503=EDGE_CURVE('',#6797,#6795,#3895,.T.);
#8504=EDGE_CURVE('',#6795,#6798,#3896,.T.);
#8505=EDGE_CURVE('',#6799,#6797,#3897,.T.);
#8506=EDGE_CURVE('',#6799,#6798,#3898,.T.);
#8507=EDGE_CURVE('',#6798,#6800,#3899,.T.);
#8508=EDGE_CURVE('',#6801,#6799,#3900,.T.);
#8509=EDGE_CURVE('',#6800,#6801,#3901,.T.);
#8510=EDGE_CURVE('',#6800,#6802,#3902,.T.);
#8511=EDGE_CURVE('',#6803,#6801,#3903,.T.);
#8512=EDGE_CURVE('',#6803,#6802,#3904,.T.);
#8513=EDGE_CURVE('',#6802,#6804,#3905,.T.);
#8514=EDGE_CURVE('',#6805,#6803,#3906,.T.);
#8515=EDGE_CURVE('',#6805,#6804,#3907,.T.);
#8516=EDGE_CURVE('',#6804,#6794,#3908,.T.);
#8517=EDGE_CURVE('',#6796,#6805,#3909,.T.);
#8518=EDGE_CURVE('',#6806,#6807,#3910,.T.);
#8519=EDGE_CURVE('',#6808,#6806,#3911,.T.);
#8520=EDGE_CURVE('',#6809,#6808,#3912,.T.);
#8521=EDGE_CURVE('',#6809,#6807,#3913,.T.);
#8522=EDGE_CURVE('',#6807,#6810,#3914,.T.);
#8523=EDGE_CURVE('',#6811,#6809,#3915,.T.);
#8524=EDGE_CURVE('',#6811,#6810,#3916,.T.);
#8525=EDGE_CURVE('',#6810,#6812,#3917,.T.);
#8526=EDGE_CURVE('',#6813,#6811,#3918,.T.);
#8527=EDGE_CURVE('',#6812,#6813,#3919,.T.);
#8528=EDGE_CURVE('',#6812,#6814,#3920,.T.);
#8529=EDGE_CURVE('',#6815,#6813,#3921,.T.);
#8530=EDGE_CURVE('',#6815,#6814,#3922,.T.);
#8531=EDGE_CURVE('',#6814,#6816,#3923,.T.);
#8532=EDGE_CURVE('',#6817,#6815,#3924,.T.);
#8533=EDGE_CURVE('',#6817,#6816,#3925,.T.);
#8534=EDGE_CURVE('',#6816,#6806,#3926,.T.);
#8535=EDGE_CURVE('',#6808,#6817,#3927,.T.);
#8536=EDGE_CURVE('',#6818,#6818,#2294,.T.);
#8537=EDGE_CURVE('',#6818,#6819,#3928,.T.);
#8538=EDGE_CURVE('',#6819,#6819,#2295,.T.);
#8539=EDGE_CURVE('',#6820,#6821,#3929,.T.);
#8540=EDGE_CURVE('',#6820,#6822,#3930,.T.);
#8541=EDGE_CURVE('',#6823,#6822,#3931,.T.);
#8542=EDGE_CURVE('',#6821,#6823,#3932,.T.);
#8543=EDGE_CURVE('',#6821,#6824,#3933,.T.);
#8544=EDGE_CURVE('',#6825,#6823,#3934,.T.);
#8545=EDGE_CURVE('',#6824,#6825,#3935,.T.);
#8546=EDGE_CURVE('',#6824,#6826,#3936,.T.);
#8547=EDGE_CURVE('',#6827,#6825,#3937,.T.);
#8548=EDGE_CURVE('',#6827,#6826,#3938,.T.);
#8549=EDGE_CURVE('',#6826,#6820,#3939,.T.);
#8550=EDGE_CURVE('',#6822,#6827,#3940,.T.);
#8551=EDGE_CURVE('',#6828,#6829,#3941,.T.);
#8552=EDGE_CURVE('',#6828,#6830,#3942,.T.);
#8553=EDGE_CURVE('',#6831,#6830,#3943,.T.);
#8554=EDGE_CURVE('',#6829,#6831,#3944,.T.);
#8555=EDGE_CURVE('',#6829,#6832,#3945,.T.);
#8556=EDGE_CURVE('',#6833,#6831,#3946,.T.);
#8557=EDGE_CURVE('',#6832,#6833,#3947,.T.);
#8558=EDGE_CURVE('',#6832,#6834,#3948,.T.);
#8559=EDGE_CURVE('',#6835,#6833,#3949,.T.);
#8560=EDGE_CURVE('',#6835,#6834,#3950,.T.);
#8561=EDGE_CURVE('',#6834,#6828,#3951,.T.);
#8562=EDGE_CURVE('',#6830,#6835,#3952,.T.);
#8563=EDGE_CURVE('',#6836,#6836,#2296,.T.);
#8564=EDGE_CURVE('',#6836,#6837,#3953,.T.);
#8565=EDGE_CURVE('',#6837,#6837,#2297,.T.);
#8566=EDGE_CURVE('',#6838,#6838,#2298,.T.);
#8567=EDGE_CURVE('',#6838,#6839,#3954,.T.);
#8568=EDGE_CURVE('',#6839,#6839,#2299,.T.);
#8569=EDGE_CURVE('',#6840,#6840,#2300,.T.);
#8570=EDGE_CURVE('',#6840,#6841,#3955,.T.);
#8571=EDGE_CURVE('',#6841,#6841,#2301,.T.);
#8572=EDGE_CURVE('',#6842,#6842,#2302,.T.);
#8573=EDGE_CURVE('',#6842,#6843,#3956,.T.);
#8574=EDGE_CURVE('',#6843,#6843,#2303,.T.);
#8575=EDGE_CURVE('',#6844,#6844,#2304,.T.);
#8576=EDGE_CURVE('',#6844,#6845,#3957,.T.);
#8577=EDGE_CURVE('',#6845,#6845,#2305,.T.);
#8578=EDGE_CURVE('',#6846,#6847,#3958,.T.);
#8579=EDGE_CURVE('',#6848,#6846,#2306,.T.);
#8580=EDGE_CURVE('',#6848,#6849,#3959,.T.);
#8581=EDGE_CURVE('',#6847,#6849,#2307,.T.);
#8582=EDGE_CURVE('',#6849,#6847,#2308,.T.);
#8583=EDGE_CURVE('',#6846,#6848,#2309,.T.);
#8584=EDGE_CURVE('',#6846,#6847,#3960,.T.);
#8585=EDGE_CURVE('',#6850,#6846,#3961,.T.);
#8586=EDGE_CURVE('',#6850,#6851,#3962,.T.);
#8587=EDGE_CURVE('',#6847,#6851,#3963,.T.);
#8588=EDGE_CURVE('',#6848,#6849,#3964,.T.);
#8589=EDGE_CURVE('',#6852,#6848,#3965,.T.);
#8590=EDGE_CURVE('',#6852,#6853,#3966,.T.);
#8591=EDGE_CURVE('',#6849,#6853,#3967,.T.);
#8592=EDGE_CURVE('',#6846,#6852,#3968,.T.);
#8593=EDGE_CURVE('',#6848,#6854,#3969,.T.);
#8594=EDGE_CURVE('',#6854,#6855,#2310,.T.);
#8595=EDGE_CURVE('',#6855,#6856,#3970,.T.);
#8596=EDGE_CURVE('',#6856,#6857,#2311,.T.);
#8597=EDGE_CURVE('',#6857,#6858,#3971,.T.);
#8598=EDGE_CURVE('',#6858,#6850,#2312,.T.);
#8599=EDGE_CURVE('',#6856,#6859,#3972,.T.);
#8600=EDGE_CURVE('',#6857,#6856,#2313,.T.);
#8601=EDGE_CURVE('',#6857,#6860,#3973,.T.);
#8602=EDGE_CURVE('',#6859,#6860,#2314,.T.);
#8603=EDGE_CURVE('',#6860,#6859,#2315,.T.);
#8604=EDGE_CURVE('',#6856,#6859,#3974,.T.);
#8605=EDGE_CURVE('',#6855,#6861,#3975,.T.);
#8606=EDGE_CURVE('',#6859,#6861,#3976,.T.);
#8607=EDGE_CURVE('',#6856,#6862,#3977,.T.);
#8608=EDGE_CURVE('',#6862,#6857,#3978,.T.);
#8609=EDGE_CURVE('',#6857,#6860,#3979,.T.);
#8610=EDGE_CURVE('',#6862,#6863,#3980,.T.);
#8611=EDGE_CURVE('',#6860,#6863,#3981,.T.);
#8612=EDGE_CURVE('',#6858,#6864,#3982,.T.);
#8613=EDGE_CURVE('',#6850,#6858,#2316,.T.);
#8614=EDGE_CURVE('',#6850,#6851,#3983,.T.);
#8615=EDGE_CURVE('',#6864,#6851,#2317,.T.);
#8616=EDGE_CURVE('',#6851,#6864,#2318,.T.);
#8617=EDGE_CURVE('',#6864,#6860,#3984,.T.);
#8618=EDGE_CURVE('',#6858,#6864,#3985,.T.);
#8619=EDGE_CURVE('',#6865,#6850,#3986,.T.);
#8620=EDGE_CURVE('',#6865,#6866,#3987,.T.);
#8621=EDGE_CURVE('',#6851,#6866,#3988,.T.);
#8622=EDGE_CURVE('',#6858,#6865,#3989,.T.);
#8623=EDGE_CURVE('',#6855,#6861,#3990,.T.);
#8624=EDGE_CURVE('',#6854,#6867,#3991,.T.);
#8625=EDGE_CURVE('',#6861,#6867,#2319,.T.);
#8626=EDGE_CURVE('',#6867,#6861,#2320,.T.);
#8627=EDGE_CURVE('',#6855,#6854,#2321,.T.);
#8628=EDGE_CURVE('',#6868,#6855,#3992,.T.);
#8629=EDGE_CURVE('',#6868,#6869,#3993,.T.);
#8630=EDGE_CURVE('',#6861,#6869,#3994,.T.);
#8631=EDGE_CURVE('',#6854,#6868,#3995,.T.);
#8632=EDGE_CURVE('',#6867,#6849,#3996,.T.);
#8633=EDGE_CURVE('',#6854,#6867,#3997,.T.);
#8634=EDGE_CURVE('',#6870,#6871,#3998,.T.);
#8635=EDGE_CURVE('',#6871,#6872,#2322,.T.);
#8636=EDGE_CURVE('',#6872,#6873,#3999,.T.);
#8637=EDGE_CURVE('',#6873,#6870,#2323,.T.);
#8638=EDGE_CURVE('',#6874,#6875,#4000,.T.);
#8639=EDGE_CURVE('',#6875,#6871,#4001,.T.);
#8640=EDGE_CURVE('',#6870,#6874,#4002,.T.);
#8641=EDGE_CURVE('',#6876,#6877,#4003,.T.);
#8642=EDGE_CURVE('',#6877,#6875,#2324,.T.);
#8643=EDGE_CURVE('',#6874,#6876,#2325,.T.);
#8644=EDGE_CURVE('',#6878,#6879,#4004,.T.);
#8645=EDGE_CURVE('',#6879,#6877,#4005,.T.);
#8646=EDGE_CURVE('',#6876,#6878,#4006,.T.);
#8647=EDGE_CURVE('',#6880,#6881,#4007,.T.);
#8648=EDGE_CURVE('',#6881,#6879,#2326,.T.);
#8649=EDGE_CURVE('',#6878,#6880,#2327,.T.);
#8650=EDGE_CURVE('',#6882,#6883,#4008,.T.);
#8651=EDGE_CURVE('',#6883,#6881,#4009,.T.);
#8652=EDGE_CURVE('',#6880,#6882,#4010,.T.);
#8653=EDGE_CURVE('',#6884,#6885,#4011,.T.);
#8654=EDGE_CURVE('',#6885,#6883,#2328,.T.);
#8655=EDGE_CURVE('',#6882,#6884,#2329,.T.);
#8656=EDGE_CURVE('',#6872,#6885,#4012,.T.);
#8657=EDGE_CURVE('',#6884,#6873,#4013,.T.);
#8658=EDGE_CURVE('',#6886,#6883,#4014,.T.);
#8659=EDGE_CURVE('',#6887,#6886,#4015,.T.);
#8660=EDGE_CURVE('',#6881,#6887,#4016,.T.);
#8661=EDGE_CURVE('',#6885,#6888,#4017,.T.);
#8662=EDGE_CURVE('',#6888,#6886,#2330,.T.);
#8663=EDGE_CURVE('',#6889,#6872,#4018,.T.);
#8664=EDGE_CURVE('',#6888,#6889,#4019,.T.);
#8665=EDGE_CURVE('',#6871,#6890,#4020,.T.);
#8666=EDGE_CURVE('',#6890,#6889,#2331,.T.);
#8667=EDGE_CURVE('',#6866,#6864,#4021,.T.);
#8668=EDGE_CURVE('',#6863,#6859,#4022,.T.);
#8669=EDGE_CURVE('',#6869,#6867,#4023,.T.);
#8670=EDGE_CURVE('',#6853,#6847,#4024,.T.);
#8671=EDGE_CURVE('',#6890,#6891,#4025,.T.);
#8672=EDGE_CURVE('',#6892,#6891,#2332,.T.);
#8673=EDGE_CURVE('',#6892,#6893,#4026,.T.);
#8674=EDGE_CURVE('',#6887,#6893,#2333,.T.);
#8675=EDGE_CURVE('',#6877,#6892,#4027,.T.);
#8676=EDGE_CURVE('',#6891,#6875,#4028,.T.);
#8677=EDGE_CURVE('',#6893,#6879,#4029,.T.);
#8678=ORIENTED_EDGE('',*,*,#6894,.F.);
#8679=ORIENTED_EDGE('',*,*,#6895,.F.);
#8680=ORIENTED_EDGE('',*,*,#6896,.F.);
#8681=ORIENTED_EDGE('',*,*,#6897,.F.);
#8682=ORIENTED_EDGE('',*,*,#6898,.F.);
#8683=ORIENTED_EDGE('',*,*,#6899,.F.);
#8684=ORIENTED_EDGE('',*,*,#6900,.F.);
#8685=ORIENTED_EDGE('',*,*,#6901,.F.);
#8686=ORIENTED_EDGE('',*,*,#6897,.T.);
#8687=ORIENTED_EDGE('',*,*,#6902,.F.);
#8688=ORIENTED_EDGE('',*,*,#6903,.F.);
#8689=ORIENTED_EDGE('',*,*,#6904,.F.);
#8690=ORIENTED_EDGE('',*,*,#6905,.F.);
#8691=ORIENTED_EDGE('',*,*,#6906,.F.);
#8692=ORIENTED_EDGE('',*,*,#6901,.T.);
#8693=ORIENTED_EDGE('',*,*,#6907,.F.);
#8694=ORIENTED_EDGE('',*,*,#6896,.T.);
#8695=ORIENTED_EDGE('',*,*,#6908,.F.);
#8696=ORIENTED_EDGE('',*,*,#6909,.F.);
#8697=ORIENTED_EDGE('',*,*,#6902,.T.);
#8698=ORIENTED_EDGE('',*,*,#6898,.T.);
#8699=ORIENTED_EDGE('',*,*,#6906,.T.);
#8700=ORIENTED_EDGE('',*,*,#6910,.T.);
#8701=ORIENTED_EDGE('',*,*,#6911,.F.);
#8702=ORIENTED_EDGE('',*,*,#6912,.T.);
#8703=ORIENTED_EDGE('',*,*,#6913,.F.);
#8704=ORIENTED_EDGE('',*,*,#6914,.F.);
#8705=ORIENTED_EDGE('',*,*,#6915,.F.);
#8706=ORIENTED_EDGE('',*,*,#6916,.F.);
#8707=ORIENTED_EDGE('',*,*,#6917,.F.);
#8708=ORIENTED_EDGE('',*,*,#6918,.F.);
#8709=ORIENTED_EDGE('',*,*,#6919,.F.);
#8710=ORIENTED_EDGE('',*,*,#6920,.F.);
#8711=ORIENTED_EDGE('',*,*,#6921,.F.);
#8712=ORIENTED_EDGE('',*,*,#6918,.T.);
#8713=ORIENTED_EDGE('',*,*,#6922,.F.);
#8714=ORIENTED_EDGE('',*,*,#6923,.F.);
#8715=ORIENTED_EDGE('',*,*,#6924,.F.);
#8716=ORIENTED_EDGE('',*,*,#6925,.F.);
#8717=ORIENTED_EDGE('',*,*,#6926,.F.);
#8718=ORIENTED_EDGE('',*,*,#6916,.T.);
#8719=ORIENTED_EDGE('',*,*,#6927,.F.);
#8720=ORIENTED_EDGE('',*,*,#6928,.F.);
#8721=ORIENTED_EDGE('',*,*,#6929,.F.);
#8722=ORIENTED_EDGE('',*,*,#6930,.F.);
#8723=ORIENTED_EDGE('',*,*,#6931,.F.);
#8724=ORIENTED_EDGE('',*,*,#6932,.T.);
#8725=ORIENTED_EDGE('',*,*,#6933,.F.);
#8726=ORIENTED_EDGE('',*,*,#6934,.F.);
#8727=ORIENTED_EDGE('',*,*,#6925,.T.);
#8728=ORIENTED_EDGE('',*,*,#6935,.F.);
#8729=ORIENTED_EDGE('',*,*,#6936,.F.);
#8730=ORIENTED_EDGE('',*,*,#6937,.F.);
#8731=ORIENTED_EDGE('',*,*,#6936,.T.);
#8732=ORIENTED_EDGE('',*,*,#6938,.F.);
#8733=ORIENTED_EDGE('',*,*,#6912,.F.);
#8734=ORIENTED_EDGE('',*,*,#6914,.T.);
#8735=ORIENTED_EDGE('',*,*,#6939,.F.);
#8736=ORIENTED_EDGE('',*,*,#6940,.F.);
#8737=ORIENTED_EDGE('',*,*,#6941,.F.);
#8738=ORIENTED_EDGE('',*,*,#6942,.F.);
#8739=ORIENTED_EDGE('',*,*,#6940,.T.);
#8740=ORIENTED_EDGE('',*,*,#6943,.F.);
#8741=ORIENTED_EDGE('',*,*,#6932,.F.);
#8742=ORIENTED_EDGE('',*,*,#6944,.F.);
#8743=ORIENTED_EDGE('',*,*,#6945,.F.);
#8744=ORIENTED_EDGE('',*,*,#6946,.F.);
#8745=ORIENTED_EDGE('',*,*,#6947,.F.);
#8746=ORIENTED_EDGE('',*,*,#6944,.T.);
#8747=ORIENTED_EDGE('',*,*,#6948,.F.);
#8748=ORIENTED_EDGE('',*,*,#6949,.T.);
#8749=ORIENTED_EDGE('',*,*,#6950,.F.);
#8750=ORIENTED_EDGE('',*,*,#6923,.T.);
#8751=ORIENTED_EDGE('',*,*,#6951,.F.);
#8752=ORIENTED_EDGE('',*,*,#6952,.T.);
#8753=ORIENTED_EDGE('',*,*,#6953,.F.);
#8754=ORIENTED_EDGE('',*,*,#6930,.T.);
#8755=ORIENTED_EDGE('',*,*,#6954,.F.);
#8756=ORIENTED_EDGE('',*,*,#6955,.F.);
#8757=ORIENTED_EDGE('',*,*,#6956,.F.);
#8758=ORIENTED_EDGE('',*,*,#6946,.T.);
#8759=ORIENTED_EDGE('',*,*,#6957,.F.);
#8760=ORIENTED_EDGE('',*,*,#6958,.T.);
#8761=ORIENTED_EDGE('',*,*,#6959,.F.);
#8762=ORIENTED_EDGE('',*,*,#6928,.T.);
#8763=ORIENTED_EDGE('',*,*,#6960,.F.);
#8764=ORIENTED_EDGE('',*,*,#6961,.T.);
#8765=ORIENTED_EDGE('',*,*,#6962,.F.);
#8766=ORIENTED_EDGE('',*,*,#6895,.T.);
#8767=ORIENTED_EDGE('',*,*,#6963,.T.);
#8768=ORIENTED_EDGE('',*,*,#6899,.T.);
#8769=ORIENTED_EDGE('',*,*,#6911,.T.);
#8770=ORIENTED_EDGE('',*,*,#6964,.T.);
#8771=ORIENTED_EDGE('',*,*,#6965,.T.);
#8772=ORIENTED_EDGE('',*,*,#6966,.T.);
#8773=ORIENTED_EDGE('',*,*,#6908,.T.);
#8774=ORIENTED_EDGE('',*,*,#6967,.T.);
#8775=ORIENTED_EDGE('',*,*,#6968,.T.);
#8776=ORIENTED_EDGE('',*,*,#6969,.T.);
#8777=ORIENTED_EDGE('',*,*,#6970,.T.);
#8778=ORIENTED_EDGE('',*,*,#6971,.T.);
#8779=ORIENTED_EDGE('',*,*,#6972,.T.);
#8780=ORIENTED_EDGE('',*,*,#6973,.T.);
#8781=ORIENTED_EDGE('',*,*,#6974,.T.);
#8782=ORIENTED_EDGE('',*,*,#6975,.T.);
#8783=ORIENTED_EDGE('',*,*,#6976,.T.);
#8784=ORIENTED_EDGE('',*,*,#6977,.T.);
#8785=ORIENTED_EDGE('',*,*,#6978,.T.);
#8786=ORIENTED_EDGE('',*,*,#6979,.T.);
#8787=ORIENTED_EDGE('',*,*,#6980,.T.);
#8788=ORIENTED_EDGE('',*,*,#6981,.T.);
#8789=ORIENTED_EDGE('',*,*,#6982,.T.);
#8790=ORIENTED_EDGE('',*,*,#6983,.T.);
#8791=ORIENTED_EDGE('',*,*,#6984,.T.);
#8792=ORIENTED_EDGE('',*,*,#6985,.T.);
#8793=ORIENTED_EDGE('',*,*,#6986,.T.);
#8794=ORIENTED_EDGE('',*,*,#6987,.T.);
#8795=ORIENTED_EDGE('',*,*,#6988,.T.);
#8796=ORIENTED_EDGE('',*,*,#6989,.T.);
#8797=ORIENTED_EDGE('',*,*,#6990,.T.);
#8798=ORIENTED_EDGE('',*,*,#6991,.T.);
#8799=ORIENTED_EDGE('',*,*,#6992,.T.);
#8800=ORIENTED_EDGE('',*,*,#6993,.T.);
#8801=ORIENTED_EDGE('',*,*,#6994,.T.);
#8802=ORIENTED_EDGE('',*,*,#6995,.T.);
#8803=ORIENTED_EDGE('',*,*,#6996,.T.);
#8804=ORIENTED_EDGE('',*,*,#6997,.T.);
#8805=ORIENTED_EDGE('',*,*,#6998,.T.);
#8806=ORIENTED_EDGE('',*,*,#6919,.T.);
#8807=ORIENTED_EDGE('',*,*,#6921,.T.);
#8808=ORIENTED_EDGE('',*,*,#6999,.T.);
#8809=ORIENTED_EDGE('',*,*,#7000,.T.);
#8810=ORIENTED_EDGE('',*,*,#6951,.T.);
#8811=ORIENTED_EDGE('',*,*,#6926,.T.);
#8812=ORIENTED_EDGE('',*,*,#6934,.T.);
#8813=ORIENTED_EDGE('',*,*,#6937,.T.);
#8814=ORIENTED_EDGE('',*,*,#6915,.T.);
#8815=ORIENTED_EDGE('',*,*,#6941,.T.);
#8816=ORIENTED_EDGE('',*,*,#6942,.T.);
#8817=ORIENTED_EDGE('',*,*,#6931,.T.);
#8818=ORIENTED_EDGE('',*,*,#6956,.T.);
#8819=ORIENTED_EDGE('',*,*,#7001,.T.);
#8820=ORIENTED_EDGE('',*,*,#7002,.T.);
#8821=ORIENTED_EDGE('',*,*,#7003,.T.);
#8822=ORIENTED_EDGE('',*,*,#7004,.T.);
#8823=ORIENTED_EDGE('',*,*,#7005,.T.);
#8824=ORIENTED_EDGE('',*,*,#6948,.T.);
#8825=ORIENTED_EDGE('',*,*,#6947,.T.);
#8826=ORIENTED_EDGE('',*,*,#6959,.T.);
#8827=ORIENTED_EDGE('',*,*,#7006,.T.);
#8828=ORIENTED_EDGE('',*,*,#6960,.T.);
#8829=ORIENTED_EDGE('',*,*,#6927,.T.);
#8830=ORIENTED_EDGE('',*,*,#7007,.T.);
#8831=ORIENTED_EDGE('',*,*,#7008,.F.);
#8832=ORIENTED_EDGE('',*,*,#7009,.F.);
#8833=ORIENTED_EDGE('',*,*,#6969,.F.);
#8834=ORIENTED_EDGE('',*,*,#7010,.F.);
#8835=ORIENTED_EDGE('',*,*,#6973,.F.);
#8836=ORIENTED_EDGE('',*,*,#7011,.F.);
#8837=ORIENTED_EDGE('',*,*,#7012,.F.);
#8838=ORIENTED_EDGE('',*,*,#7012,.T.);
#8839=ORIENTED_EDGE('',*,*,#7013,.T.);
#8840=ORIENTED_EDGE('',*,*,#7014,.T.);
#8841=ORIENTED_EDGE('',*,*,#7015,.T.);
#8842=ORIENTED_EDGE('',*,*,#7008,.T.);
#8843=ORIENTED_EDGE('',*,*,#7016,.T.);
#8844=ORIENTED_EDGE('',*,*,#7017,.T.);
#8845=ORIENTED_EDGE('',*,*,#7018,.T.);
#8846=ORIENTED_EDGE('',*,*,#7011,.T.);
#8847=ORIENTED_EDGE('',*,*,#6972,.F.);
#8848=ORIENTED_EDGE('',*,*,#7019,.T.);
#8849=ORIENTED_EDGE('',*,*,#7013,.F.);
#8850=ORIENTED_EDGE('',*,*,#6967,.F.);
#8851=ORIENTED_EDGE('',*,*,#7020,.T.);
#8852=ORIENTED_EDGE('',*,*,#7017,.F.);
#8853=ORIENTED_EDGE('',*,*,#7021,.F.);
#8854=ORIENTED_EDGE('',*,*,#6968,.F.);
#8855=ORIENTED_EDGE('',*,*,#7021,.T.);
#8856=ORIENTED_EDGE('',*,*,#7016,.F.);
#8857=ORIENTED_EDGE('',*,*,#7007,.F.);
#8858=ORIENTED_EDGE('',*,*,#6974,.F.);
#8859=ORIENTED_EDGE('',*,*,#7010,.T.);
#8860=ORIENTED_EDGE('',*,*,#7018,.F.);
#8861=ORIENTED_EDGE('',*,*,#7020,.F.);
#8862=ORIENTED_EDGE('',*,*,#7009,.T.);
#8863=ORIENTED_EDGE('',*,*,#7015,.F.);
#8864=ORIENTED_EDGE('',*,*,#7022,.F.);
#8865=ORIENTED_EDGE('',*,*,#6970,.F.);
#8866=ORIENTED_EDGE('',*,*,#6971,.F.);
#8867=ORIENTED_EDGE('',*,*,#7022,.T.);
#8868=ORIENTED_EDGE('',*,*,#7014,.F.);
#8869=ORIENTED_EDGE('',*,*,#7019,.F.);
#8870=ORIENTED_EDGE('',*,*,#7023,.F.);
#8871=ORIENTED_EDGE('',*,*,#7003,.F.);
#8872=ORIENTED_EDGE('',*,*,#7024,.F.);
#8873=ORIENTED_EDGE('',*,*,#7025,.F.);
#8874=ORIENTED_EDGE('',*,*,#6958,.F.);
#8875=ORIENTED_EDGE('',*,*,#7026,.F.);
#8876=ORIENTED_EDGE('',*,*,#6961,.F.);
#8877=ORIENTED_EDGE('',*,*,#7006,.F.);
#8878=ORIENTED_EDGE('',*,*,#7023,.T.);
#8879=ORIENTED_EDGE('',*,*,#7027,.F.);
#8880=ORIENTED_EDGE('',*,*,#7028,.F.);
#8881=ORIENTED_EDGE('',*,*,#7004,.F.);
#8882=ORIENTED_EDGE('',*,*,#7024,.T.);
#8883=ORIENTED_EDGE('',*,*,#7002,.F.);
#8884=ORIENTED_EDGE('',*,*,#7029,.T.);
#8885=ORIENTED_EDGE('',*,*,#7030,.F.);
#8886=ORIENTED_EDGE('',*,*,#7005,.F.);
#8887=ORIENTED_EDGE('',*,*,#7028,.T.);
#8888=ORIENTED_EDGE('',*,*,#7031,.F.);
#8889=ORIENTED_EDGE('',*,*,#6949,.F.);
#8890=ORIENTED_EDGE('',*,*,#6920,.T.);
#8891=ORIENTED_EDGE('',*,*,#7032,.F.);
#8892=ORIENTED_EDGE('',*,*,#7033,.F.);
#8893=ORIENTED_EDGE('',*,*,#6999,.F.);
#8894=ORIENTED_EDGE('',*,*,#7000,.F.);
#8895=ORIENTED_EDGE('',*,*,#7033,.T.);
#8896=ORIENTED_EDGE('',*,*,#7034,.F.);
#8897=ORIENTED_EDGE('',*,*,#6952,.F.);
#8898=ORIENTED_EDGE('',*,*,#7001,.F.);
#8899=ORIENTED_EDGE('',*,*,#6955,.T.);
#8900=ORIENTED_EDGE('',*,*,#7035,.F.);
#8901=ORIENTED_EDGE('',*,*,#7029,.F.);
#8902=ORIENTED_EDGE('',*,*,#6917,.T.);
#8903=ORIENTED_EDGE('',*,*,#6929,.T.);
#8904=ORIENTED_EDGE('',*,*,#6962,.T.);
#8905=ORIENTED_EDGE('',*,*,#7026,.T.);
#8906=ORIENTED_EDGE('',*,*,#6957,.T.);
#8907=ORIENTED_EDGE('',*,*,#6945,.T.);
#8908=ORIENTED_EDGE('',*,*,#6950,.T.);
#8909=ORIENTED_EDGE('',*,*,#7031,.T.);
#8910=ORIENTED_EDGE('',*,*,#7027,.T.);
#8911=ORIENTED_EDGE('',*,*,#7025,.T.);
#8912=ORIENTED_EDGE('',*,*,#7030,.T.);
#8913=ORIENTED_EDGE('',*,*,#7035,.T.);
#8914=ORIENTED_EDGE('',*,*,#6954,.T.);
#8915=ORIENTED_EDGE('',*,*,#6933,.T.);
#8916=ORIENTED_EDGE('',*,*,#6943,.T.);
#8917=ORIENTED_EDGE('',*,*,#6939,.T.);
#8918=ORIENTED_EDGE('',*,*,#6913,.T.);
#8919=ORIENTED_EDGE('',*,*,#6938,.T.);
#8920=ORIENTED_EDGE('',*,*,#6935,.T.);
#8921=ORIENTED_EDGE('',*,*,#6924,.T.);
#8922=ORIENTED_EDGE('',*,*,#6953,.T.);
#8923=ORIENTED_EDGE('',*,*,#7034,.T.);
#8924=ORIENTED_EDGE('',*,*,#7032,.T.);
#8925=ORIENTED_EDGE('',*,*,#6922,.T.);
#8926=ORIENTED_EDGE('',*,*,#7036,.F.);
#8927=ORIENTED_EDGE('',*,*,#6998,.F.);
#8928=ORIENTED_EDGE('',*,*,#7037,.F.);
#8929=ORIENTED_EDGE('',*,*,#7038,.F.);
#8930=ORIENTED_EDGE('',*,*,#7039,.F.);
#8931=ORIENTED_EDGE('',*,*,#7040,.F.);
#8932=ORIENTED_EDGE('',*,*,#7041,.F.);
#8933=ORIENTED_EDGE('',*,*,#6992,.F.);
#8934=ORIENTED_EDGE('',*,*,#7036,.T.);
#8935=ORIENTED_EDGE('',*,*,#7042,.F.);
#8936=ORIENTED_EDGE('',*,*,#7043,.F.);
#8937=ORIENTED_EDGE('',*,*,#6987,.F.);
#8938=ORIENTED_EDGE('',*,*,#7039,.T.);
#8939=ORIENTED_EDGE('',*,*,#6991,.F.);
#8940=ORIENTED_EDGE('',*,*,#7044,.T.);
#8941=ORIENTED_EDGE('',*,*,#7045,.F.);
#8942=ORIENTED_EDGE('',*,*,#7037,.T.);
#8943=ORIENTED_EDGE('',*,*,#6997,.F.);
#8944=ORIENTED_EDGE('',*,*,#7046,.T.);
#8945=ORIENTED_EDGE('',*,*,#7047,.F.);
#8946=ORIENTED_EDGE('',*,*,#6989,.F.);
#8947=ORIENTED_EDGE('',*,*,#7048,.T.);
#8948=ORIENTED_EDGE('',*,*,#7049,.F.);
#8949=ORIENTED_EDGE('',*,*,#7050,.F.);
#8950=ORIENTED_EDGE('',*,*,#6990,.F.);
#8951=ORIENTED_EDGE('',*,*,#7050,.T.);
#8952=ORIENTED_EDGE('',*,*,#7051,.F.);
#8953=ORIENTED_EDGE('',*,*,#7044,.F.);
#8954=ORIENTED_EDGE('',*,*,#6988,.F.);
#8955=ORIENTED_EDGE('',*,*,#7043,.T.);
#8956=ORIENTED_EDGE('',*,*,#7052,.F.);
#8957=ORIENTED_EDGE('',*,*,#7048,.F.);
#8958=ORIENTED_EDGE('',*,*,#7041,.T.);
#8959=ORIENTED_EDGE('',*,*,#7053,.F.);
#8960=ORIENTED_EDGE('',*,*,#7054,.F.);
#8961=ORIENTED_EDGE('',*,*,#6993,.F.);
#8962=ORIENTED_EDGE('',*,*,#6994,.F.);
#8963=ORIENTED_EDGE('',*,*,#7054,.T.);
#8964=ORIENTED_EDGE('',*,*,#7055,.F.);
#8965=ORIENTED_EDGE('',*,*,#7056,.F.);
#8966=ORIENTED_EDGE('',*,*,#6995,.F.);
#8967=ORIENTED_EDGE('',*,*,#7056,.T.);
#8968=ORIENTED_EDGE('',*,*,#7057,.F.);
#8969=ORIENTED_EDGE('',*,*,#7058,.F.);
#8970=ORIENTED_EDGE('',*,*,#6996,.F.);
#8971=ORIENTED_EDGE('',*,*,#7058,.T.);
#8972=ORIENTED_EDGE('',*,*,#7059,.F.);
#8973=ORIENTED_EDGE('',*,*,#7046,.F.);
#8974=ORIENTED_EDGE('',*,*,#7040,.T.);
#8975=ORIENTED_EDGE('',*,*,#7045,.T.);
#8976=ORIENTED_EDGE('',*,*,#7051,.T.);
#8977=ORIENTED_EDGE('',*,*,#7049,.T.);
#8978=ORIENTED_EDGE('',*,*,#7052,.T.);
#8979=ORIENTED_EDGE('',*,*,#7042,.T.);
#8980=ORIENTED_EDGE('',*,*,#7038,.T.);
#8981=ORIENTED_EDGE('',*,*,#7047,.T.);
#8982=ORIENTED_EDGE('',*,*,#7059,.T.);
#8983=ORIENTED_EDGE('',*,*,#7057,.T.);
#8984=ORIENTED_EDGE('',*,*,#7055,.T.);
#8985=ORIENTED_EDGE('',*,*,#7053,.T.);
#8986=ORIENTED_EDGE('',*,*,#7060,.F.);
#8987=ORIENTED_EDGE('',*,*,#6986,.F.);
#8988=ORIENTED_EDGE('',*,*,#7061,.F.);
#8989=ORIENTED_EDGE('',*,*,#7062,.F.);
#8990=ORIENTED_EDGE('',*,*,#7063,.F.);
#8991=ORIENTED_EDGE('',*,*,#7064,.F.);
#8992=ORIENTED_EDGE('',*,*,#7065,.F.);
#8993=ORIENTED_EDGE('',*,*,#6980,.F.);
#8994=ORIENTED_EDGE('',*,*,#7060,.T.);
#8995=ORIENTED_EDGE('',*,*,#7066,.F.);
#8996=ORIENTED_EDGE('',*,*,#7067,.F.);
#8997=ORIENTED_EDGE('',*,*,#6975,.F.);
#8998=ORIENTED_EDGE('',*,*,#7063,.T.);
#8999=ORIENTED_EDGE('',*,*,#6979,.F.);
#9000=ORIENTED_EDGE('',*,*,#7068,.T.);
#9001=ORIENTED_EDGE('',*,*,#7069,.F.);
#9002=ORIENTED_EDGE('',*,*,#7061,.T.);
#9003=ORIENTED_EDGE('',*,*,#6985,.F.);
#9004=ORIENTED_EDGE('',*,*,#7070,.T.);
#9005=ORIENTED_EDGE('',*,*,#7071,.F.);
#9006=ORIENTED_EDGE('',*,*,#6977,.F.);
#9007=ORIENTED_EDGE('',*,*,#7072,.T.);
#9008=ORIENTED_EDGE('',*,*,#7073,.F.);
#9009=ORIENTED_EDGE('',*,*,#7074,.F.);
#9010=ORIENTED_EDGE('',*,*,#6978,.F.);
#9011=ORIENTED_EDGE('',*,*,#7074,.T.);
#9012=ORIENTED_EDGE('',*,*,#7075,.F.);
#9013=ORIENTED_EDGE('',*,*,#7068,.F.);
#9014=ORIENTED_EDGE('',*,*,#6976,.F.);
#9015=ORIENTED_EDGE('',*,*,#7067,.T.);
#9016=ORIENTED_EDGE('',*,*,#7076,.F.);
#9017=ORIENTED_EDGE('',*,*,#7072,.F.);
#9018=ORIENTED_EDGE('',*,*,#7065,.T.);
#9019=ORIENTED_EDGE('',*,*,#7077,.F.);
#9020=ORIENTED_EDGE('',*,*,#7078,.F.);
#9021=ORIENTED_EDGE('',*,*,#6981,.F.);
#9022=ORIENTED_EDGE('',*,*,#6982,.F.);
#9023=ORIENTED_EDGE('',*,*,#7078,.T.);
#9024=ORIENTED_EDGE('',*,*,#7079,.F.);
#9025=ORIENTED_EDGE('',*,*,#7080,.F.);
#9026=ORIENTED_EDGE('',*,*,#6983,.F.);
#9027=ORIENTED_EDGE('',*,*,#7080,.T.);
#9028=ORIENTED_EDGE('',*,*,#7081,.F.);
#9029=ORIENTED_EDGE('',*,*,#7082,.F.);
#9030=ORIENTED_EDGE('',*,*,#6984,.F.);
#9031=ORIENTED_EDGE('',*,*,#7082,.T.);
#9032=ORIENTED_EDGE('',*,*,#7083,.F.);
#9033=ORIENTED_EDGE('',*,*,#7070,.F.);
#9034=ORIENTED_EDGE('',*,*,#7064,.T.);
#9035=ORIENTED_EDGE('',*,*,#7069,.T.);
#9036=ORIENTED_EDGE('',*,*,#7075,.T.);
#9037=ORIENTED_EDGE('',*,*,#7073,.T.);
#9038=ORIENTED_EDGE('',*,*,#7076,.T.);
#9039=ORIENTED_EDGE('',*,*,#7066,.T.);
#9040=ORIENTED_EDGE('',*,*,#7062,.T.);
#9041=ORIENTED_EDGE('',*,*,#7071,.T.);
#9042=ORIENTED_EDGE('',*,*,#7083,.T.);
#9043=ORIENTED_EDGE('',*,*,#7081,.T.);
#9044=ORIENTED_EDGE('',*,*,#7079,.T.);
#9045=ORIENTED_EDGE('',*,*,#7077,.T.);
#9046=ORIENTED_EDGE('',*,*,#6904,.T.);
#9047=ORIENTED_EDGE('',*,*,#7084,.T.);
#9048=ORIENTED_EDGE('',*,*,#6965,.F.);
#9049=ORIENTED_EDGE('',*,*,#7085,.F.);
#9050=ORIENTED_EDGE('',*,*,#6905,.T.);
#9051=ORIENTED_EDGE('',*,*,#7085,.T.);
#9052=ORIENTED_EDGE('',*,*,#6964,.F.);
#9053=ORIENTED_EDGE('',*,*,#6910,.F.);
#9054=ORIENTED_EDGE('',*,*,#6894,.T.);
#9055=ORIENTED_EDGE('',*,*,#6907,.T.);
#9056=ORIENTED_EDGE('',*,*,#6900,.T.);
#9057=ORIENTED_EDGE('',*,*,#6963,.F.);
#9058=ORIENTED_EDGE('',*,*,#6903,.T.);
#9059=ORIENTED_EDGE('',*,*,#6909,.T.);
#9060=ORIENTED_EDGE('',*,*,#6966,.F.);
#9061=ORIENTED_EDGE('',*,*,#7084,.F.);
#9062=ORIENTED_EDGE('',*,*,#7086,.F.);
#9063=ORIENTED_EDGE('',*,*,#7087,.T.);
#9064=ORIENTED_EDGE('',*,*,#7088,.F.);
#9065=ORIENTED_EDGE('',*,*,#7087,.F.);
#9066=ORIENTED_EDGE('',*,*,#7089,.F.);
#9067=ORIENTED_EDGE('',*,*,#7090,.T.);
#9068=ORIENTED_EDGE('',*,*,#7091,.F.);
#9069=ORIENTED_EDGE('',*,*,#7090,.F.);
#9070=ORIENTED_EDGE('',*,*,#7092,.F.);
#9071=ORIENTED_EDGE('',*,*,#7093,.T.);
#9072=ORIENTED_EDGE('',*,*,#7094,.F.);
#9073=ORIENTED_EDGE('',*,*,#7093,.F.);
#9074=ORIENTED_EDGE('',*,*,#7095,.F.);
#9075=ORIENTED_EDGE('',*,*,#7096,.T.);
#9076=ORIENTED_EDGE('',*,*,#7097,.F.);
#9077=ORIENTED_EDGE('',*,*,#7096,.F.);
#9078=ORIENTED_EDGE('',*,*,#7098,.F.);
#9079=ORIENTED_EDGE('',*,*,#7099,.T.);
#9080=ORIENTED_EDGE('',*,*,#7100,.F.);
#9081=ORIENTED_EDGE('',*,*,#7101,.F.);
#9082=ORIENTED_EDGE('',*,*,#7102,.F.);
#9083=ORIENTED_EDGE('',*,*,#7103,.F.);
#9084=ORIENTED_EDGE('',*,*,#7104,.F.);
#9085=ORIENTED_EDGE('',*,*,#7105,.T.);
#9086=ORIENTED_EDGE('',*,*,#7106,.F.);
#9087=ORIENTED_EDGE('',*,*,#7107,.T.);
#9088=ORIENTED_EDGE('',*,*,#7108,.F.);
#9089=ORIENTED_EDGE('',*,*,#7109,.F.);
#9090=ORIENTED_EDGE('',*,*,#7110,.F.);
#9091=ORIENTED_EDGE('',*,*,#7111,.T.);
#9092=ORIENTED_EDGE('',*,*,#7112,.F.);
#9093=ORIENTED_EDGE('',*,*,#7113,.F.);
#9094=ORIENTED_EDGE('',*,*,#7114,.F.);
#9095=ORIENTED_EDGE('',*,*,#7115,.F.);
#9096=ORIENTED_EDGE('',*,*,#7116,.F.);
#9097=ORIENTED_EDGE('',*,*,#7117,.T.);
#9098=ORIENTED_EDGE('',*,*,#7118,.F.);
#9099=ORIENTED_EDGE('',*,*,#7119,.F.);
#9100=ORIENTED_EDGE('',*,*,#7120,.F.);
#9101=ORIENTED_EDGE('',*,*,#7121,.T.);
#9102=ORIENTED_EDGE('',*,*,#7122,.F.);
#9103=ORIENTED_EDGE('',*,*,#7123,.T.);
#9104=ORIENTED_EDGE('',*,*,#7124,.F.);
#9105=ORIENTED_EDGE('',*,*,#7125,.F.);
#9106=ORIENTED_EDGE('',*,*,#7126,.F.);
#9107=ORIENTED_EDGE('',*,*,#7127,.F.);
#9108=ORIENTED_EDGE('',*,*,#7128,.F.);
#9109=ORIENTED_EDGE('',*,*,#7129,.T.);
#9110=ORIENTED_EDGE('',*,*,#7130,.F.);
#9111=ORIENTED_EDGE('',*,*,#7131,.T.);
#9112=ORIENTED_EDGE('',*,*,#7132,.F.);
#9113=ORIENTED_EDGE('',*,*,#7133,.F.);
#9114=ORIENTED_EDGE('',*,*,#7134,.F.);
#9115=ORIENTED_EDGE('',*,*,#7135,.T.);
#9116=ORIENTED_EDGE('',*,*,#7136,.F.);
#9117=ORIENTED_EDGE('',*,*,#7137,.F.);
#9118=ORIENTED_EDGE('',*,*,#7138,.F.);
#9119=ORIENTED_EDGE('',*,*,#7139,.F.);
#9120=ORIENTED_EDGE('',*,*,#7140,.F.);
#9121=ORIENTED_EDGE('',*,*,#7141,.T.);
#9122=ORIENTED_EDGE('',*,*,#7142,.F.);
#9123=ORIENTED_EDGE('',*,*,#7143,.F.);
#9124=ORIENTED_EDGE('',*,*,#7144,.F.);
#9125=ORIENTED_EDGE('',*,*,#7145,.T.);
#9126=ORIENTED_EDGE('',*,*,#7126,.T.);
#9127=ORIENTED_EDGE('',*,*,#7146,.F.);
#9128=ORIENTED_EDGE('',*,*,#7147,.T.);
#9129=ORIENTED_EDGE('',*,*,#7148,.F.);
#9130=ORIENTED_EDGE('',*,*,#7110,.T.);
#9131=ORIENTED_EDGE('',*,*,#7149,.F.);
#9132=ORIENTED_EDGE('',*,*,#7150,.F.);
#9133=ORIENTED_EDGE('',*,*,#7151,.F.);
#9134=ORIENTED_EDGE('',*,*,#7118,.T.);
#9135=ORIENTED_EDGE('',*,*,#7152,.F.);
#9136=ORIENTED_EDGE('',*,*,#7130,.T.);
#9137=ORIENTED_EDGE('',*,*,#7153,.F.);
#9138=ORIENTED_EDGE('',*,*,#7128,.T.);
#9139=ORIENTED_EDGE('',*,*,#7154,.F.);
#9140=ORIENTED_EDGE('',*,*,#7147,.F.);
#9141=ORIENTED_EDGE('',*,*,#7155,.F.);
#9142=ORIENTED_EDGE('',*,*,#7100,.T.);
#9143=ORIENTED_EDGE('',*,*,#7156,.F.);
#9144=ORIENTED_EDGE('',*,*,#7157,.T.);
#9145=ORIENTED_EDGE('',*,*,#7158,.F.);
#9146=ORIENTED_EDGE('',*,*,#7134,.T.);
#9147=ORIENTED_EDGE('',*,*,#7159,.F.);
#9148=ORIENTED_EDGE('',*,*,#7160,.F.);
#9149=ORIENTED_EDGE('',*,*,#7161,.F.);
#9150=ORIENTED_EDGE('',*,*,#7116,.T.);
#9151=ORIENTED_EDGE('',*,*,#7162,.F.);
#9152=ORIENTED_EDGE('',*,*,#7142,.T.);
#9153=ORIENTED_EDGE('',*,*,#7163,.F.);
#9154=ORIENTED_EDGE('',*,*,#7112,.T.);
#9155=ORIENTED_EDGE('',*,*,#7164,.F.);
#9156=ORIENTED_EDGE('',*,*,#7150,.T.);
#9157=ORIENTED_EDGE('',*,*,#7165,.F.);
#9158=ORIENTED_EDGE('',*,*,#7106,.T.);
#9159=ORIENTED_EDGE('',*,*,#7166,.F.);
#9160=ORIENTED_EDGE('',*,*,#7138,.T.);
#9161=ORIENTED_EDGE('',*,*,#7167,.F.);
#9162=ORIENTED_EDGE('',*,*,#7137,.T.);
#9163=ORIENTED_EDGE('',*,*,#7168,.T.);
#9164=ORIENTED_EDGE('',*,*,#7159,.T.);
#9165=ORIENTED_EDGE('',*,*,#7101,.T.);
#9166=ORIENTED_EDGE('',*,*,#7158,.T.);
#9167=ORIENTED_EDGE('',*,*,#7169,.T.);
#9168=ORIENTED_EDGE('',*,*,#7113,.T.);
#9169=ORIENTED_EDGE('',*,*,#7165,.T.);
#9170=ORIENTED_EDGE('',*,*,#7149,.T.);
#9171=ORIENTED_EDGE('',*,*,#7127,.T.);
#9172=ORIENTED_EDGE('',*,*,#7148,.T.);
#9173=ORIENTED_EDGE('',*,*,#7154,.T.);
#9174=ORIENTED_EDGE('',*,*,#7115,.T.);
#9175=ORIENTED_EDGE('',*,*,#7170,.T.);
#9176=ORIENTED_EDGE('',*,*,#7143,.T.);
#9177=ORIENTED_EDGE('',*,*,#7162,.T.);
#9178=ORIENTED_EDGE('',*,*,#7119,.T.);
#9179=ORIENTED_EDGE('',*,*,#7153,.T.);
#9180=ORIENTED_EDGE('',*,*,#7133,.T.);
#9181=ORIENTED_EDGE('',*,*,#7171,.T.);
#9182=ORIENTED_EDGE('',*,*,#7109,.T.);
#9183=ORIENTED_EDGE('',*,*,#7172,.T.);
#9184=ORIENTED_EDGE('',*,*,#7139,.T.);
#9185=ORIENTED_EDGE('',*,*,#7166,.T.);
#9186=ORIENTED_EDGE('',*,*,#7103,.T.);
#9187=ORIENTED_EDGE('',*,*,#7173,.T.);
#9188=ORIENTED_EDGE('',*,*,#7125,.T.);
#9189=ORIENTED_EDGE('',*,*,#7174,.T.);
#9190=ORIENTED_EDGE('',*,*,#7136,.T.);
#9191=ORIENTED_EDGE('',*,*,#7175,.F.);
#9192=ORIENTED_EDGE('',*,*,#7160,.T.);
#9193=ORIENTED_EDGE('',*,*,#7168,.F.);
#9194=ORIENTED_EDGE('',*,*,#7098,.T.);
#9195=ORIENTED_EDGE('',*,*,#7169,.F.);
#9196=ORIENTED_EDGE('',*,*,#7157,.F.);
#9197=ORIENTED_EDGE('',*,*,#7176,.F.);
#9198=ORIENTED_EDGE('',*,*,#7108,.T.);
#9199=ORIENTED_EDGE('',*,*,#7177,.F.);
#9200=ORIENTED_EDGE('',*,*,#7140,.T.);
#9201=ORIENTED_EDGE('',*,*,#7172,.F.);
#9202=ORIENTED_EDGE('',*,*,#7114,.T.);
#9203=ORIENTED_EDGE('',*,*,#7178,.F.);
#9204=ORIENTED_EDGE('',*,*,#7144,.T.);
#9205=ORIENTED_EDGE('',*,*,#7170,.F.);
#9206=ORIENTED_EDGE('',*,*,#7120,.T.);
#9207=ORIENTED_EDGE('',*,*,#7171,.F.);
#9208=ORIENTED_EDGE('',*,*,#7132,.T.);
#9209=ORIENTED_EDGE('',*,*,#7179,.F.);
#9210=ORIENTED_EDGE('',*,*,#7102,.T.);
#9211=ORIENTED_EDGE('',*,*,#7180,.F.);
#9212=ORIENTED_EDGE('',*,*,#7122,.T.);
#9213=ORIENTED_EDGE('',*,*,#7173,.F.);
#9214=ORIENTED_EDGE('',*,*,#7104,.T.);
#9215=ORIENTED_EDGE('',*,*,#7174,.F.);
#9216=ORIENTED_EDGE('',*,*,#7124,.T.);
#9217=ORIENTED_EDGE('',*,*,#7181,.F.);
#9218=ORIENTED_EDGE('',*,*,#7182,.T.);
#9219=ORIENTED_EDGE('',*,*,#7183,.T.);
#9220=ORIENTED_EDGE('',*,*,#7184,.T.);
#9221=ORIENTED_EDGE('',*,*,#7185,.T.);
#9222=ORIENTED_EDGE('',*,*,#7182,.F.);
#9223=ORIENTED_EDGE('',*,*,#7186,.T.);
#9224=ORIENTED_EDGE('',*,*,#7187,.T.);
#9225=ORIENTED_EDGE('',*,*,#7188,.T.);
#9226=ORIENTED_EDGE('',*,*,#7189,.T.);
#9227=ORIENTED_EDGE('',*,*,#7190,.T.);
#9228=ORIENTED_EDGE('',*,*,#7187,.F.);
#9229=ORIENTED_EDGE('',*,*,#7191,.T.);
#9230=ORIENTED_EDGE('',*,*,#7189,.F.);
#9231=ORIENTED_EDGE('',*,*,#7192,.T.);
#9232=ORIENTED_EDGE('',*,*,#7193,.T.);
#9233=ORIENTED_EDGE('',*,*,#7194,.T.);
#9234=ORIENTED_EDGE('',*,*,#7195,.T.);
#9235=ORIENTED_EDGE('',*,*,#7196,.T.);
#9236=ORIENTED_EDGE('',*,*,#7193,.F.);
#9237=ORIENTED_EDGE('',*,*,#7197,.T.);
#9238=ORIENTED_EDGE('',*,*,#7195,.F.);
#9239=ORIENTED_EDGE('',*,*,#7198,.T.);
#9240=ORIENTED_EDGE('',*,*,#7199,.T.);
#9241=ORIENTED_EDGE('',*,*,#7200,.T.);
#9242=ORIENTED_EDGE('',*,*,#7201,.T.);
#9243=ORIENTED_EDGE('',*,*,#7202,.T.);
#9244=ORIENTED_EDGE('',*,*,#7199,.F.);
#9245=ORIENTED_EDGE('',*,*,#7203,.T.);
#9246=ORIENTED_EDGE('',*,*,#7201,.F.);
#9247=ORIENTED_EDGE('',*,*,#7204,.T.);
#9248=ORIENTED_EDGE('',*,*,#7184,.F.);
#9249=ORIENTED_EDGE('',*,*,#7205,.T.);
#9250=ORIENTED_EDGE('',*,*,#7200,.F.);
#9251=ORIENTED_EDGE('',*,*,#7206,.F.);
#9252=ORIENTED_EDGE('',*,*,#7207,.T.);
#9253=ORIENTED_EDGE('',*,*,#7208,.F.);
#9254=ORIENTED_EDGE('',*,*,#7202,.F.);
#9255=ORIENTED_EDGE('',*,*,#7209,.T.);
#9256=ORIENTED_EDGE('',*,*,#7210,.T.);
#9257=ORIENTED_EDGE('',*,*,#7206,.T.);
#9258=ORIENTED_EDGE('',*,*,#7205,.F.);
#9259=ORIENTED_EDGE('',*,*,#7211,.F.);
#9260=ORIENTED_EDGE('',*,*,#7212,.T.);
#9261=ORIENTED_EDGE('',*,*,#7209,.F.);
#9262=ORIENTED_EDGE('',*,*,#7183,.F.);
#9263=ORIENTED_EDGE('',*,*,#7213,.T.);
#9264=ORIENTED_EDGE('',*,*,#7214,.T.);
#9265=ORIENTED_EDGE('',*,*,#7211,.T.);
#9266=ORIENTED_EDGE('',*,*,#7185,.F.);
#9267=ORIENTED_EDGE('',*,*,#7204,.F.);
#9268=ORIENTED_EDGE('',*,*,#7203,.F.);
#9269=ORIENTED_EDGE('',*,*,#7198,.F.);
#9270=ORIENTED_EDGE('',*,*,#7197,.F.);
#9271=ORIENTED_EDGE('',*,*,#7192,.F.);
#9272=ORIENTED_EDGE('',*,*,#7191,.F.);
#9273=ORIENTED_EDGE('',*,*,#7186,.F.);
#9274=ORIENTED_EDGE('',*,*,#7095,.T.);
#9275=ORIENTED_EDGE('',*,*,#7092,.T.);
#9276=ORIENTED_EDGE('',*,*,#7089,.T.);
#9277=ORIENTED_EDGE('',*,*,#7086,.T.);
#9278=ORIENTED_EDGE('',*,*,#7188,.F.);
#9279=ORIENTED_EDGE('',*,*,#7215,.F.);
#9280=ORIENTED_EDGE('',*,*,#7216,.T.);
#9281=ORIENTED_EDGE('',*,*,#7213,.F.);
#9282=ORIENTED_EDGE('',*,*,#7196,.F.);
#9283=ORIENTED_EDGE('',*,*,#7208,.T.);
#9284=ORIENTED_EDGE('',*,*,#7217,.T.);
#9285=ORIENTED_EDGE('',*,*,#7218,.T.);
#9286=ORIENTED_EDGE('',*,*,#7190,.F.);
#9287=ORIENTED_EDGE('',*,*,#7219,.T.);
#9288=ORIENTED_EDGE('',*,*,#7220,.T.);
#9289=ORIENTED_EDGE('',*,*,#7215,.T.);
#9290=ORIENTED_EDGE('',*,*,#7194,.F.);
#9291=ORIENTED_EDGE('',*,*,#7218,.F.);
#9292=ORIENTED_EDGE('',*,*,#7221,.T.);
#9293=ORIENTED_EDGE('',*,*,#7219,.F.);
#9294=ORIENTED_EDGE('',*,*,#7214,.F.);
#9295=ORIENTED_EDGE('',*,*,#7216,.F.);
#9296=ORIENTED_EDGE('',*,*,#7220,.F.);
#9297=ORIENTED_EDGE('',*,*,#7221,.F.);
#9298=ORIENTED_EDGE('',*,*,#7217,.F.);
#9299=ORIENTED_EDGE('',*,*,#7207,.F.);
#9300=ORIENTED_EDGE('',*,*,#7210,.F.);
#9301=ORIENTED_EDGE('',*,*,#7212,.F.);
#9302=ORIENTED_EDGE('',*,*,#7167,.T.);
#9303=ORIENTED_EDGE('',*,*,#7141,.F.);
#9304=ORIENTED_EDGE('',*,*,#7177,.T.);
#9305=ORIENTED_EDGE('',*,*,#7107,.F.);
#9306=ORIENTED_EDGE('',*,*,#7176,.T.);
#9307=ORIENTED_EDGE('',*,*,#7156,.T.);
#9308=ORIENTED_EDGE('',*,*,#7099,.F.);
#9309=ORIENTED_EDGE('',*,*,#7151,.T.);
#9310=ORIENTED_EDGE('',*,*,#7164,.T.);
#9311=ORIENTED_EDGE('',*,*,#7111,.F.);
#9312=ORIENTED_EDGE('',*,*,#7121,.F.);
#9313=ORIENTED_EDGE('',*,*,#7179,.T.);
#9314=ORIENTED_EDGE('',*,*,#7131,.F.);
#9315=ORIENTED_EDGE('',*,*,#7152,.T.);
#9316=ORIENTED_EDGE('',*,*,#7117,.F.);
#9317=ORIENTED_EDGE('',*,*,#7163,.T.);
#9318=ORIENTED_EDGE('',*,*,#7145,.F.);
#9319=ORIENTED_EDGE('',*,*,#7178,.T.);
#9320=ORIENTED_EDGE('',*,*,#7105,.F.);
#9321=ORIENTED_EDGE('',*,*,#7181,.T.);
#9322=ORIENTED_EDGE('',*,*,#7123,.F.);
#9323=ORIENTED_EDGE('',*,*,#7180,.T.);
#9324=ORIENTED_EDGE('',*,*,#7161,.T.);
#9325=ORIENTED_EDGE('',*,*,#7175,.T.);
#9326=ORIENTED_EDGE('',*,*,#7135,.F.);
#9327=ORIENTED_EDGE('',*,*,#7129,.F.);
#9328=ORIENTED_EDGE('',*,*,#7155,.T.);
#9329=ORIENTED_EDGE('',*,*,#7146,.T.);
#9330=ORIENTED_EDGE('',*,*,#7097,.T.);
#9331=ORIENTED_EDGE('',*,*,#7094,.T.);
#9332=ORIENTED_EDGE('',*,*,#7091,.T.);
#9333=ORIENTED_EDGE('',*,*,#7088,.T.);
#9334=ORIENTED_EDGE('',*,*,#7222,.F.);
#9335=ORIENTED_EDGE('',*,*,#7223,.T.);
#9336=ORIENTED_EDGE('',*,*,#7224,.F.);
#9337=ORIENTED_EDGE('',*,*,#7225,.F.);
#9338=ORIENTED_EDGE('',*,*,#7226,.F.);
#9339=ORIENTED_EDGE('',*,*,#7225,.T.);
#9340=ORIENTED_EDGE('',*,*,#7227,.F.);
#9341=ORIENTED_EDGE('',*,*,#7228,.F.);
#9342=ORIENTED_EDGE('',*,*,#7229,.F.);
#9343=ORIENTED_EDGE('',*,*,#7228,.T.);
#9344=ORIENTED_EDGE('',*,*,#7230,.F.);
#9345=ORIENTED_EDGE('',*,*,#7231,.F.);
#9346=ORIENTED_EDGE('',*,*,#7232,.F.);
#9347=ORIENTED_EDGE('',*,*,#7231,.T.);
#9348=ORIENTED_EDGE('',*,*,#7233,.F.);
#9349=ORIENTED_EDGE('',*,*,#7234,.T.);
#9350=ORIENTED_EDGE('',*,*,#7235,.F.);
#9351=ORIENTED_EDGE('',*,*,#7236,.T.);
#9352=ORIENTED_EDGE('',*,*,#7237,.F.);
#9353=ORIENTED_EDGE('',*,*,#7223,.F.);
#9354=ORIENTED_EDGE('',*,*,#7238,.F.);
#9355=ORIENTED_EDGE('',*,*,#7234,.F.);
#9356=ORIENTED_EDGE('',*,*,#7239,.F.);
#9357=ORIENTED_EDGE('',*,*,#7236,.F.);
#9358=ORIENTED_EDGE('',*,*,#7240,.F.);
#9359=ORIENTED_EDGE('',*,*,#7241,.T.);
#9360=ORIENTED_EDGE('',*,*,#7242,.F.);
#9361=ORIENTED_EDGE('',*,*,#7243,.F.);
#9362=ORIENTED_EDGE('',*,*,#7244,.F.);
#9363=ORIENTED_EDGE('',*,*,#7243,.T.);
#9364=ORIENTED_EDGE('',*,*,#7245,.F.);
#9365=ORIENTED_EDGE('',*,*,#7246,.F.);
#9366=ORIENTED_EDGE('',*,*,#7247,.F.);
#9367=ORIENTED_EDGE('',*,*,#7246,.T.);
#9368=ORIENTED_EDGE('',*,*,#7248,.F.);
#9369=ORIENTED_EDGE('',*,*,#7249,.F.);
#9370=ORIENTED_EDGE('',*,*,#7250,.F.);
#9371=ORIENTED_EDGE('',*,*,#7249,.T.);
#9372=ORIENTED_EDGE('',*,*,#7251,.F.);
#9373=ORIENTED_EDGE('',*,*,#7252,.T.);
#9374=ORIENTED_EDGE('',*,*,#7253,.F.);
#9375=ORIENTED_EDGE('',*,*,#7254,.T.);
#9376=ORIENTED_EDGE('',*,*,#7255,.F.);
#9377=ORIENTED_EDGE('',*,*,#7241,.F.);
#9378=ORIENTED_EDGE('',*,*,#7256,.F.);
#9379=ORIENTED_EDGE('',*,*,#7252,.F.);
#9380=ORIENTED_EDGE('',*,*,#7257,.F.);
#9381=ORIENTED_EDGE('',*,*,#7254,.F.);
#9382=ORIENTED_EDGE('',*,*,#7258,.F.);
#9383=ORIENTED_EDGE('',*,*,#7259,.T.);
#9384=ORIENTED_EDGE('',*,*,#7260,.F.);
#9385=ORIENTED_EDGE('',*,*,#7261,.F.);
#9386=ORIENTED_EDGE('',*,*,#7262,.F.);
#9387=ORIENTED_EDGE('',*,*,#7261,.T.);
#9388=ORIENTED_EDGE('',*,*,#7263,.F.);
#9389=ORIENTED_EDGE('',*,*,#7264,.F.);
#9390=ORIENTED_EDGE('',*,*,#7265,.F.);
#9391=ORIENTED_EDGE('',*,*,#7264,.T.);
#9392=ORIENTED_EDGE('',*,*,#7266,.F.);
#9393=ORIENTED_EDGE('',*,*,#7267,.F.);
#9394=ORIENTED_EDGE('',*,*,#7268,.F.);
#9395=ORIENTED_EDGE('',*,*,#7267,.T.);
#9396=ORIENTED_EDGE('',*,*,#7269,.F.);
#9397=ORIENTED_EDGE('',*,*,#7270,.T.);
#9398=ORIENTED_EDGE('',*,*,#7271,.F.);
#9399=ORIENTED_EDGE('',*,*,#7272,.T.);
#9400=ORIENTED_EDGE('',*,*,#7273,.F.);
#9401=ORIENTED_EDGE('',*,*,#7259,.F.);
#9402=ORIENTED_EDGE('',*,*,#7274,.F.);
#9403=ORIENTED_EDGE('',*,*,#7270,.F.);
#9404=ORIENTED_EDGE('',*,*,#7275,.F.);
#9405=ORIENTED_EDGE('',*,*,#7272,.F.);
#9406=ORIENTED_EDGE('',*,*,#7276,.F.);
#9407=ORIENTED_EDGE('',*,*,#7277,.T.);
#9408=ORIENTED_EDGE('',*,*,#7278,.F.);
#9409=ORIENTED_EDGE('',*,*,#7279,.F.);
#9410=ORIENTED_EDGE('',*,*,#7280,.F.);
#9411=ORIENTED_EDGE('',*,*,#7279,.T.);
#9412=ORIENTED_EDGE('',*,*,#7281,.F.);
#9413=ORIENTED_EDGE('',*,*,#7282,.F.);
#9414=ORIENTED_EDGE('',*,*,#7283,.F.);
#9415=ORIENTED_EDGE('',*,*,#7282,.T.);
#9416=ORIENTED_EDGE('',*,*,#7284,.F.);
#9417=ORIENTED_EDGE('',*,*,#7285,.F.);
#9418=ORIENTED_EDGE('',*,*,#7286,.F.);
#9419=ORIENTED_EDGE('',*,*,#7285,.T.);
#9420=ORIENTED_EDGE('',*,*,#7287,.F.);
#9421=ORIENTED_EDGE('',*,*,#7288,.T.);
#9422=ORIENTED_EDGE('',*,*,#7289,.F.);
#9423=ORIENTED_EDGE('',*,*,#7290,.T.);
#9424=ORIENTED_EDGE('',*,*,#7291,.F.);
#9425=ORIENTED_EDGE('',*,*,#7277,.F.);
#9426=ORIENTED_EDGE('',*,*,#7292,.F.);
#9427=ORIENTED_EDGE('',*,*,#7288,.F.);
#9428=ORIENTED_EDGE('',*,*,#7293,.F.);
#9429=ORIENTED_EDGE('',*,*,#7290,.F.);
#9430=ORIENTED_EDGE('',*,*,#7294,.F.);
#9431=ORIENTED_EDGE('',*,*,#7295,.T.);
#9432=ORIENTED_EDGE('',*,*,#7296,.F.);
#9433=ORIENTED_EDGE('',*,*,#7297,.F.);
#9434=ORIENTED_EDGE('',*,*,#7298,.F.);
#9435=ORIENTED_EDGE('',*,*,#7297,.T.);
#9436=ORIENTED_EDGE('',*,*,#7299,.F.);
#9437=ORIENTED_EDGE('',*,*,#7300,.F.);
#9438=ORIENTED_EDGE('',*,*,#7301,.F.);
#9439=ORIENTED_EDGE('',*,*,#7300,.T.);
#9440=ORIENTED_EDGE('',*,*,#7302,.F.);
#9441=ORIENTED_EDGE('',*,*,#7303,.F.);
#9442=ORIENTED_EDGE('',*,*,#7304,.F.);
#9443=ORIENTED_EDGE('',*,*,#7303,.T.);
#9444=ORIENTED_EDGE('',*,*,#7305,.F.);
#9445=ORIENTED_EDGE('',*,*,#7306,.T.);
#9446=ORIENTED_EDGE('',*,*,#7307,.F.);
#9447=ORIENTED_EDGE('',*,*,#7308,.T.);
#9448=ORIENTED_EDGE('',*,*,#7309,.F.);
#9449=ORIENTED_EDGE('',*,*,#7295,.F.);
#9450=ORIENTED_EDGE('',*,*,#7310,.F.);
#9451=ORIENTED_EDGE('',*,*,#7306,.F.);
#9452=ORIENTED_EDGE('',*,*,#7311,.F.);
#9453=ORIENTED_EDGE('',*,*,#7308,.F.);
#9454=ORIENTED_EDGE('',*,*,#7312,.F.);
#9455=ORIENTED_EDGE('',*,*,#7313,.T.);
#9456=ORIENTED_EDGE('',*,*,#7314,.F.);
#9457=ORIENTED_EDGE('',*,*,#7315,.F.);
#9458=ORIENTED_EDGE('',*,*,#7316,.F.);
#9459=ORIENTED_EDGE('',*,*,#7315,.T.);
#9460=ORIENTED_EDGE('',*,*,#7317,.F.);
#9461=ORIENTED_EDGE('',*,*,#7318,.F.);
#9462=ORIENTED_EDGE('',*,*,#7319,.F.);
#9463=ORIENTED_EDGE('',*,*,#7318,.T.);
#9464=ORIENTED_EDGE('',*,*,#7320,.F.);
#9465=ORIENTED_EDGE('',*,*,#7321,.F.);
#9466=ORIENTED_EDGE('',*,*,#7322,.F.);
#9467=ORIENTED_EDGE('',*,*,#7321,.T.);
#9468=ORIENTED_EDGE('',*,*,#7323,.F.);
#9469=ORIENTED_EDGE('',*,*,#7324,.T.);
#9470=ORIENTED_EDGE('',*,*,#7325,.F.);
#9471=ORIENTED_EDGE('',*,*,#7326,.T.);
#9472=ORIENTED_EDGE('',*,*,#7327,.F.);
#9473=ORIENTED_EDGE('',*,*,#7313,.F.);
#9474=ORIENTED_EDGE('',*,*,#7328,.F.);
#9475=ORIENTED_EDGE('',*,*,#7324,.F.);
#9476=ORIENTED_EDGE('',*,*,#7329,.F.);
#9477=ORIENTED_EDGE('',*,*,#7326,.F.);
#9478=ORIENTED_EDGE('',*,*,#7330,.F.);
#9479=ORIENTED_EDGE('',*,*,#7331,.T.);
#9480=ORIENTED_EDGE('',*,*,#7332,.F.);
#9481=ORIENTED_EDGE('',*,*,#7333,.F.);
#9482=ORIENTED_EDGE('',*,*,#7334,.F.);
#9483=ORIENTED_EDGE('',*,*,#7333,.T.);
#9484=ORIENTED_EDGE('',*,*,#7335,.F.);
#9485=ORIENTED_EDGE('',*,*,#7336,.F.);
#9486=ORIENTED_EDGE('',*,*,#7337,.F.);
#9487=ORIENTED_EDGE('',*,*,#7336,.T.);
#9488=ORIENTED_EDGE('',*,*,#7338,.F.);
#9489=ORIENTED_EDGE('',*,*,#7339,.F.);
#9490=ORIENTED_EDGE('',*,*,#7340,.F.);
#9491=ORIENTED_EDGE('',*,*,#7339,.T.);
#9492=ORIENTED_EDGE('',*,*,#7341,.F.);
#9493=ORIENTED_EDGE('',*,*,#7342,.T.);
#9494=ORIENTED_EDGE('',*,*,#7343,.F.);
#9495=ORIENTED_EDGE('',*,*,#7344,.T.);
#9496=ORIENTED_EDGE('',*,*,#7345,.F.);
#9497=ORIENTED_EDGE('',*,*,#7331,.F.);
#9498=ORIENTED_EDGE('',*,*,#7346,.F.);
#9499=ORIENTED_EDGE('',*,*,#7342,.F.);
#9500=ORIENTED_EDGE('',*,*,#7347,.F.);
#9501=ORIENTED_EDGE('',*,*,#7344,.F.);
#9502=ORIENTED_EDGE('',*,*,#7348,.F.);
#9503=ORIENTED_EDGE('',*,*,#7349,.T.);
#9504=ORIENTED_EDGE('',*,*,#7350,.F.);
#9505=ORIENTED_EDGE('',*,*,#7351,.F.);
#9506=ORIENTED_EDGE('',*,*,#7352,.F.);
#9507=ORIENTED_EDGE('',*,*,#7351,.T.);
#9508=ORIENTED_EDGE('',*,*,#7353,.F.);
#9509=ORIENTED_EDGE('',*,*,#7354,.F.);
#9510=ORIENTED_EDGE('',*,*,#7355,.F.);
#9511=ORIENTED_EDGE('',*,*,#7354,.T.);
#9512=ORIENTED_EDGE('',*,*,#7356,.F.);
#9513=ORIENTED_EDGE('',*,*,#7357,.F.);
#9514=ORIENTED_EDGE('',*,*,#7358,.F.);
#9515=ORIENTED_EDGE('',*,*,#7357,.T.);
#9516=ORIENTED_EDGE('',*,*,#7359,.F.);
#9517=ORIENTED_EDGE('',*,*,#7360,.T.);
#9518=ORIENTED_EDGE('',*,*,#7361,.F.);
#9519=ORIENTED_EDGE('',*,*,#7362,.T.);
#9520=ORIENTED_EDGE('',*,*,#7363,.F.);
#9521=ORIENTED_EDGE('',*,*,#7349,.F.);
#9522=ORIENTED_EDGE('',*,*,#7364,.F.);
#9523=ORIENTED_EDGE('',*,*,#7360,.F.);
#9524=ORIENTED_EDGE('',*,*,#7365,.F.);
#9525=ORIENTED_EDGE('',*,*,#7362,.F.);
#9526=ORIENTED_EDGE('',*,*,#7366,.F.);
#9527=ORIENTED_EDGE('',*,*,#7367,.T.);
#9528=ORIENTED_EDGE('',*,*,#7368,.F.);
#9529=ORIENTED_EDGE('',*,*,#7369,.F.);
#9530=ORIENTED_EDGE('',*,*,#7370,.F.);
#9531=ORIENTED_EDGE('',*,*,#7369,.T.);
#9532=ORIENTED_EDGE('',*,*,#7371,.F.);
#9533=ORIENTED_EDGE('',*,*,#7372,.F.);
#9534=ORIENTED_EDGE('',*,*,#7373,.F.);
#9535=ORIENTED_EDGE('',*,*,#7372,.T.);
#9536=ORIENTED_EDGE('',*,*,#7374,.F.);
#9537=ORIENTED_EDGE('',*,*,#7375,.F.);
#9538=ORIENTED_EDGE('',*,*,#7376,.F.);
#9539=ORIENTED_EDGE('',*,*,#7375,.T.);
#9540=ORIENTED_EDGE('',*,*,#7377,.F.);
#9541=ORIENTED_EDGE('',*,*,#7378,.T.);
#9542=ORIENTED_EDGE('',*,*,#7379,.F.);
#9543=ORIENTED_EDGE('',*,*,#7380,.T.);
#9544=ORIENTED_EDGE('',*,*,#7381,.F.);
#9545=ORIENTED_EDGE('',*,*,#7367,.F.);
#9546=ORIENTED_EDGE('',*,*,#7382,.F.);
#9547=ORIENTED_EDGE('',*,*,#7378,.F.);
#9548=ORIENTED_EDGE('',*,*,#7383,.F.);
#9549=ORIENTED_EDGE('',*,*,#7380,.F.);
#9550=ORIENTED_EDGE('',*,*,#7384,.F.);
#9551=ORIENTED_EDGE('',*,*,#7385,.T.);
#9552=ORIENTED_EDGE('',*,*,#7386,.F.);
#9553=ORIENTED_EDGE('',*,*,#7387,.F.);
#9554=ORIENTED_EDGE('',*,*,#7388,.F.);
#9555=ORIENTED_EDGE('',*,*,#7387,.T.);
#9556=ORIENTED_EDGE('',*,*,#7389,.F.);
#9557=ORIENTED_EDGE('',*,*,#7390,.F.);
#9558=ORIENTED_EDGE('',*,*,#7391,.F.);
#9559=ORIENTED_EDGE('',*,*,#7390,.T.);
#9560=ORIENTED_EDGE('',*,*,#7392,.F.);
#9561=ORIENTED_EDGE('',*,*,#7393,.F.);
#9562=ORIENTED_EDGE('',*,*,#7394,.F.);
#9563=ORIENTED_EDGE('',*,*,#7393,.T.);
#9564=ORIENTED_EDGE('',*,*,#7395,.F.);
#9565=ORIENTED_EDGE('',*,*,#7396,.T.);
#9566=ORIENTED_EDGE('',*,*,#7397,.F.);
#9567=ORIENTED_EDGE('',*,*,#7398,.T.);
#9568=ORIENTED_EDGE('',*,*,#7399,.F.);
#9569=ORIENTED_EDGE('',*,*,#7385,.F.);
#9570=ORIENTED_EDGE('',*,*,#7400,.F.);
#9571=ORIENTED_EDGE('',*,*,#7396,.F.);
#9572=ORIENTED_EDGE('',*,*,#7401,.F.);
#9573=ORIENTED_EDGE('',*,*,#7398,.F.);
#9574=ORIENTED_EDGE('',*,*,#7402,.F.);
#9575=ORIENTED_EDGE('',*,*,#7403,.T.);
#9576=ORIENTED_EDGE('',*,*,#7404,.F.);
#9577=ORIENTED_EDGE('',*,*,#7405,.F.);
#9578=ORIENTED_EDGE('',*,*,#7406,.F.);
#9579=ORIENTED_EDGE('',*,*,#7405,.T.);
#9580=ORIENTED_EDGE('',*,*,#7407,.F.);
#9581=ORIENTED_EDGE('',*,*,#7408,.F.);
#9582=ORIENTED_EDGE('',*,*,#7409,.F.);
#9583=ORIENTED_EDGE('',*,*,#7408,.T.);
#9584=ORIENTED_EDGE('',*,*,#7410,.F.);
#9585=ORIENTED_EDGE('',*,*,#7411,.F.);
#9586=ORIENTED_EDGE('',*,*,#7412,.F.);
#9587=ORIENTED_EDGE('',*,*,#7411,.T.);
#9588=ORIENTED_EDGE('',*,*,#7413,.F.);
#9589=ORIENTED_EDGE('',*,*,#7414,.T.);
#9590=ORIENTED_EDGE('',*,*,#7415,.F.);
#9591=ORIENTED_EDGE('',*,*,#7416,.T.);
#9592=ORIENTED_EDGE('',*,*,#7417,.F.);
#9593=ORIENTED_EDGE('',*,*,#7403,.F.);
#9594=ORIENTED_EDGE('',*,*,#7418,.F.);
#9595=ORIENTED_EDGE('',*,*,#7414,.F.);
#9596=ORIENTED_EDGE('',*,*,#7419,.F.);
#9597=ORIENTED_EDGE('',*,*,#7416,.F.);
#9598=ORIENTED_EDGE('',*,*,#7420,.F.);
#9599=ORIENTED_EDGE('',*,*,#7421,.T.);
#9600=ORIENTED_EDGE('',*,*,#7422,.F.);
#9601=ORIENTED_EDGE('',*,*,#7423,.F.);
#9602=ORIENTED_EDGE('',*,*,#7424,.F.);
#9603=ORIENTED_EDGE('',*,*,#7423,.T.);
#9604=ORIENTED_EDGE('',*,*,#7425,.F.);
#9605=ORIENTED_EDGE('',*,*,#7426,.F.);
#9606=ORIENTED_EDGE('',*,*,#7427,.F.);
#9607=ORIENTED_EDGE('',*,*,#7426,.T.);
#9608=ORIENTED_EDGE('',*,*,#7428,.F.);
#9609=ORIENTED_EDGE('',*,*,#7429,.F.);
#9610=ORIENTED_EDGE('',*,*,#7430,.F.);
#9611=ORIENTED_EDGE('',*,*,#7429,.T.);
#9612=ORIENTED_EDGE('',*,*,#7431,.F.);
#9613=ORIENTED_EDGE('',*,*,#7432,.T.);
#9614=ORIENTED_EDGE('',*,*,#7433,.F.);
#9615=ORIENTED_EDGE('',*,*,#7434,.T.);
#9616=ORIENTED_EDGE('',*,*,#7435,.F.);
#9617=ORIENTED_EDGE('',*,*,#7421,.F.);
#9618=ORIENTED_EDGE('',*,*,#7436,.F.);
#9619=ORIENTED_EDGE('',*,*,#7432,.F.);
#9620=ORIENTED_EDGE('',*,*,#7437,.F.);
#9621=ORIENTED_EDGE('',*,*,#7434,.F.);
#9622=ORIENTED_EDGE('',*,*,#7438,.F.);
#9623=ORIENTED_EDGE('',*,*,#7439,.T.);
#9624=ORIENTED_EDGE('',*,*,#7440,.F.);
#9625=ORIENTED_EDGE('',*,*,#7441,.F.);
#9626=ORIENTED_EDGE('',*,*,#7442,.F.);
#9627=ORIENTED_EDGE('',*,*,#7441,.T.);
#9628=ORIENTED_EDGE('',*,*,#7443,.F.);
#9629=ORIENTED_EDGE('',*,*,#7444,.F.);
#9630=ORIENTED_EDGE('',*,*,#7445,.F.);
#9631=ORIENTED_EDGE('',*,*,#7444,.T.);
#9632=ORIENTED_EDGE('',*,*,#7446,.F.);
#9633=ORIENTED_EDGE('',*,*,#7447,.F.);
#9634=ORIENTED_EDGE('',*,*,#7448,.F.);
#9635=ORIENTED_EDGE('',*,*,#7447,.T.);
#9636=ORIENTED_EDGE('',*,*,#7449,.F.);
#9637=ORIENTED_EDGE('',*,*,#7450,.T.);
#9638=ORIENTED_EDGE('',*,*,#7451,.F.);
#9639=ORIENTED_EDGE('',*,*,#7452,.T.);
#9640=ORIENTED_EDGE('',*,*,#7453,.F.);
#9641=ORIENTED_EDGE('',*,*,#7439,.F.);
#9642=ORIENTED_EDGE('',*,*,#7454,.F.);
#9643=ORIENTED_EDGE('',*,*,#7450,.F.);
#9644=ORIENTED_EDGE('',*,*,#7455,.F.);
#9645=ORIENTED_EDGE('',*,*,#7452,.F.);
#9646=ORIENTED_EDGE('',*,*,#7456,.F.);
#9647=ORIENTED_EDGE('',*,*,#7457,.T.);
#9648=ORIENTED_EDGE('',*,*,#7458,.F.);
#9649=ORIENTED_EDGE('',*,*,#7459,.F.);
#9650=ORIENTED_EDGE('',*,*,#7460,.F.);
#9651=ORIENTED_EDGE('',*,*,#7459,.T.);
#9652=ORIENTED_EDGE('',*,*,#7461,.F.);
#9653=ORIENTED_EDGE('',*,*,#7462,.F.);
#9654=ORIENTED_EDGE('',*,*,#7463,.F.);
#9655=ORIENTED_EDGE('',*,*,#7462,.T.);
#9656=ORIENTED_EDGE('',*,*,#7464,.F.);
#9657=ORIENTED_EDGE('',*,*,#7465,.F.);
#9658=ORIENTED_EDGE('',*,*,#7466,.F.);
#9659=ORIENTED_EDGE('',*,*,#7465,.T.);
#9660=ORIENTED_EDGE('',*,*,#7467,.F.);
#9661=ORIENTED_EDGE('',*,*,#7468,.T.);
#9662=ORIENTED_EDGE('',*,*,#7469,.F.);
#9663=ORIENTED_EDGE('',*,*,#7470,.T.);
#9664=ORIENTED_EDGE('',*,*,#7471,.F.);
#9665=ORIENTED_EDGE('',*,*,#7457,.F.);
#9666=ORIENTED_EDGE('',*,*,#7472,.F.);
#9667=ORIENTED_EDGE('',*,*,#7468,.F.);
#9668=ORIENTED_EDGE('',*,*,#7473,.F.);
#9669=ORIENTED_EDGE('',*,*,#7470,.F.);
#9670=ORIENTED_EDGE('',*,*,#7474,.F.);
#9671=ORIENTED_EDGE('',*,*,#7475,.T.);
#9672=ORIENTED_EDGE('',*,*,#7476,.F.);
#9673=ORIENTED_EDGE('',*,*,#7477,.F.);
#9674=ORIENTED_EDGE('',*,*,#7478,.F.);
#9675=ORIENTED_EDGE('',*,*,#7477,.T.);
#9676=ORIENTED_EDGE('',*,*,#7479,.F.);
#9677=ORIENTED_EDGE('',*,*,#7480,.F.);
#9678=ORIENTED_EDGE('',*,*,#7481,.F.);
#9679=ORIENTED_EDGE('',*,*,#7480,.T.);
#9680=ORIENTED_EDGE('',*,*,#7482,.F.);
#9681=ORIENTED_EDGE('',*,*,#7483,.F.);
#9682=ORIENTED_EDGE('',*,*,#7484,.F.);
#9683=ORIENTED_EDGE('',*,*,#7483,.T.);
#9684=ORIENTED_EDGE('',*,*,#7485,.F.);
#9685=ORIENTED_EDGE('',*,*,#7486,.T.);
#9686=ORIENTED_EDGE('',*,*,#7487,.F.);
#9687=ORIENTED_EDGE('',*,*,#7488,.T.);
#9688=ORIENTED_EDGE('',*,*,#7489,.F.);
#9689=ORIENTED_EDGE('',*,*,#7475,.F.);
#9690=ORIENTED_EDGE('',*,*,#7490,.F.);
#9691=ORIENTED_EDGE('',*,*,#7486,.F.);
#9692=ORIENTED_EDGE('',*,*,#7491,.F.);
#9693=ORIENTED_EDGE('',*,*,#7488,.F.);
#9694=ORIENTED_EDGE('',*,*,#7492,.F.);
#9695=ORIENTED_EDGE('',*,*,#7493,.T.);
#9696=ORIENTED_EDGE('',*,*,#7494,.F.);
#9697=ORIENTED_EDGE('',*,*,#7495,.F.);
#9698=ORIENTED_EDGE('',*,*,#7496,.F.);
#9699=ORIENTED_EDGE('',*,*,#7495,.T.);
#9700=ORIENTED_EDGE('',*,*,#7497,.F.);
#9701=ORIENTED_EDGE('',*,*,#7498,.F.);
#9702=ORIENTED_EDGE('',*,*,#7499,.F.);
#9703=ORIENTED_EDGE('',*,*,#7498,.T.);
#9704=ORIENTED_EDGE('',*,*,#7500,.F.);
#9705=ORIENTED_EDGE('',*,*,#7501,.F.);
#9706=ORIENTED_EDGE('',*,*,#7502,.F.);
#9707=ORIENTED_EDGE('',*,*,#7501,.T.);
#9708=ORIENTED_EDGE('',*,*,#7503,.F.);
#9709=ORIENTED_EDGE('',*,*,#7504,.T.);
#9710=ORIENTED_EDGE('',*,*,#7505,.F.);
#9711=ORIENTED_EDGE('',*,*,#7506,.T.);
#9712=ORIENTED_EDGE('',*,*,#7507,.F.);
#9713=ORIENTED_EDGE('',*,*,#7493,.F.);
#9714=ORIENTED_EDGE('',*,*,#7508,.F.);
#9715=ORIENTED_EDGE('',*,*,#7504,.F.);
#9716=ORIENTED_EDGE('',*,*,#7509,.F.);
#9717=ORIENTED_EDGE('',*,*,#7506,.F.);
#9718=ORIENTED_EDGE('',*,*,#7510,.F.);
#9719=ORIENTED_EDGE('',*,*,#7511,.T.);
#9720=ORIENTED_EDGE('',*,*,#7512,.F.);
#9721=ORIENTED_EDGE('',*,*,#7513,.F.);
#9722=ORIENTED_EDGE('',*,*,#7514,.F.);
#9723=ORIENTED_EDGE('',*,*,#7513,.T.);
#9724=ORIENTED_EDGE('',*,*,#7515,.F.);
#9725=ORIENTED_EDGE('',*,*,#7516,.F.);
#9726=ORIENTED_EDGE('',*,*,#7517,.F.);
#9727=ORIENTED_EDGE('',*,*,#7516,.T.);
#9728=ORIENTED_EDGE('',*,*,#7518,.F.);
#9729=ORIENTED_EDGE('',*,*,#7519,.F.);
#9730=ORIENTED_EDGE('',*,*,#7520,.F.);
#9731=ORIENTED_EDGE('',*,*,#7519,.T.);
#9732=ORIENTED_EDGE('',*,*,#7521,.F.);
#9733=ORIENTED_EDGE('',*,*,#7522,.T.);
#9734=ORIENTED_EDGE('',*,*,#7523,.F.);
#9735=ORIENTED_EDGE('',*,*,#7524,.T.);
#9736=ORIENTED_EDGE('',*,*,#7525,.F.);
#9737=ORIENTED_EDGE('',*,*,#7511,.F.);
#9738=ORIENTED_EDGE('',*,*,#7526,.F.);
#9739=ORIENTED_EDGE('',*,*,#7522,.F.);
#9740=ORIENTED_EDGE('',*,*,#7527,.F.);
#9741=ORIENTED_EDGE('',*,*,#7524,.F.);
#9742=ORIENTED_EDGE('',*,*,#7528,.F.);
#9743=ORIENTED_EDGE('',*,*,#7529,.F.);
#9744=ORIENTED_EDGE('',*,*,#7530,.F.);
#9745=ORIENTED_EDGE('',*,*,#7531,.T.);
#9746=ORIENTED_EDGE('',*,*,#7532,.F.);
#9747=ORIENTED_EDGE('',*,*,#7531,.F.);
#9748=ORIENTED_EDGE('',*,*,#7533,.F.);
#9749=ORIENTED_EDGE('',*,*,#7534,.T.);
#9750=ORIENTED_EDGE('',*,*,#7535,.F.);
#9751=ORIENTED_EDGE('',*,*,#7534,.F.);
#9752=ORIENTED_EDGE('',*,*,#7536,.F.);
#9753=ORIENTED_EDGE('',*,*,#7537,.F.);
#9754=ORIENTED_EDGE('',*,*,#7538,.F.);
#9755=ORIENTED_EDGE('',*,*,#7537,.T.);
#9756=ORIENTED_EDGE('',*,*,#7539,.F.);
#9757=ORIENTED_EDGE('',*,*,#7540,.T.);
#9758=ORIENTED_EDGE('',*,*,#7541,.F.);
#9759=ORIENTED_EDGE('',*,*,#7540,.F.);
#9760=ORIENTED_EDGE('',*,*,#7542,.F.);
#9761=ORIENTED_EDGE('',*,*,#7543,.T.);
#9762=ORIENTED_EDGE('',*,*,#7544,.F.);
#9763=ORIENTED_EDGE('',*,*,#7543,.F.);
#9764=ORIENTED_EDGE('',*,*,#7545,.F.);
#9765=ORIENTED_EDGE('',*,*,#7529,.T.);
#9766=ORIENTED_EDGE('',*,*,#7546,.F.);
#9767=ORIENTED_EDGE('',*,*,#7547,.F.);
#9768=ORIENTED_EDGE('',*,*,#7548,.F.);
#9769=ORIENTED_EDGE('',*,*,#7549,.T.);
#9770=ORIENTED_EDGE('',*,*,#7550,.F.);
#9771=ORIENTED_EDGE('',*,*,#7549,.F.);
#9772=ORIENTED_EDGE('',*,*,#7551,.F.);
#9773=ORIENTED_EDGE('',*,*,#7552,.T.);
#9774=ORIENTED_EDGE('',*,*,#7553,.F.);
#9775=ORIENTED_EDGE('',*,*,#7552,.F.);
#9776=ORIENTED_EDGE('',*,*,#7554,.F.);
#9777=ORIENTED_EDGE('',*,*,#7555,.F.);
#9778=ORIENTED_EDGE('',*,*,#7556,.F.);
#9779=ORIENTED_EDGE('',*,*,#7555,.T.);
#9780=ORIENTED_EDGE('',*,*,#7557,.F.);
#9781=ORIENTED_EDGE('',*,*,#7558,.T.);
#9782=ORIENTED_EDGE('',*,*,#7559,.F.);
#9783=ORIENTED_EDGE('',*,*,#7558,.F.);
#9784=ORIENTED_EDGE('',*,*,#7560,.F.);
#9785=ORIENTED_EDGE('',*,*,#7561,.T.);
#9786=ORIENTED_EDGE('',*,*,#7562,.F.);
#9787=ORIENTED_EDGE('',*,*,#7561,.F.);
#9788=ORIENTED_EDGE('',*,*,#7563,.F.);
#9789=ORIENTED_EDGE('',*,*,#7547,.T.);
#9790=ORIENTED_EDGE('',*,*,#7564,.F.);
#9791=ORIENTED_EDGE('',*,*,#7565,.F.);
#9792=ORIENTED_EDGE('',*,*,#7566,.F.);
#9793=ORIENTED_EDGE('',*,*,#7567,.T.);
#9794=ORIENTED_EDGE('',*,*,#7568,.F.);
#9795=ORIENTED_EDGE('',*,*,#7567,.F.);
#9796=ORIENTED_EDGE('',*,*,#7569,.F.);
#9797=ORIENTED_EDGE('',*,*,#7570,.T.);
#9798=ORIENTED_EDGE('',*,*,#7571,.F.);
#9799=ORIENTED_EDGE('',*,*,#7570,.F.);
#9800=ORIENTED_EDGE('',*,*,#7572,.F.);
#9801=ORIENTED_EDGE('',*,*,#7573,.F.);
#9802=ORIENTED_EDGE('',*,*,#7574,.F.);
#9803=ORIENTED_EDGE('',*,*,#7573,.T.);
#9804=ORIENTED_EDGE('',*,*,#7575,.F.);
#9805=ORIENTED_EDGE('',*,*,#7576,.T.);
#9806=ORIENTED_EDGE('',*,*,#7577,.F.);
#9807=ORIENTED_EDGE('',*,*,#7576,.F.);
#9808=ORIENTED_EDGE('',*,*,#7578,.F.);
#9809=ORIENTED_EDGE('',*,*,#7579,.T.);
#9810=ORIENTED_EDGE('',*,*,#7580,.F.);
#9811=ORIENTED_EDGE('',*,*,#7579,.F.);
#9812=ORIENTED_EDGE('',*,*,#7581,.F.);
#9813=ORIENTED_EDGE('',*,*,#7565,.T.);
#9814=ORIENTED_EDGE('',*,*,#7582,.F.);
#9815=ORIENTED_EDGE('',*,*,#7583,.F.);
#9816=ORIENTED_EDGE('',*,*,#7584,.F.);
#9817=ORIENTED_EDGE('',*,*,#7585,.T.);
#9818=ORIENTED_EDGE('',*,*,#7586,.F.);
#9819=ORIENTED_EDGE('',*,*,#7585,.F.);
#9820=ORIENTED_EDGE('',*,*,#7587,.F.);
#9821=ORIENTED_EDGE('',*,*,#7588,.T.);
#9822=ORIENTED_EDGE('',*,*,#7589,.F.);
#9823=ORIENTED_EDGE('',*,*,#7588,.F.);
#9824=ORIENTED_EDGE('',*,*,#7590,.F.);
#9825=ORIENTED_EDGE('',*,*,#7591,.F.);
#9826=ORIENTED_EDGE('',*,*,#7592,.F.);
#9827=ORIENTED_EDGE('',*,*,#7591,.T.);
#9828=ORIENTED_EDGE('',*,*,#7593,.F.);
#9829=ORIENTED_EDGE('',*,*,#7594,.T.);
#9830=ORIENTED_EDGE('',*,*,#7595,.F.);
#9831=ORIENTED_EDGE('',*,*,#7594,.F.);
#9832=ORIENTED_EDGE('',*,*,#7596,.F.);
#9833=ORIENTED_EDGE('',*,*,#7597,.T.);
#9834=ORIENTED_EDGE('',*,*,#7598,.F.);
#9835=ORIENTED_EDGE('',*,*,#7597,.F.);
#9836=ORIENTED_EDGE('',*,*,#7599,.F.);
#9837=ORIENTED_EDGE('',*,*,#7583,.T.);
#9838=ORIENTED_EDGE('',*,*,#7600,.F.);
#9839=ORIENTED_EDGE('',*,*,#7601,.F.);
#9840=ORIENTED_EDGE('',*,*,#7602,.F.);
#9841=ORIENTED_EDGE('',*,*,#7603,.T.);
#9842=ORIENTED_EDGE('',*,*,#7604,.F.);
#9843=ORIENTED_EDGE('',*,*,#7603,.F.);
#9844=ORIENTED_EDGE('',*,*,#7605,.F.);
#9845=ORIENTED_EDGE('',*,*,#7606,.T.);
#9846=ORIENTED_EDGE('',*,*,#7607,.F.);
#9847=ORIENTED_EDGE('',*,*,#7606,.F.);
#9848=ORIENTED_EDGE('',*,*,#7608,.F.);
#9849=ORIENTED_EDGE('',*,*,#7609,.F.);
#9850=ORIENTED_EDGE('',*,*,#7610,.F.);
#9851=ORIENTED_EDGE('',*,*,#7609,.T.);
#9852=ORIENTED_EDGE('',*,*,#7611,.F.);
#9853=ORIENTED_EDGE('',*,*,#7612,.T.);
#9854=ORIENTED_EDGE('',*,*,#7613,.F.);
#9855=ORIENTED_EDGE('',*,*,#7612,.F.);
#9856=ORIENTED_EDGE('',*,*,#7614,.F.);
#9857=ORIENTED_EDGE('',*,*,#7615,.T.);
#9858=ORIENTED_EDGE('',*,*,#7616,.F.);
#9859=ORIENTED_EDGE('',*,*,#7615,.F.);
#9860=ORIENTED_EDGE('',*,*,#7617,.F.);
#9861=ORIENTED_EDGE('',*,*,#7601,.T.);
#9862=ORIENTED_EDGE('',*,*,#7618,.F.);
#9863=ORIENTED_EDGE('',*,*,#7619,.F.);
#9864=ORIENTED_EDGE('',*,*,#7620,.F.);
#9865=ORIENTED_EDGE('',*,*,#7621,.T.);
#9866=ORIENTED_EDGE('',*,*,#7622,.F.);
#9867=ORIENTED_EDGE('',*,*,#7621,.F.);
#9868=ORIENTED_EDGE('',*,*,#7623,.F.);
#9869=ORIENTED_EDGE('',*,*,#7624,.T.);
#9870=ORIENTED_EDGE('',*,*,#7625,.F.);
#9871=ORIENTED_EDGE('',*,*,#7624,.F.);
#9872=ORIENTED_EDGE('',*,*,#7626,.F.);
#9873=ORIENTED_EDGE('',*,*,#7627,.F.);
#9874=ORIENTED_EDGE('',*,*,#7628,.F.);
#9875=ORIENTED_EDGE('',*,*,#7627,.T.);
#9876=ORIENTED_EDGE('',*,*,#7629,.F.);
#9877=ORIENTED_EDGE('',*,*,#7630,.T.);
#9878=ORIENTED_EDGE('',*,*,#7631,.F.);
#9879=ORIENTED_EDGE('',*,*,#7630,.F.);
#9880=ORIENTED_EDGE('',*,*,#7632,.F.);
#9881=ORIENTED_EDGE('',*,*,#7633,.T.);
#9882=ORIENTED_EDGE('',*,*,#7634,.F.);
#9883=ORIENTED_EDGE('',*,*,#7633,.F.);
#9884=ORIENTED_EDGE('',*,*,#7635,.F.);
#9885=ORIENTED_EDGE('',*,*,#7619,.T.);
#9886=ORIENTED_EDGE('',*,*,#7636,.F.);
#9887=ORIENTED_EDGE('',*,*,#7637,.F.);
#9888=ORIENTED_EDGE('',*,*,#7638,.F.);
#9889=ORIENTED_EDGE('',*,*,#7639,.T.);
#9890=ORIENTED_EDGE('',*,*,#7640,.F.);
#9891=ORIENTED_EDGE('',*,*,#7639,.F.);
#9892=ORIENTED_EDGE('',*,*,#7641,.F.);
#9893=ORIENTED_EDGE('',*,*,#7642,.T.);
#9894=ORIENTED_EDGE('',*,*,#7643,.F.);
#9895=ORIENTED_EDGE('',*,*,#7642,.F.);
#9896=ORIENTED_EDGE('',*,*,#7644,.F.);
#9897=ORIENTED_EDGE('',*,*,#7645,.F.);
#9898=ORIENTED_EDGE('',*,*,#7646,.F.);
#9899=ORIENTED_EDGE('',*,*,#7645,.T.);
#9900=ORIENTED_EDGE('',*,*,#7647,.F.);
#9901=ORIENTED_EDGE('',*,*,#7648,.T.);
#9902=ORIENTED_EDGE('',*,*,#7649,.F.);
#9903=ORIENTED_EDGE('',*,*,#7648,.F.);
#9904=ORIENTED_EDGE('',*,*,#7650,.F.);
#9905=ORIENTED_EDGE('',*,*,#7651,.T.);
#9906=ORIENTED_EDGE('',*,*,#7652,.F.);
#9907=ORIENTED_EDGE('',*,*,#7651,.F.);
#9908=ORIENTED_EDGE('',*,*,#7653,.F.);
#9909=ORIENTED_EDGE('',*,*,#7637,.T.);
#9910=ORIENTED_EDGE('',*,*,#7654,.F.);
#9911=ORIENTED_EDGE('',*,*,#7655,.F.);
#9912=ORIENTED_EDGE('',*,*,#7656,.F.);
#9913=ORIENTED_EDGE('',*,*,#7657,.T.);
#9914=ORIENTED_EDGE('',*,*,#7658,.F.);
#9915=ORIENTED_EDGE('',*,*,#7657,.F.);
#9916=ORIENTED_EDGE('',*,*,#7659,.F.);
#9917=ORIENTED_EDGE('',*,*,#7660,.T.);
#9918=ORIENTED_EDGE('',*,*,#7661,.F.);
#9919=ORIENTED_EDGE('',*,*,#7660,.F.);
#9920=ORIENTED_EDGE('',*,*,#7662,.F.);
#9921=ORIENTED_EDGE('',*,*,#7663,.F.);
#9922=ORIENTED_EDGE('',*,*,#7664,.F.);
#9923=ORIENTED_EDGE('',*,*,#7663,.T.);
#9924=ORIENTED_EDGE('',*,*,#7665,.F.);
#9925=ORIENTED_EDGE('',*,*,#7666,.T.);
#9926=ORIENTED_EDGE('',*,*,#7667,.F.);
#9927=ORIENTED_EDGE('',*,*,#7666,.F.);
#9928=ORIENTED_EDGE('',*,*,#7668,.F.);
#9929=ORIENTED_EDGE('',*,*,#7669,.T.);
#9930=ORIENTED_EDGE('',*,*,#7670,.F.);
#9931=ORIENTED_EDGE('',*,*,#7669,.F.);
#9932=ORIENTED_EDGE('',*,*,#7671,.F.);
#9933=ORIENTED_EDGE('',*,*,#7655,.T.);
#9934=ORIENTED_EDGE('',*,*,#7672,.F.);
#9935=ORIENTED_EDGE('',*,*,#7673,.F.);
#9936=ORIENTED_EDGE('',*,*,#7674,.F.);
#9937=ORIENTED_EDGE('',*,*,#7675,.T.);
#9938=ORIENTED_EDGE('',*,*,#7676,.F.);
#9939=ORIENTED_EDGE('',*,*,#7675,.F.);
#9940=ORIENTED_EDGE('',*,*,#7677,.F.);
#9941=ORIENTED_EDGE('',*,*,#7678,.T.);
#9942=ORIENTED_EDGE('',*,*,#7679,.F.);
#9943=ORIENTED_EDGE('',*,*,#7678,.F.);
#9944=ORIENTED_EDGE('',*,*,#7680,.F.);
#9945=ORIENTED_EDGE('',*,*,#7681,.F.);
#9946=ORIENTED_EDGE('',*,*,#7682,.F.);
#9947=ORIENTED_EDGE('',*,*,#7681,.T.);
#9948=ORIENTED_EDGE('',*,*,#7683,.F.);
#9949=ORIENTED_EDGE('',*,*,#7684,.T.);
#9950=ORIENTED_EDGE('',*,*,#7685,.F.);
#9951=ORIENTED_EDGE('',*,*,#7684,.F.);
#9952=ORIENTED_EDGE('',*,*,#7686,.F.);
#9953=ORIENTED_EDGE('',*,*,#7687,.T.);
#9954=ORIENTED_EDGE('',*,*,#7688,.F.);
#9955=ORIENTED_EDGE('',*,*,#7687,.F.);
#9956=ORIENTED_EDGE('',*,*,#7689,.F.);
#9957=ORIENTED_EDGE('',*,*,#7673,.T.);
#9958=ORIENTED_EDGE('',*,*,#7690,.F.);
#9959=ORIENTED_EDGE('',*,*,#7691,.F.);
#9960=ORIENTED_EDGE('',*,*,#7692,.F.);
#9961=ORIENTED_EDGE('',*,*,#7693,.T.);
#9962=ORIENTED_EDGE('',*,*,#7694,.F.);
#9963=ORIENTED_EDGE('',*,*,#7693,.F.);
#9964=ORIENTED_EDGE('',*,*,#7695,.F.);
#9965=ORIENTED_EDGE('',*,*,#7696,.T.);
#9966=ORIENTED_EDGE('',*,*,#7697,.F.);
#9967=ORIENTED_EDGE('',*,*,#7696,.F.);
#9968=ORIENTED_EDGE('',*,*,#7698,.F.);
#9969=ORIENTED_EDGE('',*,*,#7699,.F.);
#9970=ORIENTED_EDGE('',*,*,#7700,.F.);
#9971=ORIENTED_EDGE('',*,*,#7699,.T.);
#9972=ORIENTED_EDGE('',*,*,#7701,.F.);
#9973=ORIENTED_EDGE('',*,*,#7702,.T.);
#9974=ORIENTED_EDGE('',*,*,#7703,.F.);
#9975=ORIENTED_EDGE('',*,*,#7702,.F.);
#9976=ORIENTED_EDGE('',*,*,#7704,.F.);
#9977=ORIENTED_EDGE('',*,*,#7705,.T.);
#9978=ORIENTED_EDGE('',*,*,#7706,.F.);
#9979=ORIENTED_EDGE('',*,*,#7705,.F.);
#9980=ORIENTED_EDGE('',*,*,#7707,.F.);
#9981=ORIENTED_EDGE('',*,*,#7691,.T.);
#9982=ORIENTED_EDGE('',*,*,#7708,.F.);
#9983=ORIENTED_EDGE('',*,*,#7709,.F.);
#9984=ORIENTED_EDGE('',*,*,#7710,.F.);
#9985=ORIENTED_EDGE('',*,*,#7711,.T.);
#9986=ORIENTED_EDGE('',*,*,#7712,.F.);
#9987=ORIENTED_EDGE('',*,*,#7711,.F.);
#9988=ORIENTED_EDGE('',*,*,#7713,.F.);
#9989=ORIENTED_EDGE('',*,*,#7714,.T.);
#9990=ORIENTED_EDGE('',*,*,#7715,.F.);
#9991=ORIENTED_EDGE('',*,*,#7714,.F.);
#9992=ORIENTED_EDGE('',*,*,#7716,.F.);
#9993=ORIENTED_EDGE('',*,*,#7717,.F.);
#9994=ORIENTED_EDGE('',*,*,#7718,.F.);
#9995=ORIENTED_EDGE('',*,*,#7717,.T.);
#9996=ORIENTED_EDGE('',*,*,#7719,.F.);
#9997=ORIENTED_EDGE('',*,*,#7720,.T.);
#9998=ORIENTED_EDGE('',*,*,#7721,.F.);
#9999=ORIENTED_EDGE('',*,*,#7720,.F.);
#10000=ORIENTED_EDGE('',*,*,#7722,.F.);
#10001=ORIENTED_EDGE('',*,*,#7723,.T.);
#10002=ORIENTED_EDGE('',*,*,#7724,.F.);
#10003=ORIENTED_EDGE('',*,*,#7723,.F.);
#10004=ORIENTED_EDGE('',*,*,#7725,.F.);
#10005=ORIENTED_EDGE('',*,*,#7709,.T.);
#10006=ORIENTED_EDGE('',*,*,#7726,.F.);
#10007=ORIENTED_EDGE('',*,*,#7727,.F.);
#10008=ORIENTED_EDGE('',*,*,#7728,.F.);
#10009=ORIENTED_EDGE('',*,*,#7729,.T.);
#10010=ORIENTED_EDGE('',*,*,#7730,.F.);
#10011=ORIENTED_EDGE('',*,*,#7729,.F.);
#10012=ORIENTED_EDGE('',*,*,#7731,.F.);
#10013=ORIENTED_EDGE('',*,*,#7732,.T.);
#10014=ORIENTED_EDGE('',*,*,#7733,.F.);
#10015=ORIENTED_EDGE('',*,*,#7732,.F.);
#10016=ORIENTED_EDGE('',*,*,#7734,.F.);
#10017=ORIENTED_EDGE('',*,*,#7735,.F.);
#10018=ORIENTED_EDGE('',*,*,#7736,.F.);
#10019=ORIENTED_EDGE('',*,*,#7735,.T.);
#10020=ORIENTED_EDGE('',*,*,#7737,.F.);
#10021=ORIENTED_EDGE('',*,*,#7738,.T.);
#10022=ORIENTED_EDGE('',*,*,#7739,.F.);
#10023=ORIENTED_EDGE('',*,*,#7738,.F.);
#10024=ORIENTED_EDGE('',*,*,#7740,.F.);
#10025=ORIENTED_EDGE('',*,*,#7741,.T.);
#10026=ORIENTED_EDGE('',*,*,#7742,.F.);
#10027=ORIENTED_EDGE('',*,*,#7741,.F.);
#10028=ORIENTED_EDGE('',*,*,#7743,.F.);
#10029=ORIENTED_EDGE('',*,*,#7727,.T.);
#10030=ORIENTED_EDGE('',*,*,#7744,.F.);
#10031=ORIENTED_EDGE('',*,*,#7745,.F.);
#10032=ORIENTED_EDGE('',*,*,#7746,.F.);
#10033=ORIENTED_EDGE('',*,*,#7747,.T.);
#10034=ORIENTED_EDGE('',*,*,#7748,.F.);
#10035=ORIENTED_EDGE('',*,*,#7747,.F.);
#10036=ORIENTED_EDGE('',*,*,#7749,.F.);
#10037=ORIENTED_EDGE('',*,*,#7750,.T.);
#10038=ORIENTED_EDGE('',*,*,#7751,.F.);
#10039=ORIENTED_EDGE('',*,*,#7750,.F.);
#10040=ORIENTED_EDGE('',*,*,#7752,.F.);
#10041=ORIENTED_EDGE('',*,*,#7753,.F.);
#10042=ORIENTED_EDGE('',*,*,#7754,.F.);
#10043=ORIENTED_EDGE('',*,*,#7753,.T.);
#10044=ORIENTED_EDGE('',*,*,#7755,.F.);
#10045=ORIENTED_EDGE('',*,*,#7756,.T.);
#10046=ORIENTED_EDGE('',*,*,#7757,.F.);
#10047=ORIENTED_EDGE('',*,*,#7756,.F.);
#10048=ORIENTED_EDGE('',*,*,#7758,.F.);
#10049=ORIENTED_EDGE('',*,*,#7759,.T.);
#10050=ORIENTED_EDGE('',*,*,#7760,.F.);
#10051=ORIENTED_EDGE('',*,*,#7759,.F.);
#10052=ORIENTED_EDGE('',*,*,#7761,.F.);
#10053=ORIENTED_EDGE('',*,*,#7745,.T.);
#10054=ORIENTED_EDGE('',*,*,#7762,.F.);
#10055=ORIENTED_EDGE('',*,*,#7763,.F.);
#10056=ORIENTED_EDGE('',*,*,#7764,.F.);
#10057=ORIENTED_EDGE('',*,*,#7765,.T.);
#10058=ORIENTED_EDGE('',*,*,#7766,.F.);
#10059=ORIENTED_EDGE('',*,*,#7765,.F.);
#10060=ORIENTED_EDGE('',*,*,#7767,.F.);
#10061=ORIENTED_EDGE('',*,*,#7768,.T.);
#10062=ORIENTED_EDGE('',*,*,#7769,.F.);
#10063=ORIENTED_EDGE('',*,*,#7768,.F.);
#10064=ORIENTED_EDGE('',*,*,#7770,.F.);
#10065=ORIENTED_EDGE('',*,*,#7771,.F.);
#10066=ORIENTED_EDGE('',*,*,#7772,.F.);
#10067=ORIENTED_EDGE('',*,*,#7771,.T.);
#10068=ORIENTED_EDGE('',*,*,#7773,.F.);
#10069=ORIENTED_EDGE('',*,*,#7774,.T.);
#10070=ORIENTED_EDGE('',*,*,#7775,.F.);
#10071=ORIENTED_EDGE('',*,*,#7774,.F.);
#10072=ORIENTED_EDGE('',*,*,#7776,.F.);
#10073=ORIENTED_EDGE('',*,*,#7777,.T.);
#10074=ORIENTED_EDGE('',*,*,#7778,.F.);
#10075=ORIENTED_EDGE('',*,*,#7777,.F.);
#10076=ORIENTED_EDGE('',*,*,#7779,.F.);
#10077=ORIENTED_EDGE('',*,*,#7763,.T.);
#10078=ORIENTED_EDGE('',*,*,#7780,.F.);
#10079=ORIENTED_EDGE('',*,*,#7781,.F.);
#10080=ORIENTED_EDGE('',*,*,#7782,.F.);
#10081=ORIENTED_EDGE('',*,*,#7783,.T.);
#10082=ORIENTED_EDGE('',*,*,#7784,.F.);
#10083=ORIENTED_EDGE('',*,*,#7783,.F.);
#10084=ORIENTED_EDGE('',*,*,#7785,.F.);
#10085=ORIENTED_EDGE('',*,*,#7786,.T.);
#10086=ORIENTED_EDGE('',*,*,#7787,.F.);
#10087=ORIENTED_EDGE('',*,*,#7786,.F.);
#10088=ORIENTED_EDGE('',*,*,#7788,.F.);
#10089=ORIENTED_EDGE('',*,*,#7789,.F.);
#10090=ORIENTED_EDGE('',*,*,#7790,.F.);
#10091=ORIENTED_EDGE('',*,*,#7789,.T.);
#10092=ORIENTED_EDGE('',*,*,#7791,.F.);
#10093=ORIENTED_EDGE('',*,*,#7792,.T.);
#10094=ORIENTED_EDGE('',*,*,#7793,.F.);
#10095=ORIENTED_EDGE('',*,*,#7792,.F.);
#10096=ORIENTED_EDGE('',*,*,#7794,.F.);
#10097=ORIENTED_EDGE('',*,*,#7795,.T.);
#10098=ORIENTED_EDGE('',*,*,#7796,.F.);
#10099=ORIENTED_EDGE('',*,*,#7795,.F.);
#10100=ORIENTED_EDGE('',*,*,#7797,.F.);
#10101=ORIENTED_EDGE('',*,*,#7781,.T.);
#10102=ORIENTED_EDGE('',*,*,#7798,.F.);
#10103=ORIENTED_EDGE('',*,*,#7799,.F.);
#10104=ORIENTED_EDGE('',*,*,#7800,.F.);
#10105=ORIENTED_EDGE('',*,*,#7801,.T.);
#10106=ORIENTED_EDGE('',*,*,#7802,.F.);
#10107=ORIENTED_EDGE('',*,*,#7801,.F.);
#10108=ORIENTED_EDGE('',*,*,#7803,.F.);
#10109=ORIENTED_EDGE('',*,*,#7804,.T.);
#10110=ORIENTED_EDGE('',*,*,#7805,.F.);
#10111=ORIENTED_EDGE('',*,*,#7804,.F.);
#10112=ORIENTED_EDGE('',*,*,#7806,.F.);
#10113=ORIENTED_EDGE('',*,*,#7807,.F.);
#10114=ORIENTED_EDGE('',*,*,#7808,.F.);
#10115=ORIENTED_EDGE('',*,*,#7807,.T.);
#10116=ORIENTED_EDGE('',*,*,#7809,.F.);
#10117=ORIENTED_EDGE('',*,*,#7810,.T.);
#10118=ORIENTED_EDGE('',*,*,#7811,.F.);
#10119=ORIENTED_EDGE('',*,*,#7810,.F.);
#10120=ORIENTED_EDGE('',*,*,#7812,.F.);
#10121=ORIENTED_EDGE('',*,*,#7813,.T.);
#10122=ORIENTED_EDGE('',*,*,#7814,.F.);
#10123=ORIENTED_EDGE('',*,*,#7813,.F.);
#10124=ORIENTED_EDGE('',*,*,#7815,.F.);
#10125=ORIENTED_EDGE('',*,*,#7799,.T.);
#10126=ORIENTED_EDGE('',*,*,#7816,.F.);
#10127=ORIENTED_EDGE('',*,*,#7817,.F.);
#10128=ORIENTED_EDGE('',*,*,#7818,.F.);
#10129=ORIENTED_EDGE('',*,*,#7819,.T.);
#10130=ORIENTED_EDGE('',*,*,#7820,.F.);
#10131=ORIENTED_EDGE('',*,*,#7819,.F.);
#10132=ORIENTED_EDGE('',*,*,#7821,.F.);
#10133=ORIENTED_EDGE('',*,*,#7822,.T.);
#10134=ORIENTED_EDGE('',*,*,#7823,.F.);
#10135=ORIENTED_EDGE('',*,*,#7822,.F.);
#10136=ORIENTED_EDGE('',*,*,#7824,.F.);
#10137=ORIENTED_EDGE('',*,*,#7825,.F.);
#10138=ORIENTED_EDGE('',*,*,#7826,.F.);
#10139=ORIENTED_EDGE('',*,*,#7825,.T.);
#10140=ORIENTED_EDGE('',*,*,#7827,.F.);
#10141=ORIENTED_EDGE('',*,*,#7828,.T.);
#10142=ORIENTED_EDGE('',*,*,#7829,.F.);
#10143=ORIENTED_EDGE('',*,*,#7828,.F.);
#10144=ORIENTED_EDGE('',*,*,#7830,.F.);
#10145=ORIENTED_EDGE('',*,*,#7831,.T.);
#10146=ORIENTED_EDGE('',*,*,#7832,.F.);
#10147=ORIENTED_EDGE('',*,*,#7831,.F.);
#10148=ORIENTED_EDGE('',*,*,#7833,.F.);
#10149=ORIENTED_EDGE('',*,*,#7817,.T.);
#10150=ORIENTED_EDGE('',*,*,#7834,.F.);
#10151=ORIENTED_EDGE('',*,*,#7835,.F.);
#10152=ORIENTED_EDGE('',*,*,#7836,.F.);
#10153=ORIENTED_EDGE('',*,*,#7837,.T.);
#10154=ORIENTED_EDGE('',*,*,#7838,.F.);
#10155=ORIENTED_EDGE('',*,*,#7837,.F.);
#10156=ORIENTED_EDGE('',*,*,#7839,.F.);
#10157=ORIENTED_EDGE('',*,*,#7840,.T.);
#10158=ORIENTED_EDGE('',*,*,#7841,.F.);
#10159=ORIENTED_EDGE('',*,*,#7840,.F.);
#10160=ORIENTED_EDGE('',*,*,#7842,.F.);
#10161=ORIENTED_EDGE('',*,*,#7843,.F.);
#10162=ORIENTED_EDGE('',*,*,#7844,.F.);
#10163=ORIENTED_EDGE('',*,*,#7843,.T.);
#10164=ORIENTED_EDGE('',*,*,#7845,.F.);
#10165=ORIENTED_EDGE('',*,*,#7846,.T.);
#10166=ORIENTED_EDGE('',*,*,#7847,.F.);
#10167=ORIENTED_EDGE('',*,*,#7846,.F.);
#10168=ORIENTED_EDGE('',*,*,#7848,.F.);
#10169=ORIENTED_EDGE('',*,*,#7849,.T.);
#10170=ORIENTED_EDGE('',*,*,#7850,.F.);
#10171=ORIENTED_EDGE('',*,*,#7849,.F.);
#10172=ORIENTED_EDGE('',*,*,#7851,.F.);
#10173=ORIENTED_EDGE('',*,*,#7835,.T.);
#10174=ORIENTED_EDGE('',*,*,#7852,.F.);
#10175=ORIENTED_EDGE('',*,*,#7853,.F.);
#10176=ORIENTED_EDGE('',*,*,#7854,.F.);
#10177=ORIENTED_EDGE('',*,*,#7855,.T.);
#10178=ORIENTED_EDGE('',*,*,#7856,.F.);
#10179=ORIENTED_EDGE('',*,*,#7855,.F.);
#10180=ORIENTED_EDGE('',*,*,#7857,.F.);
#10181=ORIENTED_EDGE('',*,*,#7858,.T.);
#10182=ORIENTED_EDGE('',*,*,#7859,.F.);
#10183=ORIENTED_EDGE('',*,*,#7858,.F.);
#10184=ORIENTED_EDGE('',*,*,#7860,.F.);
#10185=ORIENTED_EDGE('',*,*,#7861,.F.);
#10186=ORIENTED_EDGE('',*,*,#7862,.F.);
#10187=ORIENTED_EDGE('',*,*,#7861,.T.);
#10188=ORIENTED_EDGE('',*,*,#7863,.F.);
#10189=ORIENTED_EDGE('',*,*,#7864,.T.);
#10190=ORIENTED_EDGE('',*,*,#7865,.F.);
#10191=ORIENTED_EDGE('',*,*,#7864,.F.);
#10192=ORIENTED_EDGE('',*,*,#7866,.F.);
#10193=ORIENTED_EDGE('',*,*,#7867,.T.);
#10194=ORIENTED_EDGE('',*,*,#7868,.F.);
#10195=ORIENTED_EDGE('',*,*,#7867,.F.);
#10196=ORIENTED_EDGE('',*,*,#7869,.F.);
#10197=ORIENTED_EDGE('',*,*,#7853,.T.);
#10198=ORIENTED_EDGE('',*,*,#7870,.F.);
#10199=ORIENTED_EDGE('',*,*,#7871,.F.);
#10200=ORIENTED_EDGE('',*,*,#7872,.F.);
#10201=ORIENTED_EDGE('',*,*,#7873,.T.);
#10202=ORIENTED_EDGE('',*,*,#7874,.F.);
#10203=ORIENTED_EDGE('',*,*,#7873,.F.);
#10204=ORIENTED_EDGE('',*,*,#7875,.F.);
#10205=ORIENTED_EDGE('',*,*,#7876,.T.);
#10206=ORIENTED_EDGE('',*,*,#7877,.F.);
#10207=ORIENTED_EDGE('',*,*,#7876,.F.);
#10208=ORIENTED_EDGE('',*,*,#7878,.F.);
#10209=ORIENTED_EDGE('',*,*,#7879,.F.);
#10210=ORIENTED_EDGE('',*,*,#7880,.F.);
#10211=ORIENTED_EDGE('',*,*,#7879,.T.);
#10212=ORIENTED_EDGE('',*,*,#7881,.F.);
#10213=ORIENTED_EDGE('',*,*,#7882,.T.);
#10214=ORIENTED_EDGE('',*,*,#7883,.F.);
#10215=ORIENTED_EDGE('',*,*,#7882,.F.);
#10216=ORIENTED_EDGE('',*,*,#7884,.F.);
#10217=ORIENTED_EDGE('',*,*,#7885,.T.);
#10218=ORIENTED_EDGE('',*,*,#7886,.F.);
#10219=ORIENTED_EDGE('',*,*,#7885,.F.);
#10220=ORIENTED_EDGE('',*,*,#7887,.F.);
#10221=ORIENTED_EDGE('',*,*,#7871,.T.);
#10222=ORIENTED_EDGE('',*,*,#7888,.F.);
#10223=ORIENTED_EDGE('',*,*,#7889,.F.);
#10224=ORIENTED_EDGE('',*,*,#7890,.F.);
#10225=ORIENTED_EDGE('',*,*,#7891,.T.);
#10226=ORIENTED_EDGE('',*,*,#7892,.F.);
#10227=ORIENTED_EDGE('',*,*,#7891,.F.);
#10228=ORIENTED_EDGE('',*,*,#7893,.F.);
#10229=ORIENTED_EDGE('',*,*,#7894,.T.);
#10230=ORIENTED_EDGE('',*,*,#7895,.F.);
#10231=ORIENTED_EDGE('',*,*,#7894,.F.);
#10232=ORIENTED_EDGE('',*,*,#7896,.F.);
#10233=ORIENTED_EDGE('',*,*,#7897,.F.);
#10234=ORIENTED_EDGE('',*,*,#7898,.F.);
#10235=ORIENTED_EDGE('',*,*,#7897,.T.);
#10236=ORIENTED_EDGE('',*,*,#7899,.F.);
#10237=ORIENTED_EDGE('',*,*,#7900,.T.);
#10238=ORIENTED_EDGE('',*,*,#7901,.F.);
#10239=ORIENTED_EDGE('',*,*,#7900,.F.);
#10240=ORIENTED_EDGE('',*,*,#7902,.F.);
#10241=ORIENTED_EDGE('',*,*,#7903,.T.);
#10242=ORIENTED_EDGE('',*,*,#7904,.F.);
#10243=ORIENTED_EDGE('',*,*,#7903,.F.);
#10244=ORIENTED_EDGE('',*,*,#7905,.F.);
#10245=ORIENTED_EDGE('',*,*,#7889,.T.);
#10246=ORIENTED_EDGE('',*,*,#7906,.F.);
#10247=ORIENTED_EDGE('',*,*,#7907,.F.);
#10248=ORIENTED_EDGE('',*,*,#7908,.F.);
#10249=ORIENTED_EDGE('',*,*,#7909,.T.);
#10250=ORIENTED_EDGE('',*,*,#7910,.F.);
#10251=ORIENTED_EDGE('',*,*,#7909,.F.);
#10252=ORIENTED_EDGE('',*,*,#7911,.F.);
#10253=ORIENTED_EDGE('',*,*,#7912,.T.);
#10254=ORIENTED_EDGE('',*,*,#7913,.F.);
#10255=ORIENTED_EDGE('',*,*,#7912,.F.);
#10256=ORIENTED_EDGE('',*,*,#7914,.F.);
#10257=ORIENTED_EDGE('',*,*,#7915,.F.);
#10258=ORIENTED_EDGE('',*,*,#7916,.F.);
#10259=ORIENTED_EDGE('',*,*,#7915,.T.);
#10260=ORIENTED_EDGE('',*,*,#7917,.F.);
#10261=ORIENTED_EDGE('',*,*,#7918,.T.);
#10262=ORIENTED_EDGE('',*,*,#7919,.F.);
#10263=ORIENTED_EDGE('',*,*,#7918,.F.);
#10264=ORIENTED_EDGE('',*,*,#7920,.F.);
#10265=ORIENTED_EDGE('',*,*,#7921,.T.);
#10266=ORIENTED_EDGE('',*,*,#7922,.F.);
#10267=ORIENTED_EDGE('',*,*,#7921,.F.);
#10268=ORIENTED_EDGE('',*,*,#7923,.F.);
#10269=ORIENTED_EDGE('',*,*,#7907,.T.);
#10270=ORIENTED_EDGE('',*,*,#7924,.F.);
#10271=ORIENTED_EDGE('',*,*,#7925,.F.);
#10272=ORIENTED_EDGE('',*,*,#7926,.F.);
#10273=ORIENTED_EDGE('',*,*,#7927,.T.);
#10274=ORIENTED_EDGE('',*,*,#7928,.F.);
#10275=ORIENTED_EDGE('',*,*,#7927,.F.);
#10276=ORIENTED_EDGE('',*,*,#7929,.F.);
#10277=ORIENTED_EDGE('',*,*,#7930,.T.);
#10278=ORIENTED_EDGE('',*,*,#7931,.F.);
#10279=ORIENTED_EDGE('',*,*,#7930,.F.);
#10280=ORIENTED_EDGE('',*,*,#7932,.F.);
#10281=ORIENTED_EDGE('',*,*,#7933,.F.);
#10282=ORIENTED_EDGE('',*,*,#7934,.F.);
#10283=ORIENTED_EDGE('',*,*,#7933,.T.);
#10284=ORIENTED_EDGE('',*,*,#7935,.F.);
#10285=ORIENTED_EDGE('',*,*,#7936,.T.);
#10286=ORIENTED_EDGE('',*,*,#7937,.F.);
#10287=ORIENTED_EDGE('',*,*,#7936,.F.);
#10288=ORIENTED_EDGE('',*,*,#7938,.F.);
#10289=ORIENTED_EDGE('',*,*,#7939,.T.);
#10290=ORIENTED_EDGE('',*,*,#7940,.F.);
#10291=ORIENTED_EDGE('',*,*,#7939,.F.);
#10292=ORIENTED_EDGE('',*,*,#7941,.F.);
#10293=ORIENTED_EDGE('',*,*,#7925,.T.);
#10294=ORIENTED_EDGE('',*,*,#7942,.F.);
#10295=ORIENTED_EDGE('',*,*,#7943,.F.);
#10296=ORIENTED_EDGE('',*,*,#7944,.F.);
#10297=ORIENTED_EDGE('',*,*,#7945,.T.);
#10298=ORIENTED_EDGE('',*,*,#7946,.F.);
#10299=ORIENTED_EDGE('',*,*,#7945,.F.);
#10300=ORIENTED_EDGE('',*,*,#7947,.F.);
#10301=ORIENTED_EDGE('',*,*,#7948,.T.);
#10302=ORIENTED_EDGE('',*,*,#7949,.F.);
#10303=ORIENTED_EDGE('',*,*,#7948,.F.);
#10304=ORIENTED_EDGE('',*,*,#7950,.F.);
#10305=ORIENTED_EDGE('',*,*,#7951,.F.);
#10306=ORIENTED_EDGE('',*,*,#7952,.F.);
#10307=ORIENTED_EDGE('',*,*,#7951,.T.);
#10308=ORIENTED_EDGE('',*,*,#7953,.F.);
#10309=ORIENTED_EDGE('',*,*,#7954,.T.);
#10310=ORIENTED_EDGE('',*,*,#7955,.F.);
#10311=ORIENTED_EDGE('',*,*,#7954,.F.);
#10312=ORIENTED_EDGE('',*,*,#7956,.F.);
#10313=ORIENTED_EDGE('',*,*,#7957,.T.);
#10314=ORIENTED_EDGE('',*,*,#7958,.F.);
#10315=ORIENTED_EDGE('',*,*,#7957,.F.);
#10316=ORIENTED_EDGE('',*,*,#7959,.F.);
#10317=ORIENTED_EDGE('',*,*,#7943,.T.);
#10318=ORIENTED_EDGE('',*,*,#7960,.F.);
#10319=ORIENTED_EDGE('',*,*,#7961,.F.);
#10320=ORIENTED_EDGE('',*,*,#7962,.F.);
#10321=ORIENTED_EDGE('',*,*,#7963,.T.);
#10322=ORIENTED_EDGE('',*,*,#7964,.F.);
#10323=ORIENTED_EDGE('',*,*,#7963,.F.);
#10324=ORIENTED_EDGE('',*,*,#7965,.F.);
#10325=ORIENTED_EDGE('',*,*,#7966,.T.);
#10326=ORIENTED_EDGE('',*,*,#7967,.F.);
#10327=ORIENTED_EDGE('',*,*,#7966,.F.);
#10328=ORIENTED_EDGE('',*,*,#7968,.F.);
#10329=ORIENTED_EDGE('',*,*,#7969,.F.);
#10330=ORIENTED_EDGE('',*,*,#7970,.F.);
#10331=ORIENTED_EDGE('',*,*,#7969,.T.);
#10332=ORIENTED_EDGE('',*,*,#7971,.F.);
#10333=ORIENTED_EDGE('',*,*,#7972,.T.);
#10334=ORIENTED_EDGE('',*,*,#7973,.F.);
#10335=ORIENTED_EDGE('',*,*,#7972,.F.);
#10336=ORIENTED_EDGE('',*,*,#7974,.F.);
#10337=ORIENTED_EDGE('',*,*,#7975,.T.);
#10338=ORIENTED_EDGE('',*,*,#7976,.F.);
#10339=ORIENTED_EDGE('',*,*,#7975,.F.);
#10340=ORIENTED_EDGE('',*,*,#7977,.F.);
#10341=ORIENTED_EDGE('',*,*,#7961,.T.);
#10342=ORIENTED_EDGE('',*,*,#7978,.F.);
#10343=ORIENTED_EDGE('',*,*,#7979,.F.);
#10344=ORIENTED_EDGE('',*,*,#7980,.F.);
#10345=ORIENTED_EDGE('',*,*,#7981,.T.);
#10346=ORIENTED_EDGE('',*,*,#7982,.F.);
#10347=ORIENTED_EDGE('',*,*,#7981,.F.);
#10348=ORIENTED_EDGE('',*,*,#7983,.F.);
#10349=ORIENTED_EDGE('',*,*,#7984,.T.);
#10350=ORIENTED_EDGE('',*,*,#7985,.F.);
#10351=ORIENTED_EDGE('',*,*,#7984,.F.);
#10352=ORIENTED_EDGE('',*,*,#7986,.F.);
#10353=ORIENTED_EDGE('',*,*,#7987,.F.);
#10354=ORIENTED_EDGE('',*,*,#7988,.F.);
#10355=ORIENTED_EDGE('',*,*,#7987,.T.);
#10356=ORIENTED_EDGE('',*,*,#7989,.F.);
#10357=ORIENTED_EDGE('',*,*,#7990,.T.);
#10358=ORIENTED_EDGE('',*,*,#7991,.F.);
#10359=ORIENTED_EDGE('',*,*,#7990,.F.);
#10360=ORIENTED_EDGE('',*,*,#7992,.F.);
#10361=ORIENTED_EDGE('',*,*,#7993,.T.);
#10362=ORIENTED_EDGE('',*,*,#7994,.F.);
#10363=ORIENTED_EDGE('',*,*,#7993,.F.);
#10364=ORIENTED_EDGE('',*,*,#7995,.F.);
#10365=ORIENTED_EDGE('',*,*,#7979,.T.);
#10366=ORIENTED_EDGE('',*,*,#7996,.F.);
#10367=ORIENTED_EDGE('',*,*,#7997,.F.);
#10368=ORIENTED_EDGE('',*,*,#7998,.F.);
#10369=ORIENTED_EDGE('',*,*,#7999,.T.);
#10370=ORIENTED_EDGE('',*,*,#8000,.F.);
#10371=ORIENTED_EDGE('',*,*,#7999,.F.);
#10372=ORIENTED_EDGE('',*,*,#8001,.F.);
#10373=ORIENTED_EDGE('',*,*,#8002,.T.);
#10374=ORIENTED_EDGE('',*,*,#8003,.F.);
#10375=ORIENTED_EDGE('',*,*,#8002,.F.);
#10376=ORIENTED_EDGE('',*,*,#8004,.F.);
#10377=ORIENTED_EDGE('',*,*,#8005,.F.);
#10378=ORIENTED_EDGE('',*,*,#8006,.F.);
#10379=ORIENTED_EDGE('',*,*,#8005,.T.);
#10380=ORIENTED_EDGE('',*,*,#8007,.F.);
#10381=ORIENTED_EDGE('',*,*,#8008,.T.);
#10382=ORIENTED_EDGE('',*,*,#8009,.F.);
#10383=ORIENTED_EDGE('',*,*,#8008,.F.);
#10384=ORIENTED_EDGE('',*,*,#8010,.F.);
#10385=ORIENTED_EDGE('',*,*,#8011,.T.);
#10386=ORIENTED_EDGE('',*,*,#8012,.F.);
#10387=ORIENTED_EDGE('',*,*,#8011,.F.);
#10388=ORIENTED_EDGE('',*,*,#8013,.F.);
#10389=ORIENTED_EDGE('',*,*,#7997,.T.);
#10390=ORIENTED_EDGE('',*,*,#8014,.F.);
#10391=ORIENTED_EDGE('',*,*,#8015,.F.);
#10392=ORIENTED_EDGE('',*,*,#8016,.F.);
#10393=ORIENTED_EDGE('',*,*,#8017,.T.);
#10394=ORIENTED_EDGE('',*,*,#8018,.F.);
#10395=ORIENTED_EDGE('',*,*,#8017,.F.);
#10396=ORIENTED_EDGE('',*,*,#8019,.F.);
#10397=ORIENTED_EDGE('',*,*,#8020,.T.);
#10398=ORIENTED_EDGE('',*,*,#8021,.F.);
#10399=ORIENTED_EDGE('',*,*,#8020,.F.);
#10400=ORIENTED_EDGE('',*,*,#8022,.F.);
#10401=ORIENTED_EDGE('',*,*,#8023,.F.);
#10402=ORIENTED_EDGE('',*,*,#8024,.F.);
#10403=ORIENTED_EDGE('',*,*,#8023,.T.);
#10404=ORIENTED_EDGE('',*,*,#8025,.F.);
#10405=ORIENTED_EDGE('',*,*,#8026,.T.);
#10406=ORIENTED_EDGE('',*,*,#8027,.F.);
#10407=ORIENTED_EDGE('',*,*,#8026,.F.);
#10408=ORIENTED_EDGE('',*,*,#8028,.F.);
#10409=ORIENTED_EDGE('',*,*,#8029,.T.);
#10410=ORIENTED_EDGE('',*,*,#8030,.F.);
#10411=ORIENTED_EDGE('',*,*,#8029,.F.);
#10412=ORIENTED_EDGE('',*,*,#8031,.F.);
#10413=ORIENTED_EDGE('',*,*,#8015,.T.);
#10414=ORIENTED_EDGE('',*,*,#8032,.F.);
#10415=ORIENTED_EDGE('',*,*,#8033,.F.);
#10416=ORIENTED_EDGE('',*,*,#8034,.F.);
#10417=ORIENTED_EDGE('',*,*,#8035,.T.);
#10418=ORIENTED_EDGE('',*,*,#8036,.F.);
#10419=ORIENTED_EDGE('',*,*,#8035,.F.);
#10420=ORIENTED_EDGE('',*,*,#8037,.F.);
#10421=ORIENTED_EDGE('',*,*,#8038,.T.);
#10422=ORIENTED_EDGE('',*,*,#8039,.F.);
#10423=ORIENTED_EDGE('',*,*,#8038,.F.);
#10424=ORIENTED_EDGE('',*,*,#8040,.F.);
#10425=ORIENTED_EDGE('',*,*,#8041,.F.);
#10426=ORIENTED_EDGE('',*,*,#8042,.F.);
#10427=ORIENTED_EDGE('',*,*,#8041,.T.);
#10428=ORIENTED_EDGE('',*,*,#8043,.F.);
#10429=ORIENTED_EDGE('',*,*,#8044,.T.);
#10430=ORIENTED_EDGE('',*,*,#8045,.F.);
#10431=ORIENTED_EDGE('',*,*,#8044,.F.);
#10432=ORIENTED_EDGE('',*,*,#8046,.F.);
#10433=ORIENTED_EDGE('',*,*,#8047,.T.);
#10434=ORIENTED_EDGE('',*,*,#8048,.F.);
#10435=ORIENTED_EDGE('',*,*,#8047,.F.);
#10436=ORIENTED_EDGE('',*,*,#8049,.F.);
#10437=ORIENTED_EDGE('',*,*,#8033,.T.);
#10438=ORIENTED_EDGE('',*,*,#8050,.F.);
#10439=ORIENTED_EDGE('',*,*,#8051,.F.);
#10440=ORIENTED_EDGE('',*,*,#8052,.F.);
#10441=ORIENTED_EDGE('',*,*,#8053,.T.);
#10442=ORIENTED_EDGE('',*,*,#8054,.F.);
#10443=ORIENTED_EDGE('',*,*,#8053,.F.);
#10444=ORIENTED_EDGE('',*,*,#8055,.F.);
#10445=ORIENTED_EDGE('',*,*,#8056,.T.);
#10446=ORIENTED_EDGE('',*,*,#8057,.F.);
#10447=ORIENTED_EDGE('',*,*,#8056,.F.);
#10448=ORIENTED_EDGE('',*,*,#8058,.F.);
#10449=ORIENTED_EDGE('',*,*,#8059,.F.);
#10450=ORIENTED_EDGE('',*,*,#8060,.F.);
#10451=ORIENTED_EDGE('',*,*,#8059,.T.);
#10452=ORIENTED_EDGE('',*,*,#8061,.F.);
#10453=ORIENTED_EDGE('',*,*,#8062,.T.);
#10454=ORIENTED_EDGE('',*,*,#8063,.F.);
#10455=ORIENTED_EDGE('',*,*,#8062,.F.);
#10456=ORIENTED_EDGE('',*,*,#8064,.F.);
#10457=ORIENTED_EDGE('',*,*,#8065,.T.);
#10458=ORIENTED_EDGE('',*,*,#8066,.F.);
#10459=ORIENTED_EDGE('',*,*,#8065,.F.);
#10460=ORIENTED_EDGE('',*,*,#8067,.F.);
#10461=ORIENTED_EDGE('',*,*,#8051,.T.);
#10462=ORIENTED_EDGE('',*,*,#8068,.F.);
#10463=ORIENTED_EDGE('',*,*,#8069,.F.);
#10464=ORIENTED_EDGE('',*,*,#8070,.F.);
#10465=ORIENTED_EDGE('',*,*,#8071,.T.);
#10466=ORIENTED_EDGE('',*,*,#8072,.F.);
#10467=ORIENTED_EDGE('',*,*,#8071,.F.);
#10468=ORIENTED_EDGE('',*,*,#8073,.F.);
#10469=ORIENTED_EDGE('',*,*,#8074,.T.);
#10470=ORIENTED_EDGE('',*,*,#8075,.F.);
#10471=ORIENTED_EDGE('',*,*,#8074,.F.);
#10472=ORIENTED_EDGE('',*,*,#8076,.F.);
#10473=ORIENTED_EDGE('',*,*,#8077,.F.);
#10474=ORIENTED_EDGE('',*,*,#8078,.F.);
#10475=ORIENTED_EDGE('',*,*,#8077,.T.);
#10476=ORIENTED_EDGE('',*,*,#8079,.F.);
#10477=ORIENTED_EDGE('',*,*,#8080,.T.);
#10478=ORIENTED_EDGE('',*,*,#8081,.F.);
#10479=ORIENTED_EDGE('',*,*,#8080,.F.);
#10480=ORIENTED_EDGE('',*,*,#8082,.F.);
#10481=ORIENTED_EDGE('',*,*,#8083,.T.);
#10482=ORIENTED_EDGE('',*,*,#8084,.F.);
#10483=ORIENTED_EDGE('',*,*,#8083,.F.);
#10484=ORIENTED_EDGE('',*,*,#8085,.F.);
#10485=ORIENTED_EDGE('',*,*,#8069,.T.);
#10486=ORIENTED_EDGE('',*,*,#8086,.F.);
#10487=ORIENTED_EDGE('',*,*,#8087,.F.);
#10488=ORIENTED_EDGE('',*,*,#8088,.F.);
#10489=ORIENTED_EDGE('',*,*,#8089,.T.);
#10490=ORIENTED_EDGE('',*,*,#8090,.F.);
#10491=ORIENTED_EDGE('',*,*,#8089,.F.);
#10492=ORIENTED_EDGE('',*,*,#8091,.F.);
#10493=ORIENTED_EDGE('',*,*,#8092,.T.);
#10494=ORIENTED_EDGE('',*,*,#8093,.F.);
#10495=ORIENTED_EDGE('',*,*,#8092,.F.);
#10496=ORIENTED_EDGE('',*,*,#8094,.F.);
#10497=ORIENTED_EDGE('',*,*,#8095,.F.);
#10498=ORIENTED_EDGE('',*,*,#8096,.F.);
#10499=ORIENTED_EDGE('',*,*,#8095,.T.);
#10500=ORIENTED_EDGE('',*,*,#8097,.F.);
#10501=ORIENTED_EDGE('',*,*,#8098,.T.);
#10502=ORIENTED_EDGE('',*,*,#8099,.F.);
#10503=ORIENTED_EDGE('',*,*,#8098,.F.);
#10504=ORIENTED_EDGE('',*,*,#8100,.F.);
#10505=ORIENTED_EDGE('',*,*,#8101,.T.);
#10506=ORIENTED_EDGE('',*,*,#8102,.F.);
#10507=ORIENTED_EDGE('',*,*,#8101,.F.);
#10508=ORIENTED_EDGE('',*,*,#8103,.F.);
#10509=ORIENTED_EDGE('',*,*,#8087,.T.);
#10510=ORIENTED_EDGE('',*,*,#8104,.F.);
#10511=ORIENTED_EDGE('',*,*,#8105,.F.);
#10512=ORIENTED_EDGE('',*,*,#8106,.F.);
#10513=ORIENTED_EDGE('',*,*,#8107,.T.);
#10514=ORIENTED_EDGE('',*,*,#8108,.F.);
#10515=ORIENTED_EDGE('',*,*,#8107,.F.);
#10516=ORIENTED_EDGE('',*,*,#8109,.F.);
#10517=ORIENTED_EDGE('',*,*,#8110,.T.);
#10518=ORIENTED_EDGE('',*,*,#8111,.F.);
#10519=ORIENTED_EDGE('',*,*,#8110,.F.);
#10520=ORIENTED_EDGE('',*,*,#8112,.F.);
#10521=ORIENTED_EDGE('',*,*,#8113,.F.);
#10522=ORIENTED_EDGE('',*,*,#8114,.F.);
#10523=ORIENTED_EDGE('',*,*,#8113,.T.);
#10524=ORIENTED_EDGE('',*,*,#8115,.F.);
#10525=ORIENTED_EDGE('',*,*,#8116,.T.);
#10526=ORIENTED_EDGE('',*,*,#8117,.F.);
#10527=ORIENTED_EDGE('',*,*,#8116,.F.);
#10528=ORIENTED_EDGE('',*,*,#8118,.F.);
#10529=ORIENTED_EDGE('',*,*,#8119,.T.);
#10530=ORIENTED_EDGE('',*,*,#8120,.F.);
#10531=ORIENTED_EDGE('',*,*,#8119,.F.);
#10532=ORIENTED_EDGE('',*,*,#8121,.F.);
#10533=ORIENTED_EDGE('',*,*,#8105,.T.);
#10534=ORIENTED_EDGE('',*,*,#8122,.F.);
#10535=ORIENTED_EDGE('',*,*,#8123,.F.);
#10536=ORIENTED_EDGE('',*,*,#8124,.F.);
#10537=ORIENTED_EDGE('',*,*,#8125,.T.);
#10538=ORIENTED_EDGE('',*,*,#8126,.F.);
#10539=ORIENTED_EDGE('',*,*,#8125,.F.);
#10540=ORIENTED_EDGE('',*,*,#8127,.F.);
#10541=ORIENTED_EDGE('',*,*,#8128,.T.);
#10542=ORIENTED_EDGE('',*,*,#8129,.F.);
#10543=ORIENTED_EDGE('',*,*,#8128,.F.);
#10544=ORIENTED_EDGE('',*,*,#8130,.F.);
#10545=ORIENTED_EDGE('',*,*,#8131,.F.);
#10546=ORIENTED_EDGE('',*,*,#8132,.F.);
#10547=ORIENTED_EDGE('',*,*,#8131,.T.);
#10548=ORIENTED_EDGE('',*,*,#8133,.F.);
#10549=ORIENTED_EDGE('',*,*,#8134,.T.);
#10550=ORIENTED_EDGE('',*,*,#8135,.F.);
#10551=ORIENTED_EDGE('',*,*,#8134,.F.);
#10552=ORIENTED_EDGE('',*,*,#8136,.F.);
#10553=ORIENTED_EDGE('',*,*,#8137,.T.);
#10554=ORIENTED_EDGE('',*,*,#8138,.F.);
#10555=ORIENTED_EDGE('',*,*,#8137,.F.);
#10556=ORIENTED_EDGE('',*,*,#8139,.F.);
#10557=ORIENTED_EDGE('',*,*,#8123,.T.);
#10558=ORIENTED_EDGE('',*,*,#8140,.F.);
#10559=ORIENTED_EDGE('',*,*,#8141,.F.);
#10560=ORIENTED_EDGE('',*,*,#8142,.F.);
#10561=ORIENTED_EDGE('',*,*,#8143,.T.);
#10562=ORIENTED_EDGE('',*,*,#8144,.F.);
#10563=ORIENTED_EDGE('',*,*,#8143,.F.);
#10564=ORIENTED_EDGE('',*,*,#8145,.F.);
#10565=ORIENTED_EDGE('',*,*,#8146,.T.);
#10566=ORIENTED_EDGE('',*,*,#8147,.F.);
#10567=ORIENTED_EDGE('',*,*,#8146,.F.);
#10568=ORIENTED_EDGE('',*,*,#8148,.F.);
#10569=ORIENTED_EDGE('',*,*,#8149,.F.);
#10570=ORIENTED_EDGE('',*,*,#8150,.F.);
#10571=ORIENTED_EDGE('',*,*,#8149,.T.);
#10572=ORIENTED_EDGE('',*,*,#8151,.F.);
#10573=ORIENTED_EDGE('',*,*,#8152,.T.);
#10574=ORIENTED_EDGE('',*,*,#8153,.F.);
#10575=ORIENTED_EDGE('',*,*,#8152,.F.);
#10576=ORIENTED_EDGE('',*,*,#8154,.F.);
#10577=ORIENTED_EDGE('',*,*,#8155,.T.);
#10578=ORIENTED_EDGE('',*,*,#8156,.F.);
#10579=ORIENTED_EDGE('',*,*,#8155,.F.);
#10580=ORIENTED_EDGE('',*,*,#8157,.F.);
#10581=ORIENTED_EDGE('',*,*,#8141,.T.);
#10582=ORIENTED_EDGE('',*,*,#8158,.F.);
#10583=ORIENTED_EDGE('',*,*,#8159,.F.);
#10584=ORIENTED_EDGE('',*,*,#8160,.F.);
#10585=ORIENTED_EDGE('',*,*,#8161,.T.);
#10586=ORIENTED_EDGE('',*,*,#8162,.F.);
#10587=ORIENTED_EDGE('',*,*,#8161,.F.);
#10588=ORIENTED_EDGE('',*,*,#8163,.F.);
#10589=ORIENTED_EDGE('',*,*,#8164,.T.);
#10590=ORIENTED_EDGE('',*,*,#8165,.F.);
#10591=ORIENTED_EDGE('',*,*,#8164,.F.);
#10592=ORIENTED_EDGE('',*,*,#8166,.F.);
#10593=ORIENTED_EDGE('',*,*,#8167,.F.);
#10594=ORIENTED_EDGE('',*,*,#8168,.F.);
#10595=ORIENTED_EDGE('',*,*,#8167,.T.);
#10596=ORIENTED_EDGE('',*,*,#8169,.F.);
#10597=ORIENTED_EDGE('',*,*,#8170,.T.);
#10598=ORIENTED_EDGE('',*,*,#8171,.F.);
#10599=ORIENTED_EDGE('',*,*,#8170,.F.);
#10600=ORIENTED_EDGE('',*,*,#8172,.F.);
#10601=ORIENTED_EDGE('',*,*,#8173,.T.);
#10602=ORIENTED_EDGE('',*,*,#8174,.F.);
#10603=ORIENTED_EDGE('',*,*,#8173,.F.);
#10604=ORIENTED_EDGE('',*,*,#8175,.F.);
#10605=ORIENTED_EDGE('',*,*,#8159,.T.);
#10606=ORIENTED_EDGE('',*,*,#8176,.F.);
#10607=ORIENTED_EDGE('',*,*,#8177,.F.);
#10608=ORIENTED_EDGE('',*,*,#8178,.F.);
#10609=ORIENTED_EDGE('',*,*,#8179,.T.);
#10610=ORIENTED_EDGE('',*,*,#8180,.F.);
#10611=ORIENTED_EDGE('',*,*,#8179,.F.);
#10612=ORIENTED_EDGE('',*,*,#8181,.F.);
#10613=ORIENTED_EDGE('',*,*,#8182,.T.);
#10614=ORIENTED_EDGE('',*,*,#8183,.F.);
#10615=ORIENTED_EDGE('',*,*,#8182,.F.);
#10616=ORIENTED_EDGE('',*,*,#8184,.F.);
#10617=ORIENTED_EDGE('',*,*,#8185,.F.);
#10618=ORIENTED_EDGE('',*,*,#8186,.F.);
#10619=ORIENTED_EDGE('',*,*,#8185,.T.);
#10620=ORIENTED_EDGE('',*,*,#8187,.F.);
#10621=ORIENTED_EDGE('',*,*,#8188,.T.);
#10622=ORIENTED_EDGE('',*,*,#8189,.F.);
#10623=ORIENTED_EDGE('',*,*,#8188,.F.);
#10624=ORIENTED_EDGE('',*,*,#8190,.F.);
#10625=ORIENTED_EDGE('',*,*,#8191,.T.);
#10626=ORIENTED_EDGE('',*,*,#8192,.F.);
#10627=ORIENTED_EDGE('',*,*,#8191,.F.);
#10628=ORIENTED_EDGE('',*,*,#8193,.F.);
#10629=ORIENTED_EDGE('',*,*,#8177,.T.);
#10630=ORIENTED_EDGE('',*,*,#8194,.F.);
#10631=ORIENTED_EDGE('',*,*,#8195,.F.);
#10632=ORIENTED_EDGE('',*,*,#8196,.F.);
#10633=ORIENTED_EDGE('',*,*,#8197,.T.);
#10634=ORIENTED_EDGE('',*,*,#8198,.F.);
#10635=ORIENTED_EDGE('',*,*,#8197,.F.);
#10636=ORIENTED_EDGE('',*,*,#8199,.F.);
#10637=ORIENTED_EDGE('',*,*,#8200,.T.);
#10638=ORIENTED_EDGE('',*,*,#8201,.F.);
#10639=ORIENTED_EDGE('',*,*,#8200,.F.);
#10640=ORIENTED_EDGE('',*,*,#8202,.F.);
#10641=ORIENTED_EDGE('',*,*,#8203,.F.);
#10642=ORIENTED_EDGE('',*,*,#8204,.F.);
#10643=ORIENTED_EDGE('',*,*,#8203,.T.);
#10644=ORIENTED_EDGE('',*,*,#8205,.F.);
#10645=ORIENTED_EDGE('',*,*,#8206,.T.);
#10646=ORIENTED_EDGE('',*,*,#8207,.F.);
#10647=ORIENTED_EDGE('',*,*,#8206,.F.);
#10648=ORIENTED_EDGE('',*,*,#8208,.F.);
#10649=ORIENTED_EDGE('',*,*,#8209,.T.);
#10650=ORIENTED_EDGE('',*,*,#8210,.F.);
#10651=ORIENTED_EDGE('',*,*,#8209,.F.);
#10652=ORIENTED_EDGE('',*,*,#8211,.F.);
#10653=ORIENTED_EDGE('',*,*,#8195,.T.);
#10654=ORIENTED_EDGE('',*,*,#8212,.F.);
#10655=ORIENTED_EDGE('',*,*,#8213,.F.);
#10656=ORIENTED_EDGE('',*,*,#8214,.F.);
#10657=ORIENTED_EDGE('',*,*,#8215,.T.);
#10658=ORIENTED_EDGE('',*,*,#8216,.F.);
#10659=ORIENTED_EDGE('',*,*,#8215,.F.);
#10660=ORIENTED_EDGE('',*,*,#8217,.F.);
#10661=ORIENTED_EDGE('',*,*,#8218,.T.);
#10662=ORIENTED_EDGE('',*,*,#8219,.F.);
#10663=ORIENTED_EDGE('',*,*,#8218,.F.);
#10664=ORIENTED_EDGE('',*,*,#8220,.F.);
#10665=ORIENTED_EDGE('',*,*,#8221,.F.);
#10666=ORIENTED_EDGE('',*,*,#8222,.F.);
#10667=ORIENTED_EDGE('',*,*,#8221,.T.);
#10668=ORIENTED_EDGE('',*,*,#8223,.F.);
#10669=ORIENTED_EDGE('',*,*,#8224,.T.);
#10670=ORIENTED_EDGE('',*,*,#8225,.F.);
#10671=ORIENTED_EDGE('',*,*,#8224,.F.);
#10672=ORIENTED_EDGE('',*,*,#8226,.F.);
#10673=ORIENTED_EDGE('',*,*,#8227,.T.);
#10674=ORIENTED_EDGE('',*,*,#8228,.F.);
#10675=ORIENTED_EDGE('',*,*,#8227,.F.);
#10676=ORIENTED_EDGE('',*,*,#8229,.F.);
#10677=ORIENTED_EDGE('',*,*,#8213,.T.);
#10678=ORIENTED_EDGE('',*,*,#8230,.F.);
#10679=ORIENTED_EDGE('',*,*,#8231,.F.);
#10680=ORIENTED_EDGE('',*,*,#8232,.F.);
#10681=ORIENTED_EDGE('',*,*,#8233,.T.);
#10682=ORIENTED_EDGE('',*,*,#8234,.F.);
#10683=ORIENTED_EDGE('',*,*,#8233,.F.);
#10684=ORIENTED_EDGE('',*,*,#8235,.F.);
#10685=ORIENTED_EDGE('',*,*,#8236,.T.);
#10686=ORIENTED_EDGE('',*,*,#8237,.F.);
#10687=ORIENTED_EDGE('',*,*,#8236,.F.);
#10688=ORIENTED_EDGE('',*,*,#8238,.F.);
#10689=ORIENTED_EDGE('',*,*,#8239,.F.);
#10690=ORIENTED_EDGE('',*,*,#8240,.F.);
#10691=ORIENTED_EDGE('',*,*,#8239,.T.);
#10692=ORIENTED_EDGE('',*,*,#8241,.F.);
#10693=ORIENTED_EDGE('',*,*,#8242,.T.);
#10694=ORIENTED_EDGE('',*,*,#8243,.F.);
#10695=ORIENTED_EDGE('',*,*,#8242,.F.);
#10696=ORIENTED_EDGE('',*,*,#8244,.F.);
#10697=ORIENTED_EDGE('',*,*,#8245,.T.);
#10698=ORIENTED_EDGE('',*,*,#8246,.F.);
#10699=ORIENTED_EDGE('',*,*,#8245,.F.);
#10700=ORIENTED_EDGE('',*,*,#8247,.F.);
#10701=ORIENTED_EDGE('',*,*,#8231,.T.);
#10702=ORIENTED_EDGE('',*,*,#8248,.F.);
#10703=ORIENTED_EDGE('',*,*,#8249,.F.);
#10704=ORIENTED_EDGE('',*,*,#8250,.F.);
#10705=ORIENTED_EDGE('',*,*,#8251,.T.);
#10706=ORIENTED_EDGE('',*,*,#8252,.F.);
#10707=ORIENTED_EDGE('',*,*,#8251,.F.);
#10708=ORIENTED_EDGE('',*,*,#8253,.F.);
#10709=ORIENTED_EDGE('',*,*,#8254,.T.);
#10710=ORIENTED_EDGE('',*,*,#8255,.F.);
#10711=ORIENTED_EDGE('',*,*,#8254,.F.);
#10712=ORIENTED_EDGE('',*,*,#8256,.F.);
#10713=ORIENTED_EDGE('',*,*,#8257,.F.);
#10714=ORIENTED_EDGE('',*,*,#8258,.F.);
#10715=ORIENTED_EDGE('',*,*,#8257,.T.);
#10716=ORIENTED_EDGE('',*,*,#8259,.F.);
#10717=ORIENTED_EDGE('',*,*,#8260,.T.);
#10718=ORIENTED_EDGE('',*,*,#8261,.F.);
#10719=ORIENTED_EDGE('',*,*,#8260,.F.);
#10720=ORIENTED_EDGE('',*,*,#8262,.F.);
#10721=ORIENTED_EDGE('',*,*,#8263,.T.);
#10722=ORIENTED_EDGE('',*,*,#8264,.F.);
#10723=ORIENTED_EDGE('',*,*,#8263,.F.);
#10724=ORIENTED_EDGE('',*,*,#8265,.F.);
#10725=ORIENTED_EDGE('',*,*,#8249,.T.);
#10726=ORIENTED_EDGE('',*,*,#8266,.F.);
#10727=ORIENTED_EDGE('',*,*,#8267,.F.);
#10728=ORIENTED_EDGE('',*,*,#8268,.F.);
#10729=ORIENTED_EDGE('',*,*,#8269,.T.);
#10730=ORIENTED_EDGE('',*,*,#8270,.F.);
#10731=ORIENTED_EDGE('',*,*,#8269,.F.);
#10732=ORIENTED_EDGE('',*,*,#8271,.F.);
#10733=ORIENTED_EDGE('',*,*,#8272,.T.);
#10734=ORIENTED_EDGE('',*,*,#8273,.F.);
#10735=ORIENTED_EDGE('',*,*,#8272,.F.);
#10736=ORIENTED_EDGE('',*,*,#8274,.F.);
#10737=ORIENTED_EDGE('',*,*,#8275,.F.);
#10738=ORIENTED_EDGE('',*,*,#8276,.F.);
#10739=ORIENTED_EDGE('',*,*,#8275,.T.);
#10740=ORIENTED_EDGE('',*,*,#8277,.F.);
#10741=ORIENTED_EDGE('',*,*,#8278,.T.);
#10742=ORIENTED_EDGE('',*,*,#8279,.F.);
#10743=ORIENTED_EDGE('',*,*,#8278,.F.);
#10744=ORIENTED_EDGE('',*,*,#8280,.F.);
#10745=ORIENTED_EDGE('',*,*,#8281,.T.);
#10746=ORIENTED_EDGE('',*,*,#8282,.F.);
#10747=ORIENTED_EDGE('',*,*,#8281,.F.);
#10748=ORIENTED_EDGE('',*,*,#8283,.F.);
#10749=ORIENTED_EDGE('',*,*,#8267,.T.);
#10750=ORIENTED_EDGE('',*,*,#8284,.F.);
#10751=ORIENTED_EDGE('',*,*,#8285,.F.);
#10752=ORIENTED_EDGE('',*,*,#8286,.F.);
#10753=ORIENTED_EDGE('',*,*,#8287,.T.);
#10754=ORIENTED_EDGE('',*,*,#8288,.F.);
#10755=ORIENTED_EDGE('',*,*,#8287,.F.);
#10756=ORIENTED_EDGE('',*,*,#8289,.F.);
#10757=ORIENTED_EDGE('',*,*,#8290,.T.);
#10758=ORIENTED_EDGE('',*,*,#8291,.F.);
#10759=ORIENTED_EDGE('',*,*,#8290,.F.);
#10760=ORIENTED_EDGE('',*,*,#8292,.F.);
#10761=ORIENTED_EDGE('',*,*,#8293,.F.);
#10762=ORIENTED_EDGE('',*,*,#8294,.F.);
#10763=ORIENTED_EDGE('',*,*,#8293,.T.);
#10764=ORIENTED_EDGE('',*,*,#8295,.F.);
#10765=ORIENTED_EDGE('',*,*,#8296,.T.);
#10766=ORIENTED_EDGE('',*,*,#8297,.F.);
#10767=ORIENTED_EDGE('',*,*,#8296,.F.);
#10768=ORIENTED_EDGE('',*,*,#8298,.F.);
#10769=ORIENTED_EDGE('',*,*,#8299,.T.);
#10770=ORIENTED_EDGE('',*,*,#8300,.F.);
#10771=ORIENTED_EDGE('',*,*,#8299,.F.);
#10772=ORIENTED_EDGE('',*,*,#8301,.F.);
#10773=ORIENTED_EDGE('',*,*,#8285,.T.);
#10774=ORIENTED_EDGE('',*,*,#8302,.F.);
#10775=ORIENTED_EDGE('',*,*,#8303,.F.);
#10776=ORIENTED_EDGE('',*,*,#8304,.F.);
#10777=ORIENTED_EDGE('',*,*,#8305,.T.);
#10778=ORIENTED_EDGE('',*,*,#8306,.F.);
#10779=ORIENTED_EDGE('',*,*,#8305,.F.);
#10780=ORIENTED_EDGE('',*,*,#8307,.F.);
#10781=ORIENTED_EDGE('',*,*,#8308,.T.);
#10782=ORIENTED_EDGE('',*,*,#8309,.F.);
#10783=ORIENTED_EDGE('',*,*,#8308,.F.);
#10784=ORIENTED_EDGE('',*,*,#8310,.F.);
#10785=ORIENTED_EDGE('',*,*,#8311,.F.);
#10786=ORIENTED_EDGE('',*,*,#8312,.F.);
#10787=ORIENTED_EDGE('',*,*,#8311,.T.);
#10788=ORIENTED_EDGE('',*,*,#8313,.F.);
#10789=ORIENTED_EDGE('',*,*,#8314,.T.);
#10790=ORIENTED_EDGE('',*,*,#8315,.F.);
#10791=ORIENTED_EDGE('',*,*,#8314,.F.);
#10792=ORIENTED_EDGE('',*,*,#8316,.F.);
#10793=ORIENTED_EDGE('',*,*,#8317,.T.);
#10794=ORIENTED_EDGE('',*,*,#8318,.F.);
#10795=ORIENTED_EDGE('',*,*,#8317,.F.);
#10796=ORIENTED_EDGE('',*,*,#8319,.F.);
#10797=ORIENTED_EDGE('',*,*,#8303,.T.);
#10798=ORIENTED_EDGE('',*,*,#8320,.F.);
#10799=ORIENTED_EDGE('',*,*,#8321,.F.);
#10800=ORIENTED_EDGE('',*,*,#8322,.F.);
#10801=ORIENTED_EDGE('',*,*,#8323,.T.);
#10802=ORIENTED_EDGE('',*,*,#8324,.F.);
#10803=ORIENTED_EDGE('',*,*,#8323,.F.);
#10804=ORIENTED_EDGE('',*,*,#8325,.F.);
#10805=ORIENTED_EDGE('',*,*,#8326,.T.);
#10806=ORIENTED_EDGE('',*,*,#8327,.F.);
#10807=ORIENTED_EDGE('',*,*,#8326,.F.);
#10808=ORIENTED_EDGE('',*,*,#8328,.F.);
#10809=ORIENTED_EDGE('',*,*,#8329,.F.);
#10810=ORIENTED_EDGE('',*,*,#8330,.F.);
#10811=ORIENTED_EDGE('',*,*,#8329,.T.);
#10812=ORIENTED_EDGE('',*,*,#8331,.F.);
#10813=ORIENTED_EDGE('',*,*,#8332,.T.);
#10814=ORIENTED_EDGE('',*,*,#8333,.F.);
#10815=ORIENTED_EDGE('',*,*,#8332,.F.);
#10816=ORIENTED_EDGE('',*,*,#8334,.F.);
#10817=ORIENTED_EDGE('',*,*,#8335,.T.);
#10818=ORIENTED_EDGE('',*,*,#8336,.F.);
#10819=ORIENTED_EDGE('',*,*,#8335,.F.);
#10820=ORIENTED_EDGE('',*,*,#8337,.F.);
#10821=ORIENTED_EDGE('',*,*,#8321,.T.);
#10822=ORIENTED_EDGE('',*,*,#8338,.F.);
#10823=ORIENTED_EDGE('',*,*,#8339,.F.);
#10824=ORIENTED_EDGE('',*,*,#8340,.F.);
#10825=ORIENTED_EDGE('',*,*,#8341,.T.);
#10826=ORIENTED_EDGE('',*,*,#8342,.F.);
#10827=ORIENTED_EDGE('',*,*,#8341,.F.);
#10828=ORIENTED_EDGE('',*,*,#8343,.F.);
#10829=ORIENTED_EDGE('',*,*,#8344,.T.);
#10830=ORIENTED_EDGE('',*,*,#8345,.F.);
#10831=ORIENTED_EDGE('',*,*,#8344,.F.);
#10832=ORIENTED_EDGE('',*,*,#8346,.F.);
#10833=ORIENTED_EDGE('',*,*,#8347,.F.);
#10834=ORIENTED_EDGE('',*,*,#8348,.F.);
#10835=ORIENTED_EDGE('',*,*,#8347,.T.);
#10836=ORIENTED_EDGE('',*,*,#8349,.F.);
#10837=ORIENTED_EDGE('',*,*,#8350,.T.);
#10838=ORIENTED_EDGE('',*,*,#8351,.F.);
#10839=ORIENTED_EDGE('',*,*,#8350,.F.);
#10840=ORIENTED_EDGE('',*,*,#8352,.F.);
#10841=ORIENTED_EDGE('',*,*,#8353,.T.);
#10842=ORIENTED_EDGE('',*,*,#8354,.F.);
#10843=ORIENTED_EDGE('',*,*,#8353,.F.);
#10844=ORIENTED_EDGE('',*,*,#8355,.F.);
#10845=ORIENTED_EDGE('',*,*,#8339,.T.);
#10846=ORIENTED_EDGE('',*,*,#8356,.F.);
#10847=ORIENTED_EDGE('',*,*,#8357,.F.);
#10848=ORIENTED_EDGE('',*,*,#8358,.F.);
#10849=ORIENTED_EDGE('',*,*,#8359,.T.);
#10850=ORIENTED_EDGE('',*,*,#8360,.F.);
#10851=ORIENTED_EDGE('',*,*,#8359,.F.);
#10852=ORIENTED_EDGE('',*,*,#8361,.F.);
#10853=ORIENTED_EDGE('',*,*,#8362,.T.);
#10854=ORIENTED_EDGE('',*,*,#8363,.F.);
#10855=ORIENTED_EDGE('',*,*,#8362,.F.);
#10856=ORIENTED_EDGE('',*,*,#8364,.F.);
#10857=ORIENTED_EDGE('',*,*,#8365,.F.);
#10858=ORIENTED_EDGE('',*,*,#8366,.F.);
#10859=ORIENTED_EDGE('',*,*,#8365,.T.);
#10860=ORIENTED_EDGE('',*,*,#8367,.F.);
#10861=ORIENTED_EDGE('',*,*,#8368,.T.);
#10862=ORIENTED_EDGE('',*,*,#8369,.F.);
#10863=ORIENTED_EDGE('',*,*,#8368,.F.);
#10864=ORIENTED_EDGE('',*,*,#8370,.F.);
#10865=ORIENTED_EDGE('',*,*,#8371,.T.);
#10866=ORIENTED_EDGE('',*,*,#8372,.F.);
#10867=ORIENTED_EDGE('',*,*,#8371,.F.);
#10868=ORIENTED_EDGE('',*,*,#8373,.F.);
#10869=ORIENTED_EDGE('',*,*,#8357,.T.);
#10870=ORIENTED_EDGE('',*,*,#8374,.F.);
#10871=ORIENTED_EDGE('',*,*,#8375,.F.);
#10872=ORIENTED_EDGE('',*,*,#8376,.F.);
#10873=ORIENTED_EDGE('',*,*,#8377,.T.);
#10874=ORIENTED_EDGE('',*,*,#8378,.F.);
#10875=ORIENTED_EDGE('',*,*,#8377,.F.);
#10876=ORIENTED_EDGE('',*,*,#8379,.F.);
#10877=ORIENTED_EDGE('',*,*,#8380,.T.);
#10878=ORIENTED_EDGE('',*,*,#8381,.F.);
#10879=ORIENTED_EDGE('',*,*,#8380,.F.);
#10880=ORIENTED_EDGE('',*,*,#8382,.F.);
#10881=ORIENTED_EDGE('',*,*,#8383,.F.);
#10882=ORIENTED_EDGE('',*,*,#8384,.F.);
#10883=ORIENTED_EDGE('',*,*,#8383,.T.);
#10884=ORIENTED_EDGE('',*,*,#8385,.F.);
#10885=ORIENTED_EDGE('',*,*,#8386,.T.);
#10886=ORIENTED_EDGE('',*,*,#8387,.F.);
#10887=ORIENTED_EDGE('',*,*,#8386,.F.);
#10888=ORIENTED_EDGE('',*,*,#8388,.F.);
#10889=ORIENTED_EDGE('',*,*,#8389,.T.);
#10890=ORIENTED_EDGE('',*,*,#8390,.F.);
#10891=ORIENTED_EDGE('',*,*,#8389,.F.);
#10892=ORIENTED_EDGE('',*,*,#8391,.F.);
#10893=ORIENTED_EDGE('',*,*,#8375,.T.);
#10894=ORIENTED_EDGE('',*,*,#8392,.F.);
#10895=ORIENTED_EDGE('',*,*,#8393,.F.);
#10896=ORIENTED_EDGE('',*,*,#8394,.F.);
#10897=ORIENTED_EDGE('',*,*,#8395,.T.);
#10898=ORIENTED_EDGE('',*,*,#8396,.F.);
#10899=ORIENTED_EDGE('',*,*,#8395,.F.);
#10900=ORIENTED_EDGE('',*,*,#8397,.F.);
#10901=ORIENTED_EDGE('',*,*,#8398,.T.);
#10902=ORIENTED_EDGE('',*,*,#8399,.F.);
#10903=ORIENTED_EDGE('',*,*,#8398,.F.);
#10904=ORIENTED_EDGE('',*,*,#8400,.F.);
#10905=ORIENTED_EDGE('',*,*,#8401,.F.);
#10906=ORIENTED_EDGE('',*,*,#8402,.F.);
#10907=ORIENTED_EDGE('',*,*,#8401,.T.);
#10908=ORIENTED_EDGE('',*,*,#8403,.F.);
#10909=ORIENTED_EDGE('',*,*,#8404,.T.);
#10910=ORIENTED_EDGE('',*,*,#8405,.F.);
#10911=ORIENTED_EDGE('',*,*,#8404,.F.);
#10912=ORIENTED_EDGE('',*,*,#8406,.F.);
#10913=ORIENTED_EDGE('',*,*,#8407,.T.);
#10914=ORIENTED_EDGE('',*,*,#8408,.F.);
#10915=ORIENTED_EDGE('',*,*,#8407,.F.);
#10916=ORIENTED_EDGE('',*,*,#8409,.F.);
#10917=ORIENTED_EDGE('',*,*,#8393,.T.);
#10918=ORIENTED_EDGE('',*,*,#8410,.F.);
#10919=ORIENTED_EDGE('',*,*,#8411,.F.);
#10920=ORIENTED_EDGE('',*,*,#8412,.F.);
#10921=ORIENTED_EDGE('',*,*,#8413,.T.);
#10922=ORIENTED_EDGE('',*,*,#8414,.F.);
#10923=ORIENTED_EDGE('',*,*,#8413,.F.);
#10924=ORIENTED_EDGE('',*,*,#8415,.F.);
#10925=ORIENTED_EDGE('',*,*,#8416,.T.);
#10926=ORIENTED_EDGE('',*,*,#8417,.F.);
#10927=ORIENTED_EDGE('',*,*,#8416,.F.);
#10928=ORIENTED_EDGE('',*,*,#8418,.F.);
#10929=ORIENTED_EDGE('',*,*,#8419,.F.);
#10930=ORIENTED_EDGE('',*,*,#8420,.F.);
#10931=ORIENTED_EDGE('',*,*,#8419,.T.);
#10932=ORIENTED_EDGE('',*,*,#8421,.F.);
#10933=ORIENTED_EDGE('',*,*,#8422,.T.);
#10934=ORIENTED_EDGE('',*,*,#8423,.F.);
#10935=ORIENTED_EDGE('',*,*,#8422,.F.);
#10936=ORIENTED_EDGE('',*,*,#8424,.F.);
#10937=ORIENTED_EDGE('',*,*,#8425,.T.);
#10938=ORIENTED_EDGE('',*,*,#8426,.F.);
#10939=ORIENTED_EDGE('',*,*,#8425,.F.);
#10940=ORIENTED_EDGE('',*,*,#8427,.F.);
#10941=ORIENTED_EDGE('',*,*,#8411,.T.);
#10942=ORIENTED_EDGE('',*,*,#8428,.F.);
#10943=ORIENTED_EDGE('',*,*,#8429,.F.);
#10944=ORIENTED_EDGE('',*,*,#8430,.F.);
#10945=ORIENTED_EDGE('',*,*,#8431,.T.);
#10946=ORIENTED_EDGE('',*,*,#8432,.F.);
#10947=ORIENTED_EDGE('',*,*,#8431,.F.);
#10948=ORIENTED_EDGE('',*,*,#8433,.F.);
#10949=ORIENTED_EDGE('',*,*,#8434,.T.);
#10950=ORIENTED_EDGE('',*,*,#8435,.F.);
#10951=ORIENTED_EDGE('',*,*,#8434,.F.);
#10952=ORIENTED_EDGE('',*,*,#8436,.F.);
#10953=ORIENTED_EDGE('',*,*,#8437,.F.);
#10954=ORIENTED_EDGE('',*,*,#8438,.F.);
#10955=ORIENTED_EDGE('',*,*,#8437,.T.);
#10956=ORIENTED_EDGE('',*,*,#8439,.F.);
#10957=ORIENTED_EDGE('',*,*,#8440,.T.);
#10958=ORIENTED_EDGE('',*,*,#8441,.F.);
#10959=ORIENTED_EDGE('',*,*,#8440,.F.);
#10960=ORIENTED_EDGE('',*,*,#8442,.F.);
#10961=ORIENTED_EDGE('',*,*,#8443,.T.);
#10962=ORIENTED_EDGE('',*,*,#8444,.F.);
#10963=ORIENTED_EDGE('',*,*,#8443,.F.);
#10964=ORIENTED_EDGE('',*,*,#8445,.F.);
#10965=ORIENTED_EDGE('',*,*,#8429,.T.);
#10966=ORIENTED_EDGE('',*,*,#8446,.F.);
#10967=ORIENTED_EDGE('',*,*,#8447,.F.);
#10968=ORIENTED_EDGE('',*,*,#8448,.F.);
#10969=ORIENTED_EDGE('',*,*,#8449,.T.);
#10970=ORIENTED_EDGE('',*,*,#8450,.F.);
#10971=ORIENTED_EDGE('',*,*,#8449,.F.);
#10972=ORIENTED_EDGE('',*,*,#8451,.F.);
#10973=ORIENTED_EDGE('',*,*,#8452,.T.);
#10974=ORIENTED_EDGE('',*,*,#8453,.F.);
#10975=ORIENTED_EDGE('',*,*,#8452,.F.);
#10976=ORIENTED_EDGE('',*,*,#8454,.F.);
#10977=ORIENTED_EDGE('',*,*,#8455,.F.);
#10978=ORIENTED_EDGE('',*,*,#8456,.F.);
#10979=ORIENTED_EDGE('',*,*,#8455,.T.);
#10980=ORIENTED_EDGE('',*,*,#8457,.F.);
#10981=ORIENTED_EDGE('',*,*,#8458,.T.);
#10982=ORIENTED_EDGE('',*,*,#8459,.F.);
#10983=ORIENTED_EDGE('',*,*,#8458,.F.);
#10984=ORIENTED_EDGE('',*,*,#8460,.F.);
#10985=ORIENTED_EDGE('',*,*,#8461,.T.);
#10986=ORIENTED_EDGE('',*,*,#8462,.F.);
#10987=ORIENTED_EDGE('',*,*,#8461,.F.);
#10988=ORIENTED_EDGE('',*,*,#8463,.F.);
#10989=ORIENTED_EDGE('',*,*,#8447,.T.);
#10990=ORIENTED_EDGE('',*,*,#8464,.F.);
#10991=ORIENTED_EDGE('',*,*,#8465,.F.);
#10992=ORIENTED_EDGE('',*,*,#8466,.F.);
#10993=ORIENTED_EDGE('',*,*,#8467,.T.);
#10994=ORIENTED_EDGE('',*,*,#8468,.F.);
#10995=ORIENTED_EDGE('',*,*,#8467,.F.);
#10996=ORIENTED_EDGE('',*,*,#8469,.F.);
#10997=ORIENTED_EDGE('',*,*,#8470,.T.);
#10998=ORIENTED_EDGE('',*,*,#8471,.F.);
#10999=ORIENTED_EDGE('',*,*,#8470,.F.);
#11000=ORIENTED_EDGE('',*,*,#8472,.F.);
#11001=ORIENTED_EDGE('',*,*,#8473,.F.);
#11002=ORIENTED_EDGE('',*,*,#8474,.F.);
#11003=ORIENTED_EDGE('',*,*,#8473,.T.);
#11004=ORIENTED_EDGE('',*,*,#8475,.F.);
#11005=ORIENTED_EDGE('',*,*,#8476,.T.);
#11006=ORIENTED_EDGE('',*,*,#8477,.F.);
#11007=ORIENTED_EDGE('',*,*,#8476,.F.);
#11008=ORIENTED_EDGE('',*,*,#8478,.F.);
#11009=ORIENTED_EDGE('',*,*,#8479,.T.);
#11010=ORIENTED_EDGE('',*,*,#8480,.F.);
#11011=ORIENTED_EDGE('',*,*,#8479,.F.);
#11012=ORIENTED_EDGE('',*,*,#8481,.F.);
#11013=ORIENTED_EDGE('',*,*,#8465,.T.);
#11014=ORIENTED_EDGE('',*,*,#8482,.F.);
#11015=ORIENTED_EDGE('',*,*,#8483,.F.);
#11016=ORIENTED_EDGE('',*,*,#8484,.F.);
#11017=ORIENTED_EDGE('',*,*,#8485,.T.);
#11018=ORIENTED_EDGE('',*,*,#8486,.F.);
#11019=ORIENTED_EDGE('',*,*,#8485,.F.);
#11020=ORIENTED_EDGE('',*,*,#8487,.F.);
#11021=ORIENTED_EDGE('',*,*,#8488,.T.);
#11022=ORIENTED_EDGE('',*,*,#8489,.F.);
#11023=ORIENTED_EDGE('',*,*,#8488,.F.);
#11024=ORIENTED_EDGE('',*,*,#8490,.F.);
#11025=ORIENTED_EDGE('',*,*,#8491,.F.);
#11026=ORIENTED_EDGE('',*,*,#8492,.F.);
#11027=ORIENTED_EDGE('',*,*,#8491,.T.);
#11028=ORIENTED_EDGE('',*,*,#8493,.F.);
#11029=ORIENTED_EDGE('',*,*,#8494,.T.);
#11030=ORIENTED_EDGE('',*,*,#8495,.F.);
#11031=ORIENTED_EDGE('',*,*,#8494,.F.);
#11032=ORIENTED_EDGE('',*,*,#8496,.F.);
#11033=ORIENTED_EDGE('',*,*,#8497,.T.);
#11034=ORIENTED_EDGE('',*,*,#8498,.F.);
#11035=ORIENTED_EDGE('',*,*,#8497,.F.);
#11036=ORIENTED_EDGE('',*,*,#8499,.F.);
#11037=ORIENTED_EDGE('',*,*,#8483,.T.);
#11038=ORIENTED_EDGE('',*,*,#8500,.F.);
#11039=ORIENTED_EDGE('',*,*,#8501,.F.);
#11040=ORIENTED_EDGE('',*,*,#8502,.F.);
#11041=ORIENTED_EDGE('',*,*,#8503,.T.);
#11042=ORIENTED_EDGE('',*,*,#8504,.F.);
#11043=ORIENTED_EDGE('',*,*,#8503,.F.);
#11044=ORIENTED_EDGE('',*,*,#8505,.F.);
#11045=ORIENTED_EDGE('',*,*,#8506,.T.);
#11046=ORIENTED_EDGE('',*,*,#8507,.F.);
#11047=ORIENTED_EDGE('',*,*,#8506,.F.);
#11048=ORIENTED_EDGE('',*,*,#8508,.F.);
#11049=ORIENTED_EDGE('',*,*,#8509,.F.);
#11050=ORIENTED_EDGE('',*,*,#8510,.F.);
#11051=ORIENTED_EDGE('',*,*,#8509,.T.);
#11052=ORIENTED_EDGE('',*,*,#8511,.F.);
#11053=ORIENTED_EDGE('',*,*,#8512,.T.);
#11054=ORIENTED_EDGE('',*,*,#8513,.F.);
#11055=ORIENTED_EDGE('',*,*,#8512,.F.);
#11056=ORIENTED_EDGE('',*,*,#8514,.F.);
#11057=ORIENTED_EDGE('',*,*,#8515,.T.);
#11058=ORIENTED_EDGE('',*,*,#8516,.F.);
#11059=ORIENTED_EDGE('',*,*,#8515,.F.);
#11060=ORIENTED_EDGE('',*,*,#8517,.F.);
#11061=ORIENTED_EDGE('',*,*,#8501,.T.);
#11062=ORIENTED_EDGE('',*,*,#8518,.F.);
#11063=ORIENTED_EDGE('',*,*,#8519,.F.);
#11064=ORIENTED_EDGE('',*,*,#8520,.F.);
#11065=ORIENTED_EDGE('',*,*,#8521,.T.);
#11066=ORIENTED_EDGE('',*,*,#8522,.F.);
#11067=ORIENTED_EDGE('',*,*,#8521,.F.);
#11068=ORIENTED_EDGE('',*,*,#8523,.F.);
#11069=ORIENTED_EDGE('',*,*,#8524,.T.);
#11070=ORIENTED_EDGE('',*,*,#8525,.F.);
#11071=ORIENTED_EDGE('',*,*,#8524,.F.);
#11072=ORIENTED_EDGE('',*,*,#8526,.F.);
#11073=ORIENTED_EDGE('',*,*,#8527,.F.);
#11074=ORIENTED_EDGE('',*,*,#8528,.F.);
#11075=ORIENTED_EDGE('',*,*,#8527,.T.);
#11076=ORIENTED_EDGE('',*,*,#8529,.F.);
#11077=ORIENTED_EDGE('',*,*,#8530,.T.);
#11078=ORIENTED_EDGE('',*,*,#8531,.F.);
#11079=ORIENTED_EDGE('',*,*,#8530,.F.);
#11080=ORIENTED_EDGE('',*,*,#8532,.F.);
#11081=ORIENTED_EDGE('',*,*,#8533,.T.);
#11082=ORIENTED_EDGE('',*,*,#8534,.F.);
#11083=ORIENTED_EDGE('',*,*,#8533,.F.);
#11084=ORIENTED_EDGE('',*,*,#8535,.F.);
#11085=ORIENTED_EDGE('',*,*,#8519,.T.);
#11086=ORIENTED_EDGE('',*,*,#8536,.F.);
#11087=ORIENTED_EDGE('',*,*,#8537,.T.);
#11088=ORIENTED_EDGE('',*,*,#8538,.F.);
#11089=ORIENTED_EDGE('',*,*,#8537,.F.);
#11090=ORIENTED_EDGE('',*,*,#8539,.F.);
#11091=ORIENTED_EDGE('',*,*,#8540,.T.);
#11092=ORIENTED_EDGE('',*,*,#8541,.F.);
#11093=ORIENTED_EDGE('',*,*,#8542,.F.);
#11094=ORIENTED_EDGE('',*,*,#8543,.F.);
#11095=ORIENTED_EDGE('',*,*,#8542,.T.);
#11096=ORIENTED_EDGE('',*,*,#8544,.F.);
#11097=ORIENTED_EDGE('',*,*,#8545,.F.);
#11098=ORIENTED_EDGE('',*,*,#8546,.F.);
#11099=ORIENTED_EDGE('',*,*,#8545,.T.);
#11100=ORIENTED_EDGE('',*,*,#8547,.F.);
#11101=ORIENTED_EDGE('',*,*,#8548,.T.);
#11102=ORIENTED_EDGE('',*,*,#8549,.F.);
#11103=ORIENTED_EDGE('',*,*,#8548,.F.);
#11104=ORIENTED_EDGE('',*,*,#8550,.F.);
#11105=ORIENTED_EDGE('',*,*,#8540,.F.);
#11106=ORIENTED_EDGE('',*,*,#8551,.F.);
#11107=ORIENTED_EDGE('',*,*,#8552,.T.);
#11108=ORIENTED_EDGE('',*,*,#8553,.F.);
#11109=ORIENTED_EDGE('',*,*,#8554,.F.);
#11110=ORIENTED_EDGE('',*,*,#8555,.F.);
#11111=ORIENTED_EDGE('',*,*,#8554,.T.);
#11112=ORIENTED_EDGE('',*,*,#8556,.F.);
#11113=ORIENTED_EDGE('',*,*,#8557,.F.);
#11114=ORIENTED_EDGE('',*,*,#8558,.F.);
#11115=ORIENTED_EDGE('',*,*,#8557,.T.);
#11116=ORIENTED_EDGE('',*,*,#8559,.F.);
#11117=ORIENTED_EDGE('',*,*,#8560,.T.);
#11118=ORIENTED_EDGE('',*,*,#8561,.F.);
#11119=ORIENTED_EDGE('',*,*,#8560,.F.);
#11120=ORIENTED_EDGE('',*,*,#8562,.F.);
#11121=ORIENTED_EDGE('',*,*,#8552,.F.);
#11122=ORIENTED_EDGE('',*,*,#8563,.F.);
#11123=ORIENTED_EDGE('',*,*,#8564,.T.);
#11124=ORIENTED_EDGE('',*,*,#8565,.F.);
#11125=ORIENTED_EDGE('',*,*,#8564,.F.);
#11126=ORIENTED_EDGE('',*,*,#8566,.F.);
#11127=ORIENTED_EDGE('',*,*,#8567,.T.);
#11128=ORIENTED_EDGE('',*,*,#8568,.T.);
#11129=ORIENTED_EDGE('',*,*,#8567,.F.);
#11130=ORIENTED_EDGE('',*,*,#8568,.F.);
#11131=ORIENTED_EDGE('',*,*,#8569,.F.);
#11132=ORIENTED_EDGE('',*,*,#8570,.T.);
#11133=ORIENTED_EDGE('',*,*,#8571,.T.);
#11134=ORIENTED_EDGE('',*,*,#8570,.F.);
#11135=ORIENTED_EDGE('',*,*,#8571,.F.);
#11136=ORIENTED_EDGE('',*,*,#8572,.F.);
#11137=ORIENTED_EDGE('',*,*,#8573,.T.);
#11138=ORIENTED_EDGE('',*,*,#8574,.T.);
#11139=ORIENTED_EDGE('',*,*,#8573,.F.);
#11140=ORIENTED_EDGE('',*,*,#8574,.F.);
#11141=ORIENTED_EDGE('',*,*,#8575,.F.);
#11142=ORIENTED_EDGE('',*,*,#8576,.T.);
#11143=ORIENTED_EDGE('',*,*,#8577,.T.);
#11144=ORIENTED_EDGE('',*,*,#8576,.F.);
#11145=ORIENTED_EDGE('',*,*,#8577,.F.);
#11146=ORIENTED_EDGE('',*,*,#8578,.F.);
#11147=ORIENTED_EDGE('',*,*,#8579,.F.);
#11148=ORIENTED_EDGE('',*,*,#8580,.T.);
#11149=ORIENTED_EDGE('',*,*,#8581,.F.);
#11150=ORIENTED_EDGE('',*,*,#8578,.T.);
#11151=ORIENTED_EDGE('',*,*,#8582,.F.);
#11152=ORIENTED_EDGE('',*,*,#8580,.F.);
#11153=ORIENTED_EDGE('',*,*,#8583,.F.);
#11154=ORIENTED_EDGE('',*,*,#8582,.T.);
#11155=ORIENTED_EDGE('',*,*,#8581,.T.);
#11156=ORIENTED_EDGE('',*,*,#8575,.T.);
#11157=ORIENTED_EDGE('',*,*,#8584,.F.);
#11158=ORIENTED_EDGE('',*,*,#8585,.F.);
#11159=ORIENTED_EDGE('',*,*,#8586,.T.);
#11160=ORIENTED_EDGE('',*,*,#8587,.F.);
#11161=ORIENTED_EDGE('',*,*,#7520,.T.);
#11162=ORIENTED_EDGE('',*,*,#7526,.T.);
#11163=ORIENTED_EDGE('',*,*,#7523,.T.);
#11164=ORIENTED_EDGE('',*,*,#7510,.T.);
#11165=ORIENTED_EDGE('',*,*,#7514,.T.);
#11166=ORIENTED_EDGE('',*,*,#7517,.T.);
#11167=ORIENTED_EDGE('',*,*,#7502,.T.);
#11168=ORIENTED_EDGE('',*,*,#7508,.T.);
#11169=ORIENTED_EDGE('',*,*,#7505,.T.);
#11170=ORIENTED_EDGE('',*,*,#7492,.T.);
#11171=ORIENTED_EDGE('',*,*,#7496,.T.);
#11172=ORIENTED_EDGE('',*,*,#7499,.T.);
#11173=ORIENTED_EDGE('',*,*,#7484,.T.);
#11174=ORIENTED_EDGE('',*,*,#7490,.T.);
#11175=ORIENTED_EDGE('',*,*,#7487,.T.);
#11176=ORIENTED_EDGE('',*,*,#7474,.T.);
#11177=ORIENTED_EDGE('',*,*,#7478,.T.);
#11178=ORIENTED_EDGE('',*,*,#7481,.T.);
#11179=ORIENTED_EDGE('',*,*,#7466,.T.);
#11180=ORIENTED_EDGE('',*,*,#7472,.T.);
#11181=ORIENTED_EDGE('',*,*,#7469,.T.);
#11182=ORIENTED_EDGE('',*,*,#7456,.T.);
#11183=ORIENTED_EDGE('',*,*,#7460,.T.);
#11184=ORIENTED_EDGE('',*,*,#7463,.T.);
#11185=ORIENTED_EDGE('',*,*,#7448,.T.);
#11186=ORIENTED_EDGE('',*,*,#7454,.T.);
#11187=ORIENTED_EDGE('',*,*,#7451,.T.);
#11188=ORIENTED_EDGE('',*,*,#7438,.T.);
#11189=ORIENTED_EDGE('',*,*,#7442,.T.);
#11190=ORIENTED_EDGE('',*,*,#7445,.T.);
#11191=ORIENTED_EDGE('',*,*,#7430,.T.);
#11192=ORIENTED_EDGE('',*,*,#7436,.T.);
#11193=ORIENTED_EDGE('',*,*,#7433,.T.);
#11194=ORIENTED_EDGE('',*,*,#7420,.T.);
#11195=ORIENTED_EDGE('',*,*,#7424,.T.);
#11196=ORIENTED_EDGE('',*,*,#7427,.T.);
#11197=ORIENTED_EDGE('',*,*,#7412,.T.);
#11198=ORIENTED_EDGE('',*,*,#7418,.T.);
#11199=ORIENTED_EDGE('',*,*,#7415,.T.);
#11200=ORIENTED_EDGE('',*,*,#7402,.T.);
#11201=ORIENTED_EDGE('',*,*,#7406,.T.);
#11202=ORIENTED_EDGE('',*,*,#7409,.T.);
#11203=ORIENTED_EDGE('',*,*,#7394,.T.);
#11204=ORIENTED_EDGE('',*,*,#7400,.T.);
#11205=ORIENTED_EDGE('',*,*,#7397,.T.);
#11206=ORIENTED_EDGE('',*,*,#7384,.T.);
#11207=ORIENTED_EDGE('',*,*,#7388,.T.);
#11208=ORIENTED_EDGE('',*,*,#7391,.T.);
#11209=ORIENTED_EDGE('',*,*,#7376,.T.);
#11210=ORIENTED_EDGE('',*,*,#7382,.T.);
#11211=ORIENTED_EDGE('',*,*,#7379,.T.);
#11212=ORIENTED_EDGE('',*,*,#7366,.T.);
#11213=ORIENTED_EDGE('',*,*,#7370,.T.);
#11214=ORIENTED_EDGE('',*,*,#7373,.T.);
#11215=ORIENTED_EDGE('',*,*,#7358,.T.);
#11216=ORIENTED_EDGE('',*,*,#7364,.T.);
#11217=ORIENTED_EDGE('',*,*,#7361,.T.);
#11218=ORIENTED_EDGE('',*,*,#7348,.T.);
#11219=ORIENTED_EDGE('',*,*,#7352,.T.);
#11220=ORIENTED_EDGE('',*,*,#7355,.T.);
#11221=ORIENTED_EDGE('',*,*,#7340,.T.);
#11222=ORIENTED_EDGE('',*,*,#7346,.T.);
#11223=ORIENTED_EDGE('',*,*,#7343,.T.);
#11224=ORIENTED_EDGE('',*,*,#7330,.T.);
#11225=ORIENTED_EDGE('',*,*,#7334,.T.);
#11226=ORIENTED_EDGE('',*,*,#7337,.T.);
#11227=ORIENTED_EDGE('',*,*,#7322,.T.);
#11228=ORIENTED_EDGE('',*,*,#7328,.T.);
#11229=ORIENTED_EDGE('',*,*,#7325,.T.);
#11230=ORIENTED_EDGE('',*,*,#7312,.T.);
#11231=ORIENTED_EDGE('',*,*,#7316,.T.);
#11232=ORIENTED_EDGE('',*,*,#7319,.T.);
#11233=ORIENTED_EDGE('',*,*,#7304,.T.);
#11234=ORIENTED_EDGE('',*,*,#7310,.T.);
#11235=ORIENTED_EDGE('',*,*,#7307,.T.);
#11236=ORIENTED_EDGE('',*,*,#7294,.T.);
#11237=ORIENTED_EDGE('',*,*,#7298,.T.);
#11238=ORIENTED_EDGE('',*,*,#7301,.T.);
#11239=ORIENTED_EDGE('',*,*,#7286,.T.);
#11240=ORIENTED_EDGE('',*,*,#7292,.T.);
#11241=ORIENTED_EDGE('',*,*,#7289,.T.);
#11242=ORIENTED_EDGE('',*,*,#7276,.T.);
#11243=ORIENTED_EDGE('',*,*,#7280,.T.);
#11244=ORIENTED_EDGE('',*,*,#7283,.T.);
#11245=ORIENTED_EDGE('',*,*,#7268,.T.);
#11246=ORIENTED_EDGE('',*,*,#7274,.T.);
#11247=ORIENTED_EDGE('',*,*,#7271,.T.);
#11248=ORIENTED_EDGE('',*,*,#7258,.T.);
#11249=ORIENTED_EDGE('',*,*,#7262,.T.);
#11250=ORIENTED_EDGE('',*,*,#7265,.T.);
#11251=ORIENTED_EDGE('',*,*,#7250,.T.);
#11252=ORIENTED_EDGE('',*,*,#7256,.T.);
#11253=ORIENTED_EDGE('',*,*,#7253,.T.);
#11254=ORIENTED_EDGE('',*,*,#7240,.T.);
#11255=ORIENTED_EDGE('',*,*,#7244,.T.);
#11256=ORIENTED_EDGE('',*,*,#7247,.T.);
#11257=ORIENTED_EDGE('',*,*,#7232,.T.);
#11258=ORIENTED_EDGE('',*,*,#7238,.T.);
#11259=ORIENTED_EDGE('',*,*,#7235,.T.);
#11260=ORIENTED_EDGE('',*,*,#7222,.T.);
#11261=ORIENTED_EDGE('',*,*,#7226,.T.);
#11262=ORIENTED_EDGE('',*,*,#7229,.T.);
#11263=ORIENTED_EDGE('',*,*,#8588,.F.);
#11264=ORIENTED_EDGE('',*,*,#8589,.F.);
#11265=ORIENTED_EDGE('',*,*,#8590,.T.);
#11266=ORIENTED_EDGE('',*,*,#8591,.F.);
#11267=ORIENTED_EDGE('',*,*,#8579,.T.);
#11268=ORIENTED_EDGE('',*,*,#8592,.T.);
#11269=ORIENTED_EDGE('',*,*,#8589,.T.);
#11270=ORIENTED_EDGE('',*,*,#8583,.T.);
#11271=ORIENTED_EDGE('',*,*,#8593,.T.);
#11272=ORIENTED_EDGE('',*,*,#8594,.T.);
#11273=ORIENTED_EDGE('',*,*,#8595,.T.);
#11274=ORIENTED_EDGE('',*,*,#8596,.T.);
#11275=ORIENTED_EDGE('',*,*,#8597,.T.);
#11276=ORIENTED_EDGE('',*,*,#8598,.T.);
#11277=ORIENTED_EDGE('',*,*,#8585,.T.);
#11278=ORIENTED_EDGE('',*,*,#8599,.F.);
#11279=ORIENTED_EDGE('',*,*,#8600,.F.);
#11280=ORIENTED_EDGE('',*,*,#8601,.T.);
#11281=ORIENTED_EDGE('',*,*,#8602,.F.);
#11282=ORIENTED_EDGE('',*,*,#8599,.T.);
#11283=ORIENTED_EDGE('',*,*,#8603,.F.);
#11284=ORIENTED_EDGE('',*,*,#8601,.F.);
#11285=ORIENTED_EDGE('',*,*,#8596,.F.);
#11286=ORIENTED_EDGE('',*,*,#8602,.T.);
#11287=ORIENTED_EDGE('',*,*,#8603,.T.);
#11288=ORIENTED_EDGE('',*,*,#8572,.T.);
#11289=ORIENTED_EDGE('',*,*,#8604,.F.);
#11290=ORIENTED_EDGE('',*,*,#8595,.F.);
#11291=ORIENTED_EDGE('',*,*,#8605,.T.);
#11292=ORIENTED_EDGE('',*,*,#8606,.F.);
#11293=ORIENTED_EDGE('',*,*,#7826,.T.);
#11294=ORIENTED_EDGE('',*,*,#7829,.T.);
#11295=ORIENTED_EDGE('',*,*,#7832,.T.);
#11296=ORIENTED_EDGE('',*,*,#7816,.T.);
#11297=ORIENTED_EDGE('',*,*,#7820,.T.);
#11298=ORIENTED_EDGE('',*,*,#7823,.T.);
#11299=ORIENTED_EDGE('',*,*,#7808,.T.);
#11300=ORIENTED_EDGE('',*,*,#7811,.T.);
#11301=ORIENTED_EDGE('',*,*,#7814,.T.);
#11302=ORIENTED_EDGE('',*,*,#7798,.T.);
#11303=ORIENTED_EDGE('',*,*,#7802,.T.);
#11304=ORIENTED_EDGE('',*,*,#7805,.T.);
#11305=ORIENTED_EDGE('',*,*,#7790,.T.);
#11306=ORIENTED_EDGE('',*,*,#7793,.T.);
#11307=ORIENTED_EDGE('',*,*,#7796,.T.);
#11308=ORIENTED_EDGE('',*,*,#7780,.T.);
#11309=ORIENTED_EDGE('',*,*,#7784,.T.);
#11310=ORIENTED_EDGE('',*,*,#7787,.T.);
#11311=ORIENTED_EDGE('',*,*,#7772,.T.);
#11312=ORIENTED_EDGE('',*,*,#7775,.T.);
#11313=ORIENTED_EDGE('',*,*,#7778,.T.);
#11314=ORIENTED_EDGE('',*,*,#7762,.T.);
#11315=ORIENTED_EDGE('',*,*,#7766,.T.);
#11316=ORIENTED_EDGE('',*,*,#7769,.T.);
#11317=ORIENTED_EDGE('',*,*,#7754,.T.);
#11318=ORIENTED_EDGE('',*,*,#7757,.T.);
#11319=ORIENTED_EDGE('',*,*,#7760,.T.);
#11320=ORIENTED_EDGE('',*,*,#7744,.T.);
#11321=ORIENTED_EDGE('',*,*,#7748,.T.);
#11322=ORIENTED_EDGE('',*,*,#7751,.T.);
#11323=ORIENTED_EDGE('',*,*,#7736,.T.);
#11324=ORIENTED_EDGE('',*,*,#7739,.T.);
#11325=ORIENTED_EDGE('',*,*,#7742,.T.);
#11326=ORIENTED_EDGE('',*,*,#7726,.T.);
#11327=ORIENTED_EDGE('',*,*,#7730,.T.);
#11328=ORIENTED_EDGE('',*,*,#7733,.T.);
#11329=ORIENTED_EDGE('',*,*,#7718,.T.);
#11330=ORIENTED_EDGE('',*,*,#7721,.T.);
#11331=ORIENTED_EDGE('',*,*,#7724,.T.);
#11332=ORIENTED_EDGE('',*,*,#7708,.T.);
#11333=ORIENTED_EDGE('',*,*,#7712,.T.);
#11334=ORIENTED_EDGE('',*,*,#7715,.T.);
#11335=ORIENTED_EDGE('',*,*,#7700,.T.);
#11336=ORIENTED_EDGE('',*,*,#7703,.T.);
#11337=ORIENTED_EDGE('',*,*,#7706,.T.);
#11338=ORIENTED_EDGE('',*,*,#7690,.T.);
#11339=ORIENTED_EDGE('',*,*,#7694,.T.);
#11340=ORIENTED_EDGE('',*,*,#7697,.T.);
#11341=ORIENTED_EDGE('',*,*,#7682,.T.);
#11342=ORIENTED_EDGE('',*,*,#7685,.T.);
#11343=ORIENTED_EDGE('',*,*,#7688,.T.);
#11344=ORIENTED_EDGE('',*,*,#7672,.T.);
#11345=ORIENTED_EDGE('',*,*,#7676,.T.);
#11346=ORIENTED_EDGE('',*,*,#7679,.T.);
#11347=ORIENTED_EDGE('',*,*,#7664,.T.);
#11348=ORIENTED_EDGE('',*,*,#7667,.T.);
#11349=ORIENTED_EDGE('',*,*,#7670,.T.);
#11350=ORIENTED_EDGE('',*,*,#7654,.T.);
#11351=ORIENTED_EDGE('',*,*,#7658,.T.);
#11352=ORIENTED_EDGE('',*,*,#7661,.T.);
#11353=ORIENTED_EDGE('',*,*,#7646,.T.);
#11354=ORIENTED_EDGE('',*,*,#7649,.T.);
#11355=ORIENTED_EDGE('',*,*,#7652,.T.);
#11356=ORIENTED_EDGE('',*,*,#7636,.T.);
#11357=ORIENTED_EDGE('',*,*,#7640,.T.);
#11358=ORIENTED_EDGE('',*,*,#7643,.T.);
#11359=ORIENTED_EDGE('',*,*,#7628,.T.);
#11360=ORIENTED_EDGE('',*,*,#7631,.T.);
#11361=ORIENTED_EDGE('',*,*,#7634,.T.);
#11362=ORIENTED_EDGE('',*,*,#7618,.T.);
#11363=ORIENTED_EDGE('',*,*,#7622,.T.);
#11364=ORIENTED_EDGE('',*,*,#7625,.T.);
#11365=ORIENTED_EDGE('',*,*,#7610,.T.);
#11366=ORIENTED_EDGE('',*,*,#7613,.T.);
#11367=ORIENTED_EDGE('',*,*,#7616,.T.);
#11368=ORIENTED_EDGE('',*,*,#7600,.T.);
#11369=ORIENTED_EDGE('',*,*,#7604,.T.);
#11370=ORIENTED_EDGE('',*,*,#7607,.T.);
#11371=ORIENTED_EDGE('',*,*,#7592,.T.);
#11372=ORIENTED_EDGE('',*,*,#7595,.T.);
#11373=ORIENTED_EDGE('',*,*,#7598,.T.);
#11374=ORIENTED_EDGE('',*,*,#7582,.T.);
#11375=ORIENTED_EDGE('',*,*,#7586,.T.);
#11376=ORIENTED_EDGE('',*,*,#7589,.T.);
#11377=ORIENTED_EDGE('',*,*,#7574,.T.);
#11378=ORIENTED_EDGE('',*,*,#7577,.T.);
#11379=ORIENTED_EDGE('',*,*,#7580,.T.);
#11380=ORIENTED_EDGE('',*,*,#7564,.T.);
#11381=ORIENTED_EDGE('',*,*,#7568,.T.);
#11382=ORIENTED_EDGE('',*,*,#7571,.T.);
#11383=ORIENTED_EDGE('',*,*,#7556,.T.);
#11384=ORIENTED_EDGE('',*,*,#7559,.T.);
#11385=ORIENTED_EDGE('',*,*,#7562,.T.);
#11386=ORIENTED_EDGE('',*,*,#7546,.T.);
#11387=ORIENTED_EDGE('',*,*,#7550,.T.);
#11388=ORIENTED_EDGE('',*,*,#7553,.T.);
#11389=ORIENTED_EDGE('',*,*,#7538,.T.);
#11390=ORIENTED_EDGE('',*,*,#7541,.T.);
#11391=ORIENTED_EDGE('',*,*,#7544,.T.);
#11392=ORIENTED_EDGE('',*,*,#7528,.T.);
#11393=ORIENTED_EDGE('',*,*,#7532,.T.);
#11394=ORIENTED_EDGE('',*,*,#7535,.T.);
#11395=ORIENTED_EDGE('',*,*,#8600,.T.);
#11396=ORIENTED_EDGE('',*,*,#8607,.T.);
#11397=ORIENTED_EDGE('',*,*,#8608,.T.);
#11398=ORIENTED_EDGE('',*,*,#8609,.F.);
#11399=ORIENTED_EDGE('',*,*,#8608,.F.);
#11400=ORIENTED_EDGE('',*,*,#8610,.T.);
#11401=ORIENTED_EDGE('',*,*,#8611,.F.);
#11402=ORIENTED_EDGE('',*,*,#8612,.F.);
#11403=ORIENTED_EDGE('',*,*,#8613,.F.);
#11404=ORIENTED_EDGE('',*,*,#8614,.T.);
#11405=ORIENTED_EDGE('',*,*,#8615,.F.);
#11406=ORIENTED_EDGE('',*,*,#8612,.T.);
#11407=ORIENTED_EDGE('',*,*,#8616,.F.);
#11408=ORIENTED_EDGE('',*,*,#8614,.F.);
#11409=ORIENTED_EDGE('',*,*,#8598,.F.);
#11410=ORIENTED_EDGE('',*,*,#8616,.T.);
#11411=ORIENTED_EDGE('',*,*,#8615,.T.);
#11412=ORIENTED_EDGE('',*,*,#8569,.T.);
#11413=ORIENTED_EDGE('',*,*,#8609,.T.);
#11414=ORIENTED_EDGE('',*,*,#8617,.F.);
#11415=ORIENTED_EDGE('',*,*,#8618,.F.);
#11416=ORIENTED_EDGE('',*,*,#8597,.F.);
#11417=ORIENTED_EDGE('',*,*,#8538,.T.);
#11418=ORIENTED_EDGE('',*,*,#8528,.T.);
#11419=ORIENTED_EDGE('',*,*,#8531,.T.);
#11420=ORIENTED_EDGE('',*,*,#8534,.T.);
#11421=ORIENTED_EDGE('',*,*,#8518,.T.);
#11422=ORIENTED_EDGE('',*,*,#8522,.T.);
#11423=ORIENTED_EDGE('',*,*,#8525,.T.);
#11424=ORIENTED_EDGE('',*,*,#8510,.T.);
#11425=ORIENTED_EDGE('',*,*,#8513,.T.);
#11426=ORIENTED_EDGE('',*,*,#8516,.T.);
#11427=ORIENTED_EDGE('',*,*,#8500,.T.);
#11428=ORIENTED_EDGE('',*,*,#8504,.T.);
#11429=ORIENTED_EDGE('',*,*,#8507,.T.);
#11430=ORIENTED_EDGE('',*,*,#8492,.T.);
#11431=ORIENTED_EDGE('',*,*,#8495,.T.);
#11432=ORIENTED_EDGE('',*,*,#8498,.T.);
#11433=ORIENTED_EDGE('',*,*,#8482,.T.);
#11434=ORIENTED_EDGE('',*,*,#8486,.T.);
#11435=ORIENTED_EDGE('',*,*,#8489,.T.);
#11436=ORIENTED_EDGE('',*,*,#8474,.T.);
#11437=ORIENTED_EDGE('',*,*,#8477,.T.);
#11438=ORIENTED_EDGE('',*,*,#8480,.T.);
#11439=ORIENTED_EDGE('',*,*,#8464,.T.);
#11440=ORIENTED_EDGE('',*,*,#8468,.T.);
#11441=ORIENTED_EDGE('',*,*,#8471,.T.);
#11442=ORIENTED_EDGE('',*,*,#8456,.T.);
#11443=ORIENTED_EDGE('',*,*,#8459,.T.);
#11444=ORIENTED_EDGE('',*,*,#8462,.T.);
#11445=ORIENTED_EDGE('',*,*,#8446,.T.);
#11446=ORIENTED_EDGE('',*,*,#8450,.T.);
#11447=ORIENTED_EDGE('',*,*,#8453,.T.);
#11448=ORIENTED_EDGE('',*,*,#8438,.T.);
#11449=ORIENTED_EDGE('',*,*,#8441,.T.);
#11450=ORIENTED_EDGE('',*,*,#8444,.T.);
#11451=ORIENTED_EDGE('',*,*,#8428,.T.);
#11452=ORIENTED_EDGE('',*,*,#8432,.T.);
#11453=ORIENTED_EDGE('',*,*,#8435,.T.);
#11454=ORIENTED_EDGE('',*,*,#8420,.T.);
#11455=ORIENTED_EDGE('',*,*,#8423,.T.);
#11456=ORIENTED_EDGE('',*,*,#8426,.T.);
#11457=ORIENTED_EDGE('',*,*,#8410,.T.);
#11458=ORIENTED_EDGE('',*,*,#8414,.T.);
#11459=ORIENTED_EDGE('',*,*,#8417,.T.);
#11460=ORIENTED_EDGE('',*,*,#8402,.T.);
#11461=ORIENTED_EDGE('',*,*,#8405,.T.);
#11462=ORIENTED_EDGE('',*,*,#8408,.T.);
#11463=ORIENTED_EDGE('',*,*,#8392,.T.);
#11464=ORIENTED_EDGE('',*,*,#8396,.T.);
#11465=ORIENTED_EDGE('',*,*,#8399,.T.);
#11466=ORIENTED_EDGE('',*,*,#8384,.T.);
#11467=ORIENTED_EDGE('',*,*,#8387,.T.);
#11468=ORIENTED_EDGE('',*,*,#8390,.T.);
#11469=ORIENTED_EDGE('',*,*,#8374,.T.);
#11470=ORIENTED_EDGE('',*,*,#8378,.T.);
#11471=ORIENTED_EDGE('',*,*,#8381,.T.);
#11472=ORIENTED_EDGE('',*,*,#8366,.T.);
#11473=ORIENTED_EDGE('',*,*,#8369,.T.);
#11474=ORIENTED_EDGE('',*,*,#8372,.T.);
#11475=ORIENTED_EDGE('',*,*,#8356,.T.);
#11476=ORIENTED_EDGE('',*,*,#8360,.T.);
#11477=ORIENTED_EDGE('',*,*,#8363,.T.);
#11478=ORIENTED_EDGE('',*,*,#8348,.T.);
#11479=ORIENTED_EDGE('',*,*,#8351,.T.);
#11480=ORIENTED_EDGE('',*,*,#8354,.T.);
#11481=ORIENTED_EDGE('',*,*,#8338,.T.);
#11482=ORIENTED_EDGE('',*,*,#8342,.T.);
#11483=ORIENTED_EDGE('',*,*,#8345,.T.);
#11484=ORIENTED_EDGE('',*,*,#8330,.T.);
#11485=ORIENTED_EDGE('',*,*,#8333,.T.);
#11486=ORIENTED_EDGE('',*,*,#8336,.T.);
#11487=ORIENTED_EDGE('',*,*,#8320,.T.);
#11488=ORIENTED_EDGE('',*,*,#8324,.T.);
#11489=ORIENTED_EDGE('',*,*,#8327,.T.);
#11490=ORIENTED_EDGE('',*,*,#8312,.T.);
#11491=ORIENTED_EDGE('',*,*,#8315,.T.);
#11492=ORIENTED_EDGE('',*,*,#8318,.T.);
#11493=ORIENTED_EDGE('',*,*,#8302,.T.);
#11494=ORIENTED_EDGE('',*,*,#8306,.T.);
#11495=ORIENTED_EDGE('',*,*,#8309,.T.);
#11496=ORIENTED_EDGE('',*,*,#8294,.T.);
#11497=ORIENTED_EDGE('',*,*,#8297,.T.);
#11498=ORIENTED_EDGE('',*,*,#8300,.T.);
#11499=ORIENTED_EDGE('',*,*,#8284,.T.);
#11500=ORIENTED_EDGE('',*,*,#8288,.T.);
#11501=ORIENTED_EDGE('',*,*,#8291,.T.);
#11502=ORIENTED_EDGE('',*,*,#8276,.T.);
#11503=ORIENTED_EDGE('',*,*,#8279,.T.);
#11504=ORIENTED_EDGE('',*,*,#8282,.T.);
#11505=ORIENTED_EDGE('',*,*,#8266,.T.);
#11506=ORIENTED_EDGE('',*,*,#8270,.T.);
#11507=ORIENTED_EDGE('',*,*,#8273,.T.);
#11508=ORIENTED_EDGE('',*,*,#8258,.T.);
#11509=ORIENTED_EDGE('',*,*,#8261,.T.);
#11510=ORIENTED_EDGE('',*,*,#8264,.T.);
#11511=ORIENTED_EDGE('',*,*,#8248,.T.);
#11512=ORIENTED_EDGE('',*,*,#8252,.T.);
#11513=ORIENTED_EDGE('',*,*,#8255,.T.);
#11514=ORIENTED_EDGE('',*,*,#8240,.T.);
#11515=ORIENTED_EDGE('',*,*,#8243,.T.);
#11516=ORIENTED_EDGE('',*,*,#8246,.T.);
#11517=ORIENTED_EDGE('',*,*,#8230,.T.);
#11518=ORIENTED_EDGE('',*,*,#8234,.T.);
#11519=ORIENTED_EDGE('',*,*,#8237,.T.);
#11520=ORIENTED_EDGE('',*,*,#8222,.T.);
#11521=ORIENTED_EDGE('',*,*,#8225,.T.);
#11522=ORIENTED_EDGE('',*,*,#8228,.T.);
#11523=ORIENTED_EDGE('',*,*,#8212,.T.);
#11524=ORIENTED_EDGE('',*,*,#8216,.T.);
#11525=ORIENTED_EDGE('',*,*,#8219,.T.);
#11526=ORIENTED_EDGE('',*,*,#8204,.T.);
#11527=ORIENTED_EDGE('',*,*,#8207,.T.);
#11528=ORIENTED_EDGE('',*,*,#8210,.T.);
#11529=ORIENTED_EDGE('',*,*,#8194,.T.);
#11530=ORIENTED_EDGE('',*,*,#8198,.T.);
#11531=ORIENTED_EDGE('',*,*,#8201,.T.);
#11532=ORIENTED_EDGE('',*,*,#8186,.T.);
#11533=ORIENTED_EDGE('',*,*,#8189,.T.);
#11534=ORIENTED_EDGE('',*,*,#8192,.T.);
#11535=ORIENTED_EDGE('',*,*,#8176,.T.);
#11536=ORIENTED_EDGE('',*,*,#8180,.T.);
#11537=ORIENTED_EDGE('',*,*,#8183,.T.);
#11538=ORIENTED_EDGE('',*,*,#8168,.T.);
#11539=ORIENTED_EDGE('',*,*,#8171,.T.);
#11540=ORIENTED_EDGE('',*,*,#8174,.T.);
#11541=ORIENTED_EDGE('',*,*,#8158,.T.);
#11542=ORIENTED_EDGE('',*,*,#8162,.T.);
#11543=ORIENTED_EDGE('',*,*,#8165,.T.);
#11544=ORIENTED_EDGE('',*,*,#8150,.T.);
#11545=ORIENTED_EDGE('',*,*,#8153,.T.);
#11546=ORIENTED_EDGE('',*,*,#8156,.T.);
#11547=ORIENTED_EDGE('',*,*,#8140,.T.);
#11548=ORIENTED_EDGE('',*,*,#8144,.T.);
#11549=ORIENTED_EDGE('',*,*,#8147,.T.);
#11550=ORIENTED_EDGE('',*,*,#8132,.T.);
#11551=ORIENTED_EDGE('',*,*,#8135,.T.);
#11552=ORIENTED_EDGE('',*,*,#8138,.T.);
#11553=ORIENTED_EDGE('',*,*,#8122,.T.);
#11554=ORIENTED_EDGE('',*,*,#8126,.T.);
#11555=ORIENTED_EDGE('',*,*,#8129,.T.);
#11556=ORIENTED_EDGE('',*,*,#8114,.T.);
#11557=ORIENTED_EDGE('',*,*,#8117,.T.);
#11558=ORIENTED_EDGE('',*,*,#8120,.T.);
#11559=ORIENTED_EDGE('',*,*,#8104,.T.);
#11560=ORIENTED_EDGE('',*,*,#8108,.T.);
#11561=ORIENTED_EDGE('',*,*,#8111,.T.);
#11562=ORIENTED_EDGE('',*,*,#8096,.T.);
#11563=ORIENTED_EDGE('',*,*,#8099,.T.);
#11564=ORIENTED_EDGE('',*,*,#8102,.T.);
#11565=ORIENTED_EDGE('',*,*,#8086,.T.);
#11566=ORIENTED_EDGE('',*,*,#8090,.T.);
#11567=ORIENTED_EDGE('',*,*,#8093,.T.);
#11568=ORIENTED_EDGE('',*,*,#8078,.T.);
#11569=ORIENTED_EDGE('',*,*,#8081,.T.);
#11570=ORIENTED_EDGE('',*,*,#8084,.T.);
#11571=ORIENTED_EDGE('',*,*,#8068,.T.);
#11572=ORIENTED_EDGE('',*,*,#8072,.T.);
#11573=ORIENTED_EDGE('',*,*,#8075,.T.);
#11574=ORIENTED_EDGE('',*,*,#8060,.T.);
#11575=ORIENTED_EDGE('',*,*,#8063,.T.);
#11576=ORIENTED_EDGE('',*,*,#8066,.T.);
#11577=ORIENTED_EDGE('',*,*,#8050,.T.);
#11578=ORIENTED_EDGE('',*,*,#8054,.T.);
#11579=ORIENTED_EDGE('',*,*,#8057,.T.);
#11580=ORIENTED_EDGE('',*,*,#8042,.T.);
#11581=ORIENTED_EDGE('',*,*,#8045,.T.);
#11582=ORIENTED_EDGE('',*,*,#8048,.T.);
#11583=ORIENTED_EDGE('',*,*,#8032,.T.);
#11584=ORIENTED_EDGE('',*,*,#8036,.T.);
#11585=ORIENTED_EDGE('',*,*,#8039,.T.);
#11586=ORIENTED_EDGE('',*,*,#8024,.T.);
#11587=ORIENTED_EDGE('',*,*,#8027,.T.);
#11588=ORIENTED_EDGE('',*,*,#8030,.T.);
#11589=ORIENTED_EDGE('',*,*,#8014,.T.);
#11590=ORIENTED_EDGE('',*,*,#8018,.T.);
#11591=ORIENTED_EDGE('',*,*,#8021,.T.);
#11592=ORIENTED_EDGE('',*,*,#8006,.T.);
#11593=ORIENTED_EDGE('',*,*,#8009,.T.);
#11594=ORIENTED_EDGE('',*,*,#8012,.T.);
#11595=ORIENTED_EDGE('',*,*,#7996,.T.);
#11596=ORIENTED_EDGE('',*,*,#8000,.T.);
#11597=ORIENTED_EDGE('',*,*,#8003,.T.);
#11598=ORIENTED_EDGE('',*,*,#7988,.T.);
#11599=ORIENTED_EDGE('',*,*,#7991,.T.);
#11600=ORIENTED_EDGE('',*,*,#7994,.T.);
#11601=ORIENTED_EDGE('',*,*,#7978,.T.);
#11602=ORIENTED_EDGE('',*,*,#7982,.T.);
#11603=ORIENTED_EDGE('',*,*,#7985,.T.);
#11604=ORIENTED_EDGE('',*,*,#7970,.T.);
#11605=ORIENTED_EDGE('',*,*,#7973,.T.);
#11606=ORIENTED_EDGE('',*,*,#7976,.T.);
#11607=ORIENTED_EDGE('',*,*,#7960,.T.);
#11608=ORIENTED_EDGE('',*,*,#7964,.T.);
#11609=ORIENTED_EDGE('',*,*,#7967,.T.);
#11610=ORIENTED_EDGE('',*,*,#7952,.T.);
#11611=ORIENTED_EDGE('',*,*,#7955,.T.);
#11612=ORIENTED_EDGE('',*,*,#7958,.T.);
#11613=ORIENTED_EDGE('',*,*,#7942,.T.);
#11614=ORIENTED_EDGE('',*,*,#7946,.T.);
#11615=ORIENTED_EDGE('',*,*,#7949,.T.);
#11616=ORIENTED_EDGE('',*,*,#7934,.T.);
#11617=ORIENTED_EDGE('',*,*,#7937,.T.);
#11618=ORIENTED_EDGE('',*,*,#7940,.T.);
#11619=ORIENTED_EDGE('',*,*,#7924,.T.);
#11620=ORIENTED_EDGE('',*,*,#7928,.T.);
#11621=ORIENTED_EDGE('',*,*,#7931,.T.);
#11622=ORIENTED_EDGE('',*,*,#7916,.T.);
#11623=ORIENTED_EDGE('',*,*,#7919,.T.);
#11624=ORIENTED_EDGE('',*,*,#7922,.T.);
#11625=ORIENTED_EDGE('',*,*,#7906,.T.);
#11626=ORIENTED_EDGE('',*,*,#7910,.T.);
#11627=ORIENTED_EDGE('',*,*,#7913,.T.);
#11628=ORIENTED_EDGE('',*,*,#7898,.T.);
#11629=ORIENTED_EDGE('',*,*,#7901,.T.);
#11630=ORIENTED_EDGE('',*,*,#7904,.T.);
#11631=ORIENTED_EDGE('',*,*,#7888,.T.);
#11632=ORIENTED_EDGE('',*,*,#7892,.T.);
#11633=ORIENTED_EDGE('',*,*,#7895,.T.);
#11634=ORIENTED_EDGE('',*,*,#7880,.T.);
#11635=ORIENTED_EDGE('',*,*,#7883,.T.);
#11636=ORIENTED_EDGE('',*,*,#7886,.T.);
#11637=ORIENTED_EDGE('',*,*,#7870,.T.);
#11638=ORIENTED_EDGE('',*,*,#7874,.T.);
#11639=ORIENTED_EDGE('',*,*,#7877,.T.);
#11640=ORIENTED_EDGE('',*,*,#7862,.T.);
#11641=ORIENTED_EDGE('',*,*,#7865,.T.);
#11642=ORIENTED_EDGE('',*,*,#7868,.T.);
#11643=ORIENTED_EDGE('',*,*,#7852,.T.);
#11644=ORIENTED_EDGE('',*,*,#7856,.T.);
#11645=ORIENTED_EDGE('',*,*,#7859,.T.);
#11646=ORIENTED_EDGE('',*,*,#7844,.T.);
#11647=ORIENTED_EDGE('',*,*,#7847,.T.);
#11648=ORIENTED_EDGE('',*,*,#7850,.T.);
#11649=ORIENTED_EDGE('',*,*,#7834,.T.);
#11650=ORIENTED_EDGE('',*,*,#7838,.T.);
#11651=ORIENTED_EDGE('',*,*,#7841,.T.);
#11652=ORIENTED_EDGE('',*,*,#8586,.F.);
#11653=ORIENTED_EDGE('',*,*,#8619,.F.);
#11654=ORIENTED_EDGE('',*,*,#8620,.T.);
#11655=ORIENTED_EDGE('',*,*,#8621,.F.);
#11656=ORIENTED_EDGE('',*,*,#8613,.T.);
#11657=ORIENTED_EDGE('',*,*,#8622,.T.);
#11658=ORIENTED_EDGE('',*,*,#8619,.T.);
#11659=ORIENTED_EDGE('',*,*,#8623,.F.);
#11660=ORIENTED_EDGE('',*,*,#8594,.F.);
#11661=ORIENTED_EDGE('',*,*,#8624,.T.);
#11662=ORIENTED_EDGE('',*,*,#8625,.F.);
#11663=ORIENTED_EDGE('',*,*,#8623,.T.);
#11664=ORIENTED_EDGE('',*,*,#8626,.F.);
#11665=ORIENTED_EDGE('',*,*,#8624,.F.);
#11666=ORIENTED_EDGE('',*,*,#8627,.F.);
#11667=ORIENTED_EDGE('',*,*,#8625,.T.);
#11668=ORIENTED_EDGE('',*,*,#8626,.T.);
#11669=ORIENTED_EDGE('',*,*,#8566,.T.);
#11670=ORIENTED_EDGE('',*,*,#8605,.F.);
#11671=ORIENTED_EDGE('',*,*,#8628,.F.);
#11672=ORIENTED_EDGE('',*,*,#8629,.T.);
#11673=ORIENTED_EDGE('',*,*,#8630,.F.);
#11674=ORIENTED_EDGE('',*,*,#8627,.T.);
#11675=ORIENTED_EDGE('',*,*,#8631,.T.);
#11676=ORIENTED_EDGE('',*,*,#8628,.T.);
#11677=ORIENTED_EDGE('',*,*,#8588,.T.);
#11678=ORIENTED_EDGE('',*,*,#8632,.F.);
#11679=ORIENTED_EDGE('',*,*,#8633,.F.);
#11680=ORIENTED_EDGE('',*,*,#8593,.F.);
#11681=ORIENTED_EDGE('',*,*,#8546,.T.);
#11682=ORIENTED_EDGE('',*,*,#8549,.T.);
#11683=ORIENTED_EDGE('',*,*,#8539,.T.);
#11684=ORIENTED_EDGE('',*,*,#8543,.T.);
#11685=ORIENTED_EDGE('',*,*,#8558,.T.);
#11686=ORIENTED_EDGE('',*,*,#8561,.T.);
#11687=ORIENTED_EDGE('',*,*,#8551,.T.);
#11688=ORIENTED_EDGE('',*,*,#8555,.T.);
#11689=ORIENTED_EDGE('',*,*,#8563,.T.);
#11690=ORIENTED_EDGE('',*,*,#8634,.T.);
#11691=ORIENTED_EDGE('',*,*,#8635,.T.);
#11692=ORIENTED_EDGE('',*,*,#8636,.T.);
#11693=ORIENTED_EDGE('',*,*,#8637,.T.);
#11694=ORIENTED_EDGE('',*,*,#8638,.T.);
#11695=ORIENTED_EDGE('',*,*,#8639,.T.);
#11696=ORIENTED_EDGE('',*,*,#8634,.F.);
#11697=ORIENTED_EDGE('',*,*,#8640,.T.);
#11698=ORIENTED_EDGE('',*,*,#8641,.T.);
#11699=ORIENTED_EDGE('',*,*,#8642,.T.);
#11700=ORIENTED_EDGE('',*,*,#8638,.F.);
#11701=ORIENTED_EDGE('',*,*,#8643,.T.);
#11702=ORIENTED_EDGE('',*,*,#8644,.T.);
#11703=ORIENTED_EDGE('',*,*,#8645,.T.);
#11704=ORIENTED_EDGE('',*,*,#8641,.F.);
#11705=ORIENTED_EDGE('',*,*,#8646,.T.);
#11706=ORIENTED_EDGE('',*,*,#8647,.T.);
#11707=ORIENTED_EDGE('',*,*,#8648,.T.);
#11708=ORIENTED_EDGE('',*,*,#8644,.F.);
#11709=ORIENTED_EDGE('',*,*,#8649,.T.);
#11710=ORIENTED_EDGE('',*,*,#8650,.T.);
#11711=ORIENTED_EDGE('',*,*,#8651,.T.);
#11712=ORIENTED_EDGE('',*,*,#8647,.F.);
#11713=ORIENTED_EDGE('',*,*,#8652,.T.);
#11714=ORIENTED_EDGE('',*,*,#8653,.T.);
#11715=ORIENTED_EDGE('',*,*,#8654,.T.);
#11716=ORIENTED_EDGE('',*,*,#8650,.F.);
#11717=ORIENTED_EDGE('',*,*,#8655,.T.);
#11718=ORIENTED_EDGE('',*,*,#8636,.F.);
#11719=ORIENTED_EDGE('',*,*,#8656,.T.);
#11720=ORIENTED_EDGE('',*,*,#8653,.F.);
#11721=ORIENTED_EDGE('',*,*,#8657,.T.);
#11722=ORIENTED_EDGE('',*,*,#8651,.F.);
#11723=ORIENTED_EDGE('',*,*,#8658,.F.);
#11724=ORIENTED_EDGE('',*,*,#8659,.F.);
#11725=ORIENTED_EDGE('',*,*,#8660,.F.);
#11726=ORIENTED_EDGE('',*,*,#8547,.T.);
#11727=ORIENTED_EDGE('',*,*,#8544,.T.);
#11728=ORIENTED_EDGE('',*,*,#8541,.T.);
#11729=ORIENTED_EDGE('',*,*,#8550,.T.);
#11730=ORIENTED_EDGE('',*,*,#8559,.T.);
#11731=ORIENTED_EDGE('',*,*,#8556,.T.);
#11732=ORIENTED_EDGE('',*,*,#8553,.T.);
#11733=ORIENTED_EDGE('',*,*,#8562,.T.);
#11734=ORIENTED_EDGE('',*,*,#8565,.T.);
#11735=ORIENTED_EDGE('',*,*,#8654,.F.);
#11736=ORIENTED_EDGE('',*,*,#8661,.T.);
#11737=ORIENTED_EDGE('',*,*,#8662,.T.);
#11738=ORIENTED_EDGE('',*,*,#8658,.T.);
#11739=ORIENTED_EDGE('',*,*,#8656,.F.);
#11740=ORIENTED_EDGE('',*,*,#8663,.F.);
#11741=ORIENTED_EDGE('',*,*,#8664,.F.);
#11742=ORIENTED_EDGE('',*,*,#8661,.F.);
#11743=ORIENTED_EDGE('',*,*,#7827,.T.);
#11744=ORIENTED_EDGE('',*,*,#7824,.T.);
#11745=ORIENTED_EDGE('',*,*,#7821,.T.);
#11746=ORIENTED_EDGE('',*,*,#7818,.T.);
#11747=ORIENTED_EDGE('',*,*,#7833,.T.);
#11748=ORIENTED_EDGE('',*,*,#7830,.T.);
#11749=ORIENTED_EDGE('',*,*,#7809,.T.);
#11750=ORIENTED_EDGE('',*,*,#7806,.T.);
#11751=ORIENTED_EDGE('',*,*,#7803,.T.);
#11752=ORIENTED_EDGE('',*,*,#7800,.T.);
#11753=ORIENTED_EDGE('',*,*,#7815,.T.);
#11754=ORIENTED_EDGE('',*,*,#7812,.T.);
#11755=ORIENTED_EDGE('',*,*,#7791,.T.);
#11756=ORIENTED_EDGE('',*,*,#7788,.T.);
#11757=ORIENTED_EDGE('',*,*,#7785,.T.);
#11758=ORIENTED_EDGE('',*,*,#7782,.T.);
#11759=ORIENTED_EDGE('',*,*,#7797,.T.);
#11760=ORIENTED_EDGE('',*,*,#7794,.T.);
#11761=ORIENTED_EDGE('',*,*,#7773,.T.);
#11762=ORIENTED_EDGE('',*,*,#7770,.T.);
#11763=ORIENTED_EDGE('',*,*,#7767,.T.);
#11764=ORIENTED_EDGE('',*,*,#7764,.T.);
#11765=ORIENTED_EDGE('',*,*,#7779,.T.);
#11766=ORIENTED_EDGE('',*,*,#7776,.T.);
#11767=ORIENTED_EDGE('',*,*,#7755,.T.);
#11768=ORIENTED_EDGE('',*,*,#7752,.T.);
#11769=ORIENTED_EDGE('',*,*,#7749,.T.);
#11770=ORIENTED_EDGE('',*,*,#7746,.T.);
#11771=ORIENTED_EDGE('',*,*,#7761,.T.);
#11772=ORIENTED_EDGE('',*,*,#7758,.T.);
#11773=ORIENTED_EDGE('',*,*,#7737,.T.);
#11774=ORIENTED_EDGE('',*,*,#7734,.T.);
#11775=ORIENTED_EDGE('',*,*,#7731,.T.);
#11776=ORIENTED_EDGE('',*,*,#7728,.T.);
#11777=ORIENTED_EDGE('',*,*,#7743,.T.);
#11778=ORIENTED_EDGE('',*,*,#7740,.T.);
#11779=ORIENTED_EDGE('',*,*,#7719,.T.);
#11780=ORIENTED_EDGE('',*,*,#7716,.T.);
#11781=ORIENTED_EDGE('',*,*,#7713,.T.);
#11782=ORIENTED_EDGE('',*,*,#7710,.T.);
#11783=ORIENTED_EDGE('',*,*,#7725,.T.);
#11784=ORIENTED_EDGE('',*,*,#7722,.T.);
#11785=ORIENTED_EDGE('',*,*,#7701,.T.);
#11786=ORIENTED_EDGE('',*,*,#7698,.T.);
#11787=ORIENTED_EDGE('',*,*,#7695,.T.);
#11788=ORIENTED_EDGE('',*,*,#7692,.T.);
#11789=ORIENTED_EDGE('',*,*,#7707,.T.);
#11790=ORIENTED_EDGE('',*,*,#7704,.T.);
#11791=ORIENTED_EDGE('',*,*,#7683,.T.);
#11792=ORIENTED_EDGE('',*,*,#7680,.T.);
#11793=ORIENTED_EDGE('',*,*,#7677,.T.);
#11794=ORIENTED_EDGE('',*,*,#7674,.T.);
#11795=ORIENTED_EDGE('',*,*,#7689,.T.);
#11796=ORIENTED_EDGE('',*,*,#7686,.T.);
#11797=ORIENTED_EDGE('',*,*,#7665,.T.);
#11798=ORIENTED_EDGE('',*,*,#7662,.T.);
#11799=ORIENTED_EDGE('',*,*,#7659,.T.);
#11800=ORIENTED_EDGE('',*,*,#7656,.T.);
#11801=ORIENTED_EDGE('',*,*,#7671,.T.);
#11802=ORIENTED_EDGE('',*,*,#7668,.T.);
#11803=ORIENTED_EDGE('',*,*,#7647,.T.);
#11804=ORIENTED_EDGE('',*,*,#7644,.T.);
#11805=ORIENTED_EDGE('',*,*,#7641,.T.);
#11806=ORIENTED_EDGE('',*,*,#7638,.T.);
#11807=ORIENTED_EDGE('',*,*,#7653,.T.);
#11808=ORIENTED_EDGE('',*,*,#7650,.T.);
#11809=ORIENTED_EDGE('',*,*,#7629,.T.);
#11810=ORIENTED_EDGE('',*,*,#7626,.T.);
#11811=ORIENTED_EDGE('',*,*,#7623,.T.);
#11812=ORIENTED_EDGE('',*,*,#7620,.T.);
#11813=ORIENTED_EDGE('',*,*,#7635,.T.);
#11814=ORIENTED_EDGE('',*,*,#7632,.T.);
#11815=ORIENTED_EDGE('',*,*,#7611,.T.);
#11816=ORIENTED_EDGE('',*,*,#7608,.T.);
#11817=ORIENTED_EDGE('',*,*,#7605,.T.);
#11818=ORIENTED_EDGE('',*,*,#7602,.T.);
#11819=ORIENTED_EDGE('',*,*,#7617,.T.);
#11820=ORIENTED_EDGE('',*,*,#7614,.T.);
#11821=ORIENTED_EDGE('',*,*,#7593,.T.);
#11822=ORIENTED_EDGE('',*,*,#7590,.T.);
#11823=ORIENTED_EDGE('',*,*,#7587,.T.);
#11824=ORIENTED_EDGE('',*,*,#7584,.T.);
#11825=ORIENTED_EDGE('',*,*,#7599,.T.);
#11826=ORIENTED_EDGE('',*,*,#7596,.T.);
#11827=ORIENTED_EDGE('',*,*,#7575,.T.);
#11828=ORIENTED_EDGE('',*,*,#7572,.T.);
#11829=ORIENTED_EDGE('',*,*,#7569,.T.);
#11830=ORIENTED_EDGE('',*,*,#7566,.T.);
#11831=ORIENTED_EDGE('',*,*,#7581,.T.);
#11832=ORIENTED_EDGE('',*,*,#7578,.T.);
#11833=ORIENTED_EDGE('',*,*,#7557,.T.);
#11834=ORIENTED_EDGE('',*,*,#7554,.T.);
#11835=ORIENTED_EDGE('',*,*,#7551,.T.);
#11836=ORIENTED_EDGE('',*,*,#7548,.T.);
#11837=ORIENTED_EDGE('',*,*,#7563,.T.);
#11838=ORIENTED_EDGE('',*,*,#7560,.T.);
#11839=ORIENTED_EDGE('',*,*,#7539,.T.);
#11840=ORIENTED_EDGE('',*,*,#7536,.T.);
#11841=ORIENTED_EDGE('',*,*,#7533,.T.);
#11842=ORIENTED_EDGE('',*,*,#7530,.T.);
#11843=ORIENTED_EDGE('',*,*,#7545,.T.);
#11844=ORIENTED_EDGE('',*,*,#7542,.T.);
#11845=ORIENTED_EDGE('',*,*,#8635,.F.);
#11846=ORIENTED_EDGE('',*,*,#8665,.T.);
#11847=ORIENTED_EDGE('',*,*,#8666,.T.);
#11848=ORIENTED_EDGE('',*,*,#8663,.T.);
#11849=ORIENTED_EDGE('',*,*,#8637,.F.);
#11850=ORIENTED_EDGE('',*,*,#8657,.F.);
#11851=ORIENTED_EDGE('',*,*,#8655,.F.);
#11852=ORIENTED_EDGE('',*,*,#8652,.F.);
#11853=ORIENTED_EDGE('',*,*,#8649,.F.);
#11854=ORIENTED_EDGE('',*,*,#8646,.F.);
#11855=ORIENTED_EDGE('',*,*,#8643,.F.);
#11856=ORIENTED_EDGE('',*,*,#8640,.F.);
#11857=ORIENTED_EDGE('',*,*,#8618,.T.);
#11858=ORIENTED_EDGE('',*,*,#8667,.F.);
#11859=ORIENTED_EDGE('',*,*,#8620,.F.);
#11860=ORIENTED_EDGE('',*,*,#8622,.F.);
#11861=ORIENTED_EDGE('',*,*,#8604,.T.);
#11862=ORIENTED_EDGE('',*,*,#8668,.F.);
#11863=ORIENTED_EDGE('',*,*,#8610,.F.);
#11864=ORIENTED_EDGE('',*,*,#8607,.F.);
#11865=ORIENTED_EDGE('',*,*,#8633,.T.);
#11866=ORIENTED_EDGE('',*,*,#8669,.F.);
#11867=ORIENTED_EDGE('',*,*,#8629,.F.);
#11868=ORIENTED_EDGE('',*,*,#8631,.F.);
#11869=ORIENTED_EDGE('',*,*,#8584,.T.);
#11870=ORIENTED_EDGE('',*,*,#8670,.F.);
#11871=ORIENTED_EDGE('',*,*,#8590,.F.);
#11872=ORIENTED_EDGE('',*,*,#8592,.F.);
#11873=ORIENTED_EDGE('',*,*,#8666,.F.);
#11874=ORIENTED_EDGE('',*,*,#8671,.T.);
#11875=ORIENTED_EDGE('',*,*,#8672,.F.);
#11876=ORIENTED_EDGE('',*,*,#8673,.T.);
#11877=ORIENTED_EDGE('',*,*,#8674,.F.);
#11878=ORIENTED_EDGE('',*,*,#8659,.T.);
#11879=ORIENTED_EDGE('',*,*,#8662,.F.);
#11880=ORIENTED_EDGE('',*,*,#8664,.T.);
#11881=ORIENTED_EDGE('',*,*,#8669,.T.);
#11882=ORIENTED_EDGE('',*,*,#8632,.T.);
#11883=ORIENTED_EDGE('',*,*,#8591,.T.);
#11884=ORIENTED_EDGE('',*,*,#8670,.T.);
#11885=ORIENTED_EDGE('',*,*,#8587,.T.);
#11886=ORIENTED_EDGE('',*,*,#8621,.T.);
#11887=ORIENTED_EDGE('',*,*,#8667,.T.);
#11888=ORIENTED_EDGE('',*,*,#8617,.T.);
#11889=ORIENTED_EDGE('',*,*,#8611,.T.);
#11890=ORIENTED_EDGE('',*,*,#8668,.T.);
#11891=ORIENTED_EDGE('',*,*,#8606,.T.);
#11892=ORIENTED_EDGE('',*,*,#8630,.T.);
#11893=ORIENTED_EDGE('',*,*,#8642,.F.);
#11894=ORIENTED_EDGE('',*,*,#8675,.T.);
#11895=ORIENTED_EDGE('',*,*,#8672,.T.);
#11896=ORIENTED_EDGE('',*,*,#8676,.T.);
#11897=ORIENTED_EDGE('',*,*,#8645,.F.);
#11898=ORIENTED_EDGE('',*,*,#8677,.F.);
#11899=ORIENTED_EDGE('',*,*,#8673,.F.);
#11900=ORIENTED_EDGE('',*,*,#8675,.F.);
#11901=ORIENTED_EDGE('',*,*,#7521,.T.);
#11902=ORIENTED_EDGE('',*,*,#7518,.T.);
#11903=ORIENTED_EDGE('',*,*,#7515,.T.);
#11904=ORIENTED_EDGE('',*,*,#7512,.T.);
#11905=ORIENTED_EDGE('',*,*,#7525,.T.);
#11906=ORIENTED_EDGE('',*,*,#7527,.T.);
#11907=ORIENTED_EDGE('',*,*,#7503,.T.);
#11908=ORIENTED_EDGE('',*,*,#7500,.T.);
#11909=ORIENTED_EDGE('',*,*,#7497,.T.);
#11910=ORIENTED_EDGE('',*,*,#7494,.T.);
#11911=ORIENTED_EDGE('',*,*,#7507,.T.);
#11912=ORIENTED_EDGE('',*,*,#7509,.T.);
#11913=ORIENTED_EDGE('',*,*,#7485,.T.);
#11914=ORIENTED_EDGE('',*,*,#7482,.T.);
#11915=ORIENTED_EDGE('',*,*,#7479,.T.);
#11916=ORIENTED_EDGE('',*,*,#7476,.T.);
#11917=ORIENTED_EDGE('',*,*,#7489,.T.);
#11918=ORIENTED_EDGE('',*,*,#7491,.T.);
#11919=ORIENTED_EDGE('',*,*,#7467,.T.);
#11920=ORIENTED_EDGE('',*,*,#7464,.T.);
#11921=ORIENTED_EDGE('',*,*,#7461,.T.);
#11922=ORIENTED_EDGE('',*,*,#7458,.T.);
#11923=ORIENTED_EDGE('',*,*,#7471,.T.);
#11924=ORIENTED_EDGE('',*,*,#7473,.T.);
#11925=ORIENTED_EDGE('',*,*,#7449,.T.);
#11926=ORIENTED_EDGE('',*,*,#7446,.T.);
#11927=ORIENTED_EDGE('',*,*,#7443,.T.);
#11928=ORIENTED_EDGE('',*,*,#7440,.T.);
#11929=ORIENTED_EDGE('',*,*,#7453,.T.);
#11930=ORIENTED_EDGE('',*,*,#7455,.T.);
#11931=ORIENTED_EDGE('',*,*,#7431,.T.);
#11932=ORIENTED_EDGE('',*,*,#7428,.T.);
#11933=ORIENTED_EDGE('',*,*,#7425,.T.);
#11934=ORIENTED_EDGE('',*,*,#7422,.T.);
#11935=ORIENTED_EDGE('',*,*,#7435,.T.);
#11936=ORIENTED_EDGE('',*,*,#7437,.T.);
#11937=ORIENTED_EDGE('',*,*,#7413,.T.);
#11938=ORIENTED_EDGE('',*,*,#7410,.T.);
#11939=ORIENTED_EDGE('',*,*,#7407,.T.);
#11940=ORIENTED_EDGE('',*,*,#7404,.T.);
#11941=ORIENTED_EDGE('',*,*,#7417,.T.);
#11942=ORIENTED_EDGE('',*,*,#7419,.T.);
#11943=ORIENTED_EDGE('',*,*,#7395,.T.);
#11944=ORIENTED_EDGE('',*,*,#7392,.T.);
#11945=ORIENTED_EDGE('',*,*,#7389,.T.);
#11946=ORIENTED_EDGE('',*,*,#7386,.T.);
#11947=ORIENTED_EDGE('',*,*,#7399,.T.);
#11948=ORIENTED_EDGE('',*,*,#7401,.T.);
#11949=ORIENTED_EDGE('',*,*,#7377,.T.);
#11950=ORIENTED_EDGE('',*,*,#7374,.T.);
#11951=ORIENTED_EDGE('',*,*,#7371,.T.);
#11952=ORIENTED_EDGE('',*,*,#7368,.T.);
#11953=ORIENTED_EDGE('',*,*,#7381,.T.);
#11954=ORIENTED_EDGE('',*,*,#7383,.T.);
#11955=ORIENTED_EDGE('',*,*,#7359,.T.);
#11956=ORIENTED_EDGE('',*,*,#7356,.T.);
#11957=ORIENTED_EDGE('',*,*,#7353,.T.);
#11958=ORIENTED_EDGE('',*,*,#7350,.T.);
#11959=ORIENTED_EDGE('',*,*,#7363,.T.);
#11960=ORIENTED_EDGE('',*,*,#7365,.T.);
#11961=ORIENTED_EDGE('',*,*,#7341,.T.);
#11962=ORIENTED_EDGE('',*,*,#7338,.T.);
#11963=ORIENTED_EDGE('',*,*,#7335,.T.);
#11964=ORIENTED_EDGE('',*,*,#7332,.T.);
#11965=ORIENTED_EDGE('',*,*,#7345,.T.);
#11966=ORIENTED_EDGE('',*,*,#7347,.T.);
#11967=ORIENTED_EDGE('',*,*,#7323,.T.);
#11968=ORIENTED_EDGE('',*,*,#7320,.T.);
#11969=ORIENTED_EDGE('',*,*,#7317,.T.);
#11970=ORIENTED_EDGE('',*,*,#7314,.T.);
#11971=ORIENTED_EDGE('',*,*,#7327,.T.);
#11972=ORIENTED_EDGE('',*,*,#7329,.T.);
#11973=ORIENTED_EDGE('',*,*,#7305,.T.);
#11974=ORIENTED_EDGE('',*,*,#7302,.T.);
#11975=ORIENTED_EDGE('',*,*,#7299,.T.);
#11976=ORIENTED_EDGE('',*,*,#7296,.T.);
#11977=ORIENTED_EDGE('',*,*,#7309,.T.);
#11978=ORIENTED_EDGE('',*,*,#7311,.T.);
#11979=ORIENTED_EDGE('',*,*,#7287,.T.);
#11980=ORIENTED_EDGE('',*,*,#7284,.T.);
#11981=ORIENTED_EDGE('',*,*,#7281,.T.);
#11982=ORIENTED_EDGE('',*,*,#7278,.T.);
#11983=ORIENTED_EDGE('',*,*,#7291,.T.);
#11984=ORIENTED_EDGE('',*,*,#7293,.T.);
#11985=ORIENTED_EDGE('',*,*,#7269,.T.);
#11986=ORIENTED_EDGE('',*,*,#7266,.T.);
#11987=ORIENTED_EDGE('',*,*,#7263,.T.);
#11988=ORIENTED_EDGE('',*,*,#7260,.T.);
#11989=ORIENTED_EDGE('',*,*,#7273,.T.);
#11990=ORIENTED_EDGE('',*,*,#7275,.T.);
#11991=ORIENTED_EDGE('',*,*,#7251,.T.);
#11992=ORIENTED_EDGE('',*,*,#7248,.T.);
#11993=ORIENTED_EDGE('',*,*,#7245,.T.);
#11994=ORIENTED_EDGE('',*,*,#7242,.T.);
#11995=ORIENTED_EDGE('',*,*,#7255,.T.);
#11996=ORIENTED_EDGE('',*,*,#7257,.T.);
#11997=ORIENTED_EDGE('',*,*,#7233,.T.);
#11998=ORIENTED_EDGE('',*,*,#7230,.T.);
#11999=ORIENTED_EDGE('',*,*,#7227,.T.);
#12000=ORIENTED_EDGE('',*,*,#7224,.T.);
#12001=ORIENTED_EDGE('',*,*,#7237,.T.);
#12002=ORIENTED_EDGE('',*,*,#7239,.T.);
#12003=ORIENTED_EDGE('',*,*,#8648,.F.);
#12004=ORIENTED_EDGE('',*,*,#8660,.T.);
#12005=ORIENTED_EDGE('',*,*,#8674,.T.);
#12006=ORIENTED_EDGE('',*,*,#8677,.T.);
#12007=ORIENTED_EDGE('',*,*,#8639,.F.);
#12008=ORIENTED_EDGE('',*,*,#8676,.F.);
#12009=ORIENTED_EDGE('',*,*,#8671,.F.);
#12010=ORIENTED_EDGE('',*,*,#8665,.F.);
#12011=ORIENTED_EDGE('',*,*,#8536,.T.);
#12012=ORIENTED_EDGE('',*,*,#8529,.T.);
#12013=ORIENTED_EDGE('',*,*,#8526,.T.);
#12014=ORIENTED_EDGE('',*,*,#8523,.T.);
#12015=ORIENTED_EDGE('',*,*,#8520,.T.);
#12016=ORIENTED_EDGE('',*,*,#8535,.T.);
#12017=ORIENTED_EDGE('',*,*,#8532,.T.);
#12018=ORIENTED_EDGE('',*,*,#8511,.T.);
#12019=ORIENTED_EDGE('',*,*,#8508,.T.);
#12020=ORIENTED_EDGE('',*,*,#8505,.T.);
#12021=ORIENTED_EDGE('',*,*,#8502,.T.);
#12022=ORIENTED_EDGE('',*,*,#8517,.T.);
#12023=ORIENTED_EDGE('',*,*,#8514,.T.);
#12024=ORIENTED_EDGE('',*,*,#8493,.T.);
#12025=ORIENTED_EDGE('',*,*,#8490,.T.);
#12026=ORIENTED_EDGE('',*,*,#8487,.T.);
#12027=ORIENTED_EDGE('',*,*,#8484,.T.);
#12028=ORIENTED_EDGE('',*,*,#8499,.T.);
#12029=ORIENTED_EDGE('',*,*,#8496,.T.);
#12030=ORIENTED_EDGE('',*,*,#8475,.T.);
#12031=ORIENTED_EDGE('',*,*,#8472,.T.);
#12032=ORIENTED_EDGE('',*,*,#8469,.T.);
#12033=ORIENTED_EDGE('',*,*,#8466,.T.);
#12034=ORIENTED_EDGE('',*,*,#8481,.T.);
#12035=ORIENTED_EDGE('',*,*,#8478,.T.);
#12036=ORIENTED_EDGE('',*,*,#8457,.T.);
#12037=ORIENTED_EDGE('',*,*,#8454,.T.);
#12038=ORIENTED_EDGE('',*,*,#8451,.T.);
#12039=ORIENTED_EDGE('',*,*,#8448,.T.);
#12040=ORIENTED_EDGE('',*,*,#8463,.T.);
#12041=ORIENTED_EDGE('',*,*,#8460,.T.);
#12042=ORIENTED_EDGE('',*,*,#8439,.T.);
#12043=ORIENTED_EDGE('',*,*,#8436,.T.);
#12044=ORIENTED_EDGE('',*,*,#8433,.T.);
#12045=ORIENTED_EDGE('',*,*,#8430,.T.);
#12046=ORIENTED_EDGE('',*,*,#8445,.T.);
#12047=ORIENTED_EDGE('',*,*,#8442,.T.);
#12048=ORIENTED_EDGE('',*,*,#8421,.T.);
#12049=ORIENTED_EDGE('',*,*,#8418,.T.);
#12050=ORIENTED_EDGE('',*,*,#8415,.T.);
#12051=ORIENTED_EDGE('',*,*,#8412,.T.);
#12052=ORIENTED_EDGE('',*,*,#8427,.T.);
#12053=ORIENTED_EDGE('',*,*,#8424,.T.);
#12054=ORIENTED_EDGE('',*,*,#8403,.T.);
#12055=ORIENTED_EDGE('',*,*,#8400,.T.);
#12056=ORIENTED_EDGE('',*,*,#8397,.T.);
#12057=ORIENTED_EDGE('',*,*,#8394,.T.);
#12058=ORIENTED_EDGE('',*,*,#8409,.T.);
#12059=ORIENTED_EDGE('',*,*,#8406,.T.);
#12060=ORIENTED_EDGE('',*,*,#8385,.T.);
#12061=ORIENTED_EDGE('',*,*,#8382,.T.);
#12062=ORIENTED_EDGE('',*,*,#8379,.T.);
#12063=ORIENTED_EDGE('',*,*,#8376,.T.);
#12064=ORIENTED_EDGE('',*,*,#8391,.T.);
#12065=ORIENTED_EDGE('',*,*,#8388,.T.);
#12066=ORIENTED_EDGE('',*,*,#8367,.T.);
#12067=ORIENTED_EDGE('',*,*,#8364,.T.);
#12068=ORIENTED_EDGE('',*,*,#8361,.T.);
#12069=ORIENTED_EDGE('',*,*,#8358,.T.);
#12070=ORIENTED_EDGE('',*,*,#8373,.T.);
#12071=ORIENTED_EDGE('',*,*,#8370,.T.);
#12072=ORIENTED_EDGE('',*,*,#8349,.T.);
#12073=ORIENTED_EDGE('',*,*,#8346,.T.);
#12074=ORIENTED_EDGE('',*,*,#8343,.T.);
#12075=ORIENTED_EDGE('',*,*,#8340,.T.);
#12076=ORIENTED_EDGE('',*,*,#8355,.T.);
#12077=ORIENTED_EDGE('',*,*,#8352,.T.);
#12078=ORIENTED_EDGE('',*,*,#8331,.T.);
#12079=ORIENTED_EDGE('',*,*,#8328,.T.);
#12080=ORIENTED_EDGE('',*,*,#8325,.T.);
#12081=ORIENTED_EDGE('',*,*,#8322,.T.);
#12082=ORIENTED_EDGE('',*,*,#8337,.T.);
#12083=ORIENTED_EDGE('',*,*,#8334,.T.);
#12084=ORIENTED_EDGE('',*,*,#8313,.T.);
#12085=ORIENTED_EDGE('',*,*,#8310,.T.);
#12086=ORIENTED_EDGE('',*,*,#8307,.T.);
#12087=ORIENTED_EDGE('',*,*,#8304,.T.);
#12088=ORIENTED_EDGE('',*,*,#8319,.T.);
#12089=ORIENTED_EDGE('',*,*,#8316,.T.);
#12090=ORIENTED_EDGE('',*,*,#8295,.T.);
#12091=ORIENTED_EDGE('',*,*,#8292,.T.);
#12092=ORIENTED_EDGE('',*,*,#8289,.T.);
#12093=ORIENTED_EDGE('',*,*,#8286,.T.);
#12094=ORIENTED_EDGE('',*,*,#8301,.T.);
#12095=ORIENTED_EDGE('',*,*,#8298,.T.);
#12096=ORIENTED_EDGE('',*,*,#8277,.T.);
#12097=ORIENTED_EDGE('',*,*,#8274,.T.);
#12098=ORIENTED_EDGE('',*,*,#8271,.T.);
#12099=ORIENTED_EDGE('',*,*,#8268,.T.);
#12100=ORIENTED_EDGE('',*,*,#8283,.T.);
#12101=ORIENTED_EDGE('',*,*,#8280,.T.);
#12102=ORIENTED_EDGE('',*,*,#8259,.T.);
#12103=ORIENTED_EDGE('',*,*,#8256,.T.);
#12104=ORIENTED_EDGE('',*,*,#8253,.T.);
#12105=ORIENTED_EDGE('',*,*,#8250,.T.);
#12106=ORIENTED_EDGE('',*,*,#8265,.T.);
#12107=ORIENTED_EDGE('',*,*,#8262,.T.);
#12108=ORIENTED_EDGE('',*,*,#8241,.T.);
#12109=ORIENTED_EDGE('',*,*,#8238,.T.);
#12110=ORIENTED_EDGE('',*,*,#8235,.T.);
#12111=ORIENTED_EDGE('',*,*,#8232,.T.);
#12112=ORIENTED_EDGE('',*,*,#8247,.T.);
#12113=ORIENTED_EDGE('',*,*,#8244,.T.);
#12114=ORIENTED_EDGE('',*,*,#8223,.T.);
#12115=ORIENTED_EDGE('',*,*,#8220,.T.);
#12116=ORIENTED_EDGE('',*,*,#8217,.T.);
#12117=ORIENTED_EDGE('',*,*,#8214,.T.);
#12118=ORIENTED_EDGE('',*,*,#8229,.T.);
#12119=ORIENTED_EDGE('',*,*,#8226,.T.);
#12120=ORIENTED_EDGE('',*,*,#8205,.T.);
#12121=ORIENTED_EDGE('',*,*,#8202,.T.);
#12122=ORIENTED_EDGE('',*,*,#8199,.T.);
#12123=ORIENTED_EDGE('',*,*,#8196,.T.);
#12124=ORIENTED_EDGE('',*,*,#8211,.T.);
#12125=ORIENTED_EDGE('',*,*,#8208,.T.);
#12126=ORIENTED_EDGE('',*,*,#8187,.T.);
#12127=ORIENTED_EDGE('',*,*,#8184,.T.);
#12128=ORIENTED_EDGE('',*,*,#8181,.T.);
#12129=ORIENTED_EDGE('',*,*,#8178,.T.);
#12130=ORIENTED_EDGE('',*,*,#8193,.T.);
#12131=ORIENTED_EDGE('',*,*,#8190,.T.);
#12132=ORIENTED_EDGE('',*,*,#8169,.T.);
#12133=ORIENTED_EDGE('',*,*,#8166,.T.);
#12134=ORIENTED_EDGE('',*,*,#8163,.T.);
#12135=ORIENTED_EDGE('',*,*,#8160,.T.);
#12136=ORIENTED_EDGE('',*,*,#8175,.T.);
#12137=ORIENTED_EDGE('',*,*,#8172,.T.);
#12138=ORIENTED_EDGE('',*,*,#8151,.T.);
#12139=ORIENTED_EDGE('',*,*,#8148,.T.);
#12140=ORIENTED_EDGE('',*,*,#8145,.T.);
#12141=ORIENTED_EDGE('',*,*,#8142,.T.);
#12142=ORIENTED_EDGE('',*,*,#8157,.T.);
#12143=ORIENTED_EDGE('',*,*,#8154,.T.);
#12144=ORIENTED_EDGE('',*,*,#8133,.T.);
#12145=ORIENTED_EDGE('',*,*,#8130,.T.);
#12146=ORIENTED_EDGE('',*,*,#8127,.T.);
#12147=ORIENTED_EDGE('',*,*,#8124,.T.);
#12148=ORIENTED_EDGE('',*,*,#8139,.T.);
#12149=ORIENTED_EDGE('',*,*,#8136,.T.);
#12150=ORIENTED_EDGE('',*,*,#8115,.T.);
#12151=ORIENTED_EDGE('',*,*,#8112,.T.);
#12152=ORIENTED_EDGE('',*,*,#8109,.T.);
#12153=ORIENTED_EDGE('',*,*,#8106,.T.);
#12154=ORIENTED_EDGE('',*,*,#8121,.T.);
#12155=ORIENTED_EDGE('',*,*,#8118,.T.);
#12156=ORIENTED_EDGE('',*,*,#8097,.T.);
#12157=ORIENTED_EDGE('',*,*,#8094,.T.);
#12158=ORIENTED_EDGE('',*,*,#8091,.T.);
#12159=ORIENTED_EDGE('',*,*,#8088,.T.);
#12160=ORIENTED_EDGE('',*,*,#8103,.T.);
#12161=ORIENTED_EDGE('',*,*,#8100,.T.);
#12162=ORIENTED_EDGE('',*,*,#8079,.T.);
#12163=ORIENTED_EDGE('',*,*,#8076,.T.);
#12164=ORIENTED_EDGE('',*,*,#8073,.T.);
#12165=ORIENTED_EDGE('',*,*,#8070,.T.);
#12166=ORIENTED_EDGE('',*,*,#8085,.T.);
#12167=ORIENTED_EDGE('',*,*,#8082,.T.);
#12168=ORIENTED_EDGE('',*,*,#8061,.T.);
#12169=ORIENTED_EDGE('',*,*,#8058,.T.);
#12170=ORIENTED_EDGE('',*,*,#8055,.T.);
#12171=ORIENTED_EDGE('',*,*,#8052,.T.);
#12172=ORIENTED_EDGE('',*,*,#8067,.T.);
#12173=ORIENTED_EDGE('',*,*,#8064,.T.);
#12174=ORIENTED_EDGE('',*,*,#8043,.T.);
#12175=ORIENTED_EDGE('',*,*,#8040,.T.);
#12176=ORIENTED_EDGE('',*,*,#8037,.T.);
#12177=ORIENTED_EDGE('',*,*,#8034,.T.);
#12178=ORIENTED_EDGE('',*,*,#8049,.T.);
#12179=ORIENTED_EDGE('',*,*,#8046,.T.);
#12180=ORIENTED_EDGE('',*,*,#8025,.T.);
#12181=ORIENTED_EDGE('',*,*,#8022,.T.);
#12182=ORIENTED_EDGE('',*,*,#8019,.T.);
#12183=ORIENTED_EDGE('',*,*,#8016,.T.);
#12184=ORIENTED_EDGE('',*,*,#8031,.T.);
#12185=ORIENTED_EDGE('',*,*,#8028,.T.);
#12186=ORIENTED_EDGE('',*,*,#8007,.T.);
#12187=ORIENTED_EDGE('',*,*,#8004,.T.);
#12188=ORIENTED_EDGE('',*,*,#8001,.T.);
#12189=ORIENTED_EDGE('',*,*,#7998,.T.);
#12190=ORIENTED_EDGE('',*,*,#8013,.T.);
#12191=ORIENTED_EDGE('',*,*,#8010,.T.);
#12192=ORIENTED_EDGE('',*,*,#7989,.T.);
#12193=ORIENTED_EDGE('',*,*,#7986,.T.);
#12194=ORIENTED_EDGE('',*,*,#7983,.T.);
#12195=ORIENTED_EDGE('',*,*,#7980,.T.);
#12196=ORIENTED_EDGE('',*,*,#7995,.T.);
#12197=ORIENTED_EDGE('',*,*,#7992,.T.);
#12198=ORIENTED_EDGE('',*,*,#7971,.T.);
#12199=ORIENTED_EDGE('',*,*,#7968,.T.);
#12200=ORIENTED_EDGE('',*,*,#7965,.T.);
#12201=ORIENTED_EDGE('',*,*,#7962,.T.);
#12202=ORIENTED_EDGE('',*,*,#7977,.T.);
#12203=ORIENTED_EDGE('',*,*,#7974,.T.);
#12204=ORIENTED_EDGE('',*,*,#7953,.T.);
#12205=ORIENTED_EDGE('',*,*,#7950,.T.);
#12206=ORIENTED_EDGE('',*,*,#7947,.T.);
#12207=ORIENTED_EDGE('',*,*,#7944,.T.);
#12208=ORIENTED_EDGE('',*,*,#7959,.T.);
#12209=ORIENTED_EDGE('',*,*,#7956,.T.);
#12210=ORIENTED_EDGE('',*,*,#7935,.T.);
#12211=ORIENTED_EDGE('',*,*,#7932,.T.);
#12212=ORIENTED_EDGE('',*,*,#7929,.T.);
#12213=ORIENTED_EDGE('',*,*,#7926,.T.);
#12214=ORIENTED_EDGE('',*,*,#7941,.T.);
#12215=ORIENTED_EDGE('',*,*,#7938,.T.);
#12216=ORIENTED_EDGE('',*,*,#7917,.T.);
#12217=ORIENTED_EDGE('',*,*,#7914,.T.);
#12218=ORIENTED_EDGE('',*,*,#7911,.T.);
#12219=ORIENTED_EDGE('',*,*,#7908,.T.);
#12220=ORIENTED_EDGE('',*,*,#7923,.T.);
#12221=ORIENTED_EDGE('',*,*,#7920,.T.);
#12222=ORIENTED_EDGE('',*,*,#7899,.T.);
#12223=ORIENTED_EDGE('',*,*,#7896,.T.);
#12224=ORIENTED_EDGE('',*,*,#7893,.T.);
#12225=ORIENTED_EDGE('',*,*,#7890,.T.);
#12226=ORIENTED_EDGE('',*,*,#7905,.T.);
#12227=ORIENTED_EDGE('',*,*,#7902,.T.);
#12228=ORIENTED_EDGE('',*,*,#7881,.T.);
#12229=ORIENTED_EDGE('',*,*,#7878,.T.);
#12230=ORIENTED_EDGE('',*,*,#7875,.T.);
#12231=ORIENTED_EDGE('',*,*,#7872,.T.);
#12232=ORIENTED_EDGE('',*,*,#7887,.T.);
#12233=ORIENTED_EDGE('',*,*,#7884,.T.);
#12234=ORIENTED_EDGE('',*,*,#7863,.T.);
#12235=ORIENTED_EDGE('',*,*,#7860,.T.);
#12236=ORIENTED_EDGE('',*,*,#7857,.T.);
#12237=ORIENTED_EDGE('',*,*,#7854,.T.);
#12238=ORIENTED_EDGE('',*,*,#7869,.T.);
#12239=ORIENTED_EDGE('',*,*,#7866,.T.);
#12240=ORIENTED_EDGE('',*,*,#7845,.T.);
#12241=ORIENTED_EDGE('',*,*,#7842,.T.);
#12242=ORIENTED_EDGE('',*,*,#7839,.T.);
#12243=ORIENTED_EDGE('',*,*,#7836,.T.);
#12244=ORIENTED_EDGE('',*,*,#7851,.T.);
#12245=ORIENTED_EDGE('',*,*,#7848,.T.);
#12246=CYLINDRICAL_SURFACE('',#12956,8.);
#12247=CYLINDRICAL_SURFACE('',#12959,8.00000000000001);
#12248=CYLINDRICAL_SURFACE('',#13031,3.1);
#12249=CYLINDRICAL_SURFACE('',#13034,3.1);
#12250=CYLINDRICAL_SURFACE('',#13037,3.1);
#12251=CYLINDRICAL_SURFACE('',#13040,3.1);
#12252=CYLINDRICAL_SURFACE('',#13043,4.9);
#12253=CYLINDRICAL_SURFACE('',#13046,4.9);
#12254=CYLINDRICAL_SURFACE('',#13049,4.9);
#12255=CYLINDRICAL_SURFACE('',#13052,4.9);
#12256=CYLINDRICAL_SURFACE('',#13055,4.9);
#12257=CYLINDRICAL_SURFACE('',#13058,4.9);
#12258=CYLINDRICAL_SURFACE('',#13061,4.9);
#12259=CYLINDRICAL_SURFACE('',#13064,4.9);
#12260=CYLINDRICAL_SURFACE('',#13067,4.9);
#12261=CYLINDRICAL_SURFACE('',#13070,4.9);
#12262=CYLINDRICAL_SURFACE('',#13073,4.9);
#12263=CYLINDRICAL_SURFACE('',#13076,4.9);
#12264=CYLINDRICAL_SURFACE('',#13120,6.);
#12265=CYLINDRICAL_SURFACE('',#13123,6.);
#12266=CYLINDRICAL_SURFACE('',#13127,6.);
#12267=CYLINDRICAL_SURFACE('',#13129,6.);
#12268=CYLINDRICAL_SURFACE('',#13572,1.99999999999999);
#12269=CYLINDRICAL_SURFACE('',#13583,11.);
#12270=CYLINDRICAL_SURFACE('',#13586,2.05);
#12271=CYLINDRICAL_SURFACE('',#13590,2.05);
#12272=CYLINDRICAL_SURFACE('',#13594,2.05);
#12273=CYLINDRICAL_SURFACE('',#13598,2.05);
#12274=CYLINDRICAL_SURFACE('',#13602,4.);
#12275=CYLINDRICAL_SURFACE('',#13605,4.);
#12276=CYLINDRICAL_SURFACE('',#13616,4.);
#12277=CYLINDRICAL_SURFACE('',#13619,4.);
#12278=CYLINDRICAL_SURFACE('',#13625,4.);
#12279=CYLINDRICAL_SURFACE('',#13628,4.);
#12280=CYLINDRICAL_SURFACE('',#13634,4.);
#12281=CYLINDRICAL_SURFACE('',#13636,4.);
#12282=CYLINDRICAL_SURFACE('',#13660,6.);
#12283=CYLINDRICAL_SURFACE('',#13663,6.);
#12284=CYLINDRICAL_SURFACE('',#13673,6.);
#12285=CYLINDRICAL_SURFACE('',#13675,6.);
#12286=ADVANCED_FACE('',(#805),#12246,.F.);
#12287=ADVANCED_FACE('',(#806),#12247,.F.);
#12288=ADVANCED_FACE('',(#807),#222,.F.);
#12289=ADVANCED_FACE('',(#808),#223,.T.);
#12290=ADVANCED_FACE('',(#809),#224,.T.);
#12291=ADVANCED_FACE('',(#810),#225,.F.);
#12292=ADVANCED_FACE('',(#811),#226,.F.);
#12293=ADVANCED_FACE('',(#812),#227,.T.);
#12294=ADVANCED_FACE('',(#813),#228,.T.);
#12295=ADVANCED_FACE('',(#814),#229,.T.);
#12296=ADVANCED_FACE('',(#815),#230,.T.);
#12297=ADVANCED_FACE('',(#816),#231,.T.);
#12298=ADVANCED_FACE('',(#817),#232,.T.);
#12299=ADVANCED_FACE('',(#818),#233,.T.);
#12300=ADVANCED_FACE('',(#819),#234,.T.);
#12301=ADVANCED_FACE('',(#820),#235,.T.);
#12302=ADVANCED_FACE('',(#821),#236,.T.);
#12303=ADVANCED_FACE('',(#822),#237,.T.);
#12304=ADVANCED_FACE('',(#823),#238,.T.);
#12305=ADVANCED_FACE('',(#824),#239,.T.);
#12306=ADVANCED_FACE('',(#825),#240,.T.);
#12307=ADVANCED_FACE('',(#826,#43,#44,#45,#46),#241,.T.);
#12308=ADVANCED_FACE('',(#827),#242,.F.);
#12309=ADVANCED_FACE('',(#828),#243,.F.);
#12310=ADVANCED_FACE('',(#829),#244,.T.);
#12311=ADVANCED_FACE('',(#830),#245,.T.);
#12312=ADVANCED_FACE('',(#831),#246,.T.);
#12313=ADVANCED_FACE('',(#832),#247,.T.);
#12314=ADVANCED_FACE('',(#833),#248,.T.);
#12315=ADVANCED_FACE('',(#834),#249,.T.);
#12316=ADVANCED_FACE('',(#835),#250,.T.);
#12317=ADVANCED_FACE('',(#836),#251,.F.);
#12318=ADVANCED_FACE('',(#837),#252,.F.);
#12319=ADVANCED_FACE('',(#838),#253,.T.);
#12320=ADVANCED_FACE('',(#839),#254,.T.);
#12321=ADVANCED_FACE('',(#840),#255,.T.);
#12322=ADVANCED_FACE('',(#841),#256,.T.);
#12323=ADVANCED_FACE('',(#842),#257,.T.);
#12324=ADVANCED_FACE('',(#843),#258,.T.);
#12325=ADVANCED_FACE('',(#844),#259,.T.);
#12326=ADVANCED_FACE('',(#845),#260,.F.);
#12327=ADVANCED_FACE('',(#846),#261,.F.);
#12328=ADVANCED_FACE('',(#847),#262,.T.);
#12329=ADVANCED_FACE('',(#848),#263,.T.);
#12330=ADVANCED_FACE('',(#849),#264,.T.);
#12331=ADVANCED_FACE('',(#850),#265,.T.);
#12332=ADVANCED_FACE('',(#851),#266,.T.);
#12333=ADVANCED_FACE('',(#852),#267,.T.);
#12334=ADVANCED_FACE('',(#853),#268,.T.);
#12335=ADVANCED_FACE('',(#854),#269,.T.);
#12336=ADVANCED_FACE('',(#855),#270,.T.);
#12337=ADVANCED_FACE('',(#856),#271,.T.);
#12338=ADVANCED_FACE('',(#857),#272,.T.);
#12339=ADVANCED_FACE('',(#858),#273,.F.);
#12340=ADVANCED_FACE('',(#859),#274,.F.);
#12341=ADVANCED_FACE('',(#860),#275,.T.);
#12342=ADVANCED_FACE('',(#861),#276,.T.);
#12343=ADVANCED_FACE('',(#862),#277,.T.);
#12344=ADVANCED_FACE('',(#863),#278,.T.);
#12345=ADVANCED_FACE('',(#864),#279,.T.);
#12346=ADVANCED_FACE('',(#865),#280,.T.);
#12347=ADVANCED_FACE('',(#866),#281,.T.);
#12348=ADVANCED_FACE('',(#867),#282,.T.);
#12349=ADVANCED_FACE('',(#868),#283,.T.);
#12350=ADVANCED_FACE('',(#869),#284,.T.);
#12351=ADVANCED_FACE('',(#870),#285,.T.);
#12352=ADVANCED_FACE('',(#871),#286,.T.);
#12353=ADVANCED_FACE('',(#872),#287,.T.);
#12354=ADVANCED_FACE('',(#873),#288,.T.);
#12355=ADVANCED_FACE('',(#874),#289,.T.);
#12356=ADVANCED_FACE('',(#875),#12248,.F.);
#12357=ADVANCED_FACE('',(#876),#12249,.F.);
#12358=ADVANCED_FACE('',(#877),#12250,.F.);
#12359=ADVANCED_FACE('',(#878),#12251,.F.);
#12360=ADVANCED_FACE('',(#879),#12252,.F.);
#12361=ADVANCED_FACE('',(#880),#12253,.F.);
#12362=ADVANCED_FACE('',(#881),#12254,.F.);
#12363=ADVANCED_FACE('',(#882),#12255,.F.);
#12364=ADVANCED_FACE('',(#883),#12256,.F.);
#12365=ADVANCED_FACE('',(#884),#12257,.F.);
#12366=ADVANCED_FACE('',(#885),#12258,.F.);
#12367=ADVANCED_FACE('',(#886),#12259,.F.);
#12368=ADVANCED_FACE('',(#887),#12260,.F.);
#12369=ADVANCED_FACE('',(#888),#12261,.F.);
#12370=ADVANCED_FACE('',(#889),#12262,.F.);
#12371=ADVANCED_FACE('',(#890),#12263,.F.);
#12372=ADVANCED_FACE('',(#891),#290,.T.);
#12373=ADVANCED_FACE('',(#892),#291,.T.);
#12374=ADVANCED_FACE('',(#893),#292,.T.);
#12375=ADVANCED_FACE('',(#894),#293,.T.);
#12376=ADVANCED_FACE('',(#895),#294,.T.);
#12377=ADVANCED_FACE('',(#896),#295,.T.);
#12378=ADVANCED_FACE('',(#897),#296,.T.);
#12379=ADVANCED_FACE('',(#898),#297,.T.);
#12380=ADVANCED_FACE('',(#899),#298,.T.);
#12381=ADVANCED_FACE('',(#900),#299,.T.);
#12382=ADVANCED_FACE('',(#901),#300,.T.);
#12383=ADVANCED_FACE('',(#902),#301,.T.);
#12384=ADVANCED_FACE('',(#903),#302,.T.);
#12385=ADVANCED_FACE('',(#904),#303,.T.);
#12386=ADVANCED_FACE('',(#905),#304,.T.);
#12387=ADVANCED_FACE('',(#906),#305,.T.);
#12388=ADVANCED_FACE('',(#907),#306,.T.);
#12389=ADVANCED_FACE('',(#908),#307,.T.);
#12390=ADVANCED_FACE('',(#909),#308,.T.);
#12391=ADVANCED_FACE('',(#910),#309,.T.);
#12392=ADVANCED_FACE('',(#911),#310,.T.);
#12393=ADVANCED_FACE('',(#912),#311,.T.);
#12394=ADVANCED_FACE('',(#913),#312,.T.);
#12395=ADVANCED_FACE('',(#914),#313,.T.);
#12396=ADVANCED_FACE('',(#915),#23,.T.);
#12397=ADVANCED_FACE('',(#916),#314,.T.);
#12398=ADVANCED_FACE('',(#917),#24,.T.);
#12399=ADVANCED_FACE('',(#918),#315,.T.);
#12400=ADVANCED_FACE('',(#919),#25,.T.);
#12401=ADVANCED_FACE('',(#920),#316,.T.);
#12402=ADVANCED_FACE('',(#921),#26,.T.);
#12403=ADVANCED_FACE('',(#922),#317,.T.);
#12404=ADVANCED_FACE('',(#923),#318,.T.);
#12405=ADVANCED_FACE('',(#924),#12264,.T.);
#12406=ADVANCED_FACE('',(#925),#319,.T.);
#12407=ADVANCED_FACE('',(#926),#12265,.T.);
#12408=ADVANCED_FACE('',(#927,#47,#48,#49,#50),#320,.T.);
#12409=ADVANCED_FACE('',(#928),#321,.T.);
#12410=ADVANCED_FACE('',(#929),#12266,.T.);
#12411=ADVANCED_FACE('',(#930),#12267,.T.);
#12412=ADVANCED_FACE('',(#931),#322,.T.);
#12413=ADVANCED_FACE('',(#932,#51,#52,#53,#54,#55,#56,#57,#58,#59,#60,#61,
#62),#323,.F.);
#12414=ADVANCED_FACE('',(#933),#324,.F.);
#12415=ADVANCED_FACE('',(#934),#325,.F.);
#12416=ADVANCED_FACE('',(#935),#326,.F.);
#12417=ADVANCED_FACE('',(#936),#327,.F.);
#12418=ADVANCED_FACE('',(#937),#328,.F.);
#12419=ADVANCED_FACE('',(#938),#329,.F.);
#12420=ADVANCED_FACE('',(#939),#330,.F.);
#12421=ADVANCED_FACE('',(#940),#331,.F.);
#12422=ADVANCED_FACE('',(#941),#332,.F.);
#12423=ADVANCED_FACE('',(#942),#333,.F.);
#12424=ADVANCED_FACE('',(#943),#334,.F.);
#12425=ADVANCED_FACE('',(#944),#335,.F.);
#12426=ADVANCED_FACE('',(#945),#336,.F.);
#12427=ADVANCED_FACE('',(#946),#337,.F.);
#12428=ADVANCED_FACE('',(#947),#338,.F.);
#12429=ADVANCED_FACE('',(#948),#339,.F.);
#12430=ADVANCED_FACE('',(#949),#340,.F.);
#12431=ADVANCED_FACE('',(#950),#341,.F.);
#12432=ADVANCED_FACE('',(#951),#342,.F.);
#12433=ADVANCED_FACE('',(#952),#343,.F.);
#12434=ADVANCED_FACE('',(#953),#344,.F.);
#12435=ADVANCED_FACE('',(#954),#345,.F.);
#12436=ADVANCED_FACE('',(#955),#346,.F.);
#12437=ADVANCED_FACE('',(#956),#347,.F.);
#12438=ADVANCED_FACE('',(#957),#348,.F.);
#12439=ADVANCED_FACE('',(#958),#349,.F.);
#12440=ADVANCED_FACE('',(#959),#350,.F.);
#12441=ADVANCED_FACE('',(#960),#351,.F.);
#12442=ADVANCED_FACE('',(#961),#352,.F.);
#12443=ADVANCED_FACE('',(#962),#353,.F.);
#12444=ADVANCED_FACE('',(#963),#354,.F.);
#12445=ADVANCED_FACE('',(#964),#355,.F.);
#12446=ADVANCED_FACE('',(#965),#356,.F.);
#12447=ADVANCED_FACE('',(#966),#357,.F.);
#12448=ADVANCED_FACE('',(#967),#358,.F.);
#12449=ADVANCED_FACE('',(#968),#359,.F.);
#12450=ADVANCED_FACE('',(#969),#360,.F.);
#12451=ADVANCED_FACE('',(#970),#361,.F.);
#12452=ADVANCED_FACE('',(#971),#362,.F.);
#12453=ADVANCED_FACE('',(#972),#363,.F.);
#12454=ADVANCED_FACE('',(#973),#364,.F.);
#12455=ADVANCED_FACE('',(#974),#365,.F.);
#12456=ADVANCED_FACE('',(#975),#366,.F.);
#12457=ADVANCED_FACE('',(#976),#367,.F.);
#12458=ADVANCED_FACE('',(#977),#368,.F.);
#12459=ADVANCED_FACE('',(#978),#369,.F.);
#12460=ADVANCED_FACE('',(#979),#370,.F.);
#12461=ADVANCED_FACE('',(#980),#371,.F.);
#12462=ADVANCED_FACE('',(#981),#372,.F.);
#12463=ADVANCED_FACE('',(#982),#373,.F.);
#12464=ADVANCED_FACE('',(#983),#374,.F.);
#12465=ADVANCED_FACE('',(#984),#375,.F.);
#12466=ADVANCED_FACE('',(#985),#376,.F.);
#12467=ADVANCED_FACE('',(#986),#377,.F.);
#12468=ADVANCED_FACE('',(#987),#378,.F.);
#12469=ADVANCED_FACE('',(#988),#379,.F.);
#12470=ADVANCED_FACE('',(#989),#380,.F.);
#12471=ADVANCED_FACE('',(#990),#381,.F.);
#12472=ADVANCED_FACE('',(#991),#382,.F.);
#12473=ADVANCED_FACE('',(#992),#383,.F.);
#12474=ADVANCED_FACE('',(#993),#384,.F.);
#12475=ADVANCED_FACE('',(#994),#385,.F.);
#12476=ADVANCED_FACE('',(#995),#386,.F.);
#12477=ADVANCED_FACE('',(#996),#387,.F.);
#12478=ADVANCED_FACE('',(#997),#388,.F.);
#12479=ADVANCED_FACE('',(#998),#389,.F.);
#12480=ADVANCED_FACE('',(#999),#390,.F.);
#12481=ADVANCED_FACE('',(#1000),#391,.F.);
#12482=ADVANCED_FACE('',(#1001),#392,.F.);
#12483=ADVANCED_FACE('',(#1002),#393,.F.);
#12484=ADVANCED_FACE('',(#1003),#394,.F.);
#12485=ADVANCED_FACE('',(#1004),#395,.F.);
#12486=ADVANCED_FACE('',(#1005),#396,.F.);
#12487=ADVANCED_FACE('',(#1006),#397,.F.);
#12488=ADVANCED_FACE('',(#1007),#398,.F.);
#12489=ADVANCED_FACE('',(#1008),#399,.F.);
#12490=ADVANCED_FACE('',(#1009),#400,.F.);
#12491=ADVANCED_FACE('',(#1010),#401,.F.);
#12492=ADVANCED_FACE('',(#1011),#402,.F.);
#12493=ADVANCED_FACE('',(#1012),#403,.F.);
#12494=ADVANCED_FACE('',(#1013),#404,.F.);
#12495=ADVANCED_FACE('',(#1014),#405,.F.);
#12496=ADVANCED_FACE('',(#1015),#406,.F.);
#12497=ADVANCED_FACE('',(#1016),#407,.F.);
#12498=ADVANCED_FACE('',(#1017),#408,.F.);
#12499=ADVANCED_FACE('',(#1018),#409,.F.);
#12500=ADVANCED_FACE('',(#1019),#410,.F.);
#12501=ADVANCED_FACE('',(#1020),#411,.F.);
#12502=ADVANCED_FACE('',(#1021),#412,.F.);
#12503=ADVANCED_FACE('',(#1022),#413,.F.);
#12504=ADVANCED_FACE('',(#1023),#414,.F.);
#12505=ADVANCED_FACE('',(#1024),#415,.F.);
#12506=ADVANCED_FACE('',(#1025),#416,.F.);
#12507=ADVANCED_FACE('',(#1026),#417,.F.);
#12508=ADVANCED_FACE('',(#1027),#418,.F.);
#12509=ADVANCED_FACE('',(#1028),#419,.F.);
#12510=ADVANCED_FACE('',(#1029),#420,.F.);
#12511=ADVANCED_FACE('',(#1030),#421,.F.);
#12512=ADVANCED_FACE('',(#1031),#422,.F.);
#12513=ADVANCED_FACE('',(#1032),#423,.F.);
#12514=ADVANCED_FACE('',(#1033),#424,.F.);
#12515=ADVANCED_FACE('',(#1034),#425,.F.);
#12516=ADVANCED_FACE('',(#1035),#426,.F.);
#12517=ADVANCED_FACE('',(#1036),#427,.F.);
#12518=ADVANCED_FACE('',(#1037),#428,.F.);
#12519=ADVANCED_FACE('',(#1038),#429,.F.);
#12520=ADVANCED_FACE('',(#1039),#430,.F.);
#12521=ADVANCED_FACE('',(#1040),#431,.F.);
#12522=ADVANCED_FACE('',(#1041),#432,.F.);
#12523=ADVANCED_FACE('',(#1042),#433,.F.);
#12524=ADVANCED_FACE('',(#1043),#434,.F.);
#12525=ADVANCED_FACE('',(#1044),#435,.F.);
#12526=ADVANCED_FACE('',(#1045),#436,.F.);
#12527=ADVANCED_FACE('',(#1046),#437,.F.);
#12528=ADVANCED_FACE('',(#1047),#438,.F.);
#12529=ADVANCED_FACE('',(#1048),#439,.F.);
#12530=ADVANCED_FACE('',(#1049),#440,.F.);
#12531=ADVANCED_FACE('',(#1050),#441,.F.);
#12532=ADVANCED_FACE('',(#1051),#442,.F.);
#12533=ADVANCED_FACE('',(#1052),#443,.F.);
#12534=ADVANCED_FACE('',(#1053),#444,.F.);
#12535=ADVANCED_FACE('',(#1054),#445,.F.);
#12536=ADVANCED_FACE('',(#1055),#446,.F.);
#12537=ADVANCED_FACE('',(#1056),#447,.F.);
#12538=ADVANCED_FACE('',(#1057),#448,.F.);
#12539=ADVANCED_FACE('',(#1058),#449,.F.);
#12540=ADVANCED_FACE('',(#1059),#450,.F.);
#12541=ADVANCED_FACE('',(#1060),#451,.F.);
#12542=ADVANCED_FACE('',(#1061),#452,.F.);
#12543=ADVANCED_FACE('',(#1062),#453,.F.);
#12544=ADVANCED_FACE('',(#1063),#454,.F.);
#12545=ADVANCED_FACE('',(#1064),#455,.F.);
#12546=ADVANCED_FACE('',(#1065),#456,.F.);
#12547=ADVANCED_FACE('',(#1066),#457,.F.);
#12548=ADVANCED_FACE('',(#1067),#458,.F.);
#12549=ADVANCED_FACE('',(#1068),#459,.F.);
#12550=ADVANCED_FACE('',(#1069),#460,.F.);
#12551=ADVANCED_FACE('',(#1070),#461,.F.);
#12552=ADVANCED_FACE('',(#1071),#462,.F.);
#12553=ADVANCED_FACE('',(#1072),#463,.F.);
#12554=ADVANCED_FACE('',(#1073),#464,.F.);
#12555=ADVANCED_FACE('',(#1074),#465,.F.);
#12556=ADVANCED_FACE('',(#1075),#466,.F.);
#12557=ADVANCED_FACE('',(#1076),#467,.F.);
#12558=ADVANCED_FACE('',(#1077),#468,.F.);
#12559=ADVANCED_FACE('',(#1078),#469,.F.);
#12560=ADVANCED_FACE('',(#1079),#470,.F.);
#12561=ADVANCED_FACE('',(#1080),#471,.F.);
#12562=ADVANCED_FACE('',(#1081),#472,.F.);
#12563=ADVANCED_FACE('',(#1082),#473,.F.);
#12564=ADVANCED_FACE('',(#1083),#474,.F.);
#12565=ADVANCED_FACE('',(#1084),#475,.F.);
#12566=ADVANCED_FACE('',(#1085),#476,.F.);
#12567=ADVANCED_FACE('',(#1086),#477,.F.);
#12568=ADVANCED_FACE('',(#1087),#478,.F.);
#12569=ADVANCED_FACE('',(#1088),#479,.F.);
#12570=ADVANCED_FACE('',(#1089),#480,.F.);
#12571=ADVANCED_FACE('',(#1090),#481,.F.);
#12572=ADVANCED_FACE('',(#1091),#482,.F.);
#12573=ADVANCED_FACE('',(#1092),#483,.F.);
#12574=ADVANCED_FACE('',(#1093),#484,.F.);
#12575=ADVANCED_FACE('',(#1094),#485,.F.);
#12576=ADVANCED_FACE('',(#1095),#486,.F.);
#12577=ADVANCED_FACE('',(#1096),#487,.F.);
#12578=ADVANCED_FACE('',(#1097),#488,.F.);
#12579=ADVANCED_FACE('',(#1098),#489,.F.);
#12580=ADVANCED_FACE('',(#1099),#490,.F.);
#12581=ADVANCED_FACE('',(#1100),#491,.F.);
#12582=ADVANCED_FACE('',(#1101),#492,.F.);
#12583=ADVANCED_FACE('',(#1102),#493,.F.);
#12584=ADVANCED_FACE('',(#1103),#494,.F.);
#12585=ADVANCED_FACE('',(#1104),#495,.F.);
#12586=ADVANCED_FACE('',(#1105),#496,.F.);
#12587=ADVANCED_FACE('',(#1106),#497,.F.);
#12588=ADVANCED_FACE('',(#1107),#498,.F.);
#12589=ADVANCED_FACE('',(#1108),#499,.F.);
#12590=ADVANCED_FACE('',(#1109),#500,.F.);
#12591=ADVANCED_FACE('',(#1110),#501,.F.);
#12592=ADVANCED_FACE('',(#1111),#502,.F.);
#12593=ADVANCED_FACE('',(#1112),#503,.F.);
#12594=ADVANCED_FACE('',(#1113),#504,.F.);
#12595=ADVANCED_FACE('',(#1114),#505,.F.);
#12596=ADVANCED_FACE('',(#1115),#506,.F.);
#12597=ADVANCED_FACE('',(#1116),#507,.F.);
#12598=ADVANCED_FACE('',(#1117),#508,.F.);
#12599=ADVANCED_FACE('',(#1118),#509,.F.);
#12600=ADVANCED_FACE('',(#1119),#510,.F.);
#12601=ADVANCED_FACE('',(#1120),#511,.F.);
#12602=ADVANCED_FACE('',(#1121),#512,.F.);
#12603=ADVANCED_FACE('',(#1122),#513,.F.);
#12604=ADVANCED_FACE('',(#1123),#514,.F.);
#12605=ADVANCED_FACE('',(#1124),#515,.F.);
#12606=ADVANCED_FACE('',(#1125),#516,.F.);
#12607=ADVANCED_FACE('',(#1126),#517,.F.);
#12608=ADVANCED_FACE('',(#1127),#518,.F.);
#12609=ADVANCED_FACE('',(#1128),#519,.F.);
#12610=ADVANCED_FACE('',(#1129),#520,.F.);
#12611=ADVANCED_FACE('',(#1130),#521,.F.);
#12612=ADVANCED_FACE('',(#1131),#522,.F.);
#12613=ADVANCED_FACE('',(#1132),#523,.F.);
#12614=ADVANCED_FACE('',(#1133),#524,.F.);
#12615=ADVANCED_FACE('',(#1134),#525,.F.);
#12616=ADVANCED_FACE('',(#1135),#526,.F.);
#12617=ADVANCED_FACE('',(#1136),#527,.F.);
#12618=ADVANCED_FACE('',(#1137),#528,.F.);
#12619=ADVANCED_FACE('',(#1138),#529,.F.);
#12620=ADVANCED_FACE('',(#1139),#530,.F.);
#12621=ADVANCED_FACE('',(#1140),#531,.F.);
#12622=ADVANCED_FACE('',(#1141),#532,.F.);
#12623=ADVANCED_FACE('',(#1142),#533,.F.);
#12624=ADVANCED_FACE('',(#1143),#534,.F.);
#12625=ADVANCED_FACE('',(#1144),#535,.F.);
#12626=ADVANCED_FACE('',(#1145),#536,.F.);
#12627=ADVANCED_FACE('',(#1146),#537,.F.);
#12628=ADVANCED_FACE('',(#1147),#538,.F.);
#12629=ADVANCED_FACE('',(#1148),#539,.F.);
#12630=ADVANCED_FACE('',(#1149),#540,.F.);
#12631=ADVANCED_FACE('',(#1150),#541,.F.);
#12632=ADVANCED_FACE('',(#1151),#542,.F.);
#12633=ADVANCED_FACE('',(#1152),#543,.F.);
#12634=ADVANCED_FACE('',(#1153),#544,.F.);
#12635=ADVANCED_FACE('',(#1154),#545,.F.);
#12636=ADVANCED_FACE('',(#1155),#546,.F.);
#12637=ADVANCED_FACE('',(#1156),#547,.F.);
#12638=ADVANCED_FACE('',(#1157),#548,.F.);
#12639=ADVANCED_FACE('',(#1158),#549,.F.);
#12640=ADVANCED_FACE('',(#1159),#550,.F.);
#12641=ADVANCED_FACE('',(#1160),#551,.F.);
#12642=ADVANCED_FACE('',(#1161),#552,.F.);
#12643=ADVANCED_FACE('',(#1162),#553,.F.);
#12644=ADVANCED_FACE('',(#1163),#554,.F.);
#12645=ADVANCED_FACE('',(#1164),#555,.F.);
#12646=ADVANCED_FACE('',(#1165),#556,.F.);
#12647=ADVANCED_FACE('',(#1166),#557,.F.);
#12648=ADVANCED_FACE('',(#1167),#558,.F.);
#12649=ADVANCED_FACE('',(#1168),#559,.F.);
#12650=ADVANCED_FACE('',(#1169),#560,.F.);
#12651=ADVANCED_FACE('',(#1170),#561,.F.);
#12652=ADVANCED_FACE('',(#1171),#562,.F.);
#12653=ADVANCED_FACE('',(#1172),#563,.F.);
#12654=ADVANCED_FACE('',(#1173),#564,.F.);
#12655=ADVANCED_FACE('',(#1174),#565,.F.);
#12656=ADVANCED_FACE('',(#1175),#566,.F.);
#12657=ADVANCED_FACE('',(#1176),#567,.F.);
#12658=ADVANCED_FACE('',(#1177),#568,.F.);
#12659=ADVANCED_FACE('',(#1178),#569,.F.);
#12660=ADVANCED_FACE('',(#1179),#570,.F.);
#12661=ADVANCED_FACE('',(#1180),#571,.F.);
#12662=ADVANCED_FACE('',(#1181),#572,.F.);
#12663=ADVANCED_FACE('',(#1182),#573,.F.);
#12664=ADVANCED_FACE('',(#1183),#574,.F.);
#12665=ADVANCED_FACE('',(#1184),#575,.F.);
#12666=ADVANCED_FACE('',(#1185),#576,.F.);
#12667=ADVANCED_FACE('',(#1186),#577,.F.);
#12668=ADVANCED_FACE('',(#1187),#578,.F.);
#12669=ADVANCED_FACE('',(#1188),#579,.F.);
#12670=ADVANCED_FACE('',(#1189),#580,.F.);
#12671=ADVANCED_FACE('',(#1190),#581,.F.);
#12672=ADVANCED_FACE('',(#1191),#582,.F.);
#12673=ADVANCED_FACE('',(#1192),#583,.F.);
#12674=ADVANCED_FACE('',(#1193),#584,.F.);
#12675=ADVANCED_FACE('',(#1194),#585,.F.);
#12676=ADVANCED_FACE('',(#1195),#586,.F.);
#12677=ADVANCED_FACE('',(#1196),#587,.F.);
#12678=ADVANCED_FACE('',(#1197),#588,.F.);
#12679=ADVANCED_FACE('',(#1198),#589,.F.);
#12680=ADVANCED_FACE('',(#1199),#590,.F.);
#12681=ADVANCED_FACE('',(#1200),#591,.F.);
#12682=ADVANCED_FACE('',(#1201),#592,.F.);
#12683=ADVANCED_FACE('',(#1202),#593,.F.);
#12684=ADVANCED_FACE('',(#1203),#594,.F.);
#12685=ADVANCED_FACE('',(#1204),#595,.F.);
#12686=ADVANCED_FACE('',(#1205),#596,.F.);
#12687=ADVANCED_FACE('',(#1206),#597,.F.);
#12688=ADVANCED_FACE('',(#1207),#598,.F.);
#12689=ADVANCED_FACE('',(#1208),#599,.F.);
#12690=ADVANCED_FACE('',(#1209),#600,.F.);
#12691=ADVANCED_FACE('',(#1210),#601,.F.);
#12692=ADVANCED_FACE('',(#1211),#602,.F.);
#12693=ADVANCED_FACE('',(#1212),#603,.F.);
#12694=ADVANCED_FACE('',(#1213),#604,.F.);
#12695=ADVANCED_FACE('',(#1214),#605,.F.);
#12696=ADVANCED_FACE('',(#1215),#606,.F.);
#12697=ADVANCED_FACE('',(#1216),#607,.F.);
#12698=ADVANCED_FACE('',(#1217),#608,.F.);
#12699=ADVANCED_FACE('',(#1218),#609,.F.);
#12700=ADVANCED_FACE('',(#1219),#610,.F.);
#12701=ADVANCED_FACE('',(#1220),#611,.F.);
#12702=ADVANCED_FACE('',(#1221),#612,.F.);
#12703=ADVANCED_FACE('',(#1222),#613,.F.);
#12704=ADVANCED_FACE('',(#1223),#614,.F.);
#12705=ADVANCED_FACE('',(#1224),#615,.F.);
#12706=ADVANCED_FACE('',(#1225),#616,.F.);
#12707=ADVANCED_FACE('',(#1226),#617,.F.);
#12708=ADVANCED_FACE('',(#1227),#618,.F.);
#12709=ADVANCED_FACE('',(#1228),#619,.F.);
#12710=ADVANCED_FACE('',(#1229),#620,.F.);
#12711=ADVANCED_FACE('',(#1230),#621,.F.);
#12712=ADVANCED_FACE('',(#1231),#622,.F.);
#12713=ADVANCED_FACE('',(#1232),#623,.F.);
#12714=ADVANCED_FACE('',(#1233),#624,.F.);
#12715=ADVANCED_FACE('',(#1234),#625,.F.);
#12716=ADVANCED_FACE('',(#1235),#626,.F.);
#12717=ADVANCED_FACE('',(#1236),#627,.F.);
#12718=ADVANCED_FACE('',(#1237),#628,.F.);
#12719=ADVANCED_FACE('',(#1238),#629,.F.);
#12720=ADVANCED_FACE('',(#1239),#630,.F.);
#12721=ADVANCED_FACE('',(#1240),#631,.F.);
#12722=ADVANCED_FACE('',(#1241),#632,.F.);
#12723=ADVANCED_FACE('',(#1242),#633,.F.);
#12724=ADVANCED_FACE('',(#1243),#634,.F.);
#12725=ADVANCED_FACE('',(#1244),#635,.F.);
#12726=ADVANCED_FACE('',(#1245),#636,.F.);
#12727=ADVANCED_FACE('',(#1246),#637,.F.);
#12728=ADVANCED_FACE('',(#1247),#638,.F.);
#12729=ADVANCED_FACE('',(#1248),#639,.F.);
#12730=ADVANCED_FACE('',(#1249),#640,.F.);
#12731=ADVANCED_FACE('',(#1250),#641,.F.);
#12732=ADVANCED_FACE('',(#1251),#642,.F.);
#12733=ADVANCED_FACE('',(#1252),#643,.F.);
#12734=ADVANCED_FACE('',(#1253),#644,.F.);
#12735=ADVANCED_FACE('',(#1254),#645,.F.);
#12736=ADVANCED_FACE('',(#1255),#646,.F.);
#12737=ADVANCED_FACE('',(#1256),#647,.F.);
#12738=ADVANCED_FACE('',(#1257),#648,.F.);
#12739=ADVANCED_FACE('',(#1258),#649,.F.);
#12740=ADVANCED_FACE('',(#1259),#650,.F.);
#12741=ADVANCED_FACE('',(#1260),#651,.F.);
#12742=ADVANCED_FACE('',(#1261),#652,.F.);
#12743=ADVANCED_FACE('',(#1262),#653,.F.);
#12744=ADVANCED_FACE('',(#1263),#654,.F.);
#12745=ADVANCED_FACE('',(#1264),#655,.F.);
#12746=ADVANCED_FACE('',(#1265),#656,.F.);
#12747=ADVANCED_FACE('',(#1266),#657,.F.);
#12748=ADVANCED_FACE('',(#1267),#658,.F.);
#12749=ADVANCED_FACE('',(#1268),#659,.F.);
#12750=ADVANCED_FACE('',(#1269),#660,.F.);
#12751=ADVANCED_FACE('',(#1270),#661,.F.);
#12752=ADVANCED_FACE('',(#1271),#662,.F.);
#12753=ADVANCED_FACE('',(#1272),#663,.F.);
#12754=ADVANCED_FACE('',(#1273),#664,.F.);
#12755=ADVANCED_FACE('',(#1274),#665,.F.);
#12756=ADVANCED_FACE('',(#1275),#666,.F.);
#12757=ADVANCED_FACE('',(#1276),#667,.F.);
#12758=ADVANCED_FACE('',(#1277),#668,.F.);
#12759=ADVANCED_FACE('',(#1278),#669,.F.);
#12760=ADVANCED_FACE('',(#1279),#670,.F.);
#12761=ADVANCED_FACE('',(#1280),#671,.F.);
#12762=ADVANCED_FACE('',(#1281),#672,.F.);
#12763=ADVANCED_FACE('',(#1282),#673,.F.);
#12764=ADVANCED_FACE('',(#1283),#674,.F.);
#12765=ADVANCED_FACE('',(#1284),#675,.F.);
#12766=ADVANCED_FACE('',(#1285),#676,.F.);
#12767=ADVANCED_FACE('',(#1286),#677,.F.);
#12768=ADVANCED_FACE('',(#1287),#678,.F.);
#12769=ADVANCED_FACE('',(#1288),#679,.F.);
#12770=ADVANCED_FACE('',(#1289),#680,.F.);
#12771=ADVANCED_FACE('',(#1290),#681,.F.);
#12772=ADVANCED_FACE('',(#1291),#682,.F.);
#12773=ADVANCED_FACE('',(#1292),#683,.F.);
#12774=ADVANCED_FACE('',(#1293),#684,.F.);
#12775=ADVANCED_FACE('',(#1294),#685,.F.);
#12776=ADVANCED_FACE('',(#1295),#686,.F.);
#12777=ADVANCED_FACE('',(#1296),#687,.F.);
#12778=ADVANCED_FACE('',(#1297),#688,.F.);
#12779=ADVANCED_FACE('',(#1298),#689,.F.);
#12780=ADVANCED_FACE('',(#1299),#690,.F.);
#12781=ADVANCED_FACE('',(#1300),#691,.F.);
#12782=ADVANCED_FACE('',(#1301),#692,.F.);
#12783=ADVANCED_FACE('',(#1302),#693,.F.);
#12784=ADVANCED_FACE('',(#1303),#694,.F.);
#12785=ADVANCED_FACE('',(#1304),#695,.F.);
#12786=ADVANCED_FACE('',(#1305),#696,.F.);
#12787=ADVANCED_FACE('',(#1306),#697,.F.);
#12788=ADVANCED_FACE('',(#1307),#698,.F.);
#12789=ADVANCED_FACE('',(#1308),#699,.F.);
#12790=ADVANCED_FACE('',(#1309),#700,.F.);
#12791=ADVANCED_FACE('',(#1310),#701,.F.);
#12792=ADVANCED_FACE('',(#1311),#702,.F.);
#12793=ADVANCED_FACE('',(#1312),#703,.F.);
#12794=ADVANCED_FACE('',(#1313),#704,.F.);
#12795=ADVANCED_FACE('',(#1314),#705,.F.);
#12796=ADVANCED_FACE('',(#1315),#706,.F.);
#12797=ADVANCED_FACE('',(#1316),#707,.F.);
#12798=ADVANCED_FACE('',(#1317),#708,.F.);
#12799=ADVANCED_FACE('',(#1318),#709,.F.);
#12800=ADVANCED_FACE('',(#1319),#710,.F.);
#12801=ADVANCED_FACE('',(#1320),#711,.F.);
#12802=ADVANCED_FACE('',(#1321),#712,.F.);
#12803=ADVANCED_FACE('',(#1322),#713,.F.);
#12804=ADVANCED_FACE('',(#1323),#714,.F.);
#12805=ADVANCED_FACE('',(#1324),#715,.F.);
#12806=ADVANCED_FACE('',(#1325),#716,.F.);
#12807=ADVANCED_FACE('',(#1326),#717,.F.);
#12808=ADVANCED_FACE('',(#1327),#718,.F.);
#12809=ADVANCED_FACE('',(#1328),#719,.F.);
#12810=ADVANCED_FACE('',(#1329),#720,.F.);
#12811=ADVANCED_FACE('',(#1330),#721,.F.);
#12812=ADVANCED_FACE('',(#1331),#722,.F.);
#12813=ADVANCED_FACE('',(#1332),#723,.F.);
#12814=ADVANCED_FACE('',(#1333),#724,.F.);
#12815=ADVANCED_FACE('',(#1334),#725,.F.);
#12816=ADVANCED_FACE('',(#1335),#726,.F.);
#12817=ADVANCED_FACE('',(#1336),#727,.F.);
#12818=ADVANCED_FACE('',(#1337),#728,.F.);
#12819=ADVANCED_FACE('',(#1338),#729,.F.);
#12820=ADVANCED_FACE('',(#1339),#730,.F.);
#12821=ADVANCED_FACE('',(#1340),#731,.F.);
#12822=ADVANCED_FACE('',(#1341),#732,.F.);
#12823=ADVANCED_FACE('',(#1342),#733,.F.);
#12824=ADVANCED_FACE('',(#1343),#734,.F.);
#12825=ADVANCED_FACE('',(#1344),#735,.F.);
#12826=ADVANCED_FACE('',(#1345),#736,.F.);
#12827=ADVANCED_FACE('',(#1346),#737,.F.);
#12828=ADVANCED_FACE('',(#1347),#738,.F.);
#12829=ADVANCED_FACE('',(#1348),#739,.F.);
#12830=ADVANCED_FACE('',(#1349),#740,.F.);
#12831=ADVANCED_FACE('',(#1350),#741,.F.);
#12832=ADVANCED_FACE('',(#1351),#742,.F.);
#12833=ADVANCED_FACE('',(#1352),#743,.F.);
#12834=ADVANCED_FACE('',(#1353),#744,.F.);
#12835=ADVANCED_FACE('',(#1354),#745,.F.);
#12836=ADVANCED_FACE('',(#1355),#746,.F.);
#12837=ADVANCED_FACE('',(#1356),#747,.F.);
#12838=ADVANCED_FACE('',(#1357),#748,.F.);
#12839=ADVANCED_FACE('',(#1358),#749,.F.);
#12840=ADVANCED_FACE('',(#1359),#750,.F.);
#12841=ADVANCED_FACE('',(#1360),#751,.F.);
#12842=ADVANCED_FACE('',(#1361),#752,.F.);
#12843=ADVANCED_FACE('',(#1362),#753,.F.);
#12844=ADVANCED_FACE('',(#1363),#754,.F.);
#12845=ADVANCED_FACE('',(#1364),#755,.F.);
#12846=ADVANCED_FACE('',(#1365),#756,.F.);
#12847=ADVANCED_FACE('',(#1366),#757,.F.);
#12848=ADVANCED_FACE('',(#1367),#758,.F.);
#12849=ADVANCED_FACE('',(#1368),#759,.F.);
#12850=ADVANCED_FACE('',(#1369),#760,.F.);
#12851=ADVANCED_FACE('',(#1370),#761,.F.);
#12852=ADVANCED_FACE('',(#1371),#12268,.F.);
#12853=ADVANCED_FACE('',(#1372),#762,.F.);
#12854=ADVANCED_FACE('',(#1373),#763,.F.);
#12855=ADVANCED_FACE('',(#1374),#764,.F.);
#12856=ADVANCED_FACE('',(#1375),#765,.F.);
#12857=ADVANCED_FACE('',(#1376),#766,.F.);
#12858=ADVANCED_FACE('',(#1377),#767,.F.);
#12859=ADVANCED_FACE('',(#1378),#768,.F.);
#12860=ADVANCED_FACE('',(#1379),#769,.F.);
#12861=ADVANCED_FACE('',(#1380),#12269,.F.);
#12862=ADVANCED_FACE('',(#1381),#12270,.F.);
#12863=ADVANCED_FACE('',(#1382),#770,.T.);
#12864=ADVANCED_FACE('',(#1383),#12271,.F.);
#12865=ADVANCED_FACE('',(#1384),#771,.T.);
#12866=ADVANCED_FACE('',(#1385),#12272,.F.);
#12867=ADVANCED_FACE('',(#1386),#772,.T.);
#12868=ADVANCED_FACE('',(#1387),#12273,.F.);
#12869=ADVANCED_FACE('',(#1388),#773,.T.);
#12870=ADVANCED_FACE('',(#1389),#12274,.T.);
#12871=ADVANCED_FACE('',(#1390),#12275,.T.);
#12872=ADVANCED_FACE('',(#1391,#63),#774,.T.);
#12873=ADVANCED_FACE('',(#1392,#64,#65,#66,#67,#68,#69,#70,#71,#72,#73,
#74,#75,#76,#77,#78,#79,#80),#775,.F.);
#12874=ADVANCED_FACE('',(#1393),#776,.F.);
#12875=ADVANCED_FACE('',(#1394),#777,.T.);
#12876=ADVANCED_FACE('',(#1395),#778,.T.);
#12877=ADVANCED_FACE('',(#1396),#12276,.T.);
#12878=ADVANCED_FACE('',(#1397),#12277,.T.);
#12879=ADVANCED_FACE('',(#1398,#81),#779,.T.);
#12880=ADVANCED_FACE('',(#1399,#82,#83,#84,#85,#86,#87,#88,#89,#90,#91,
#92,#93,#94,#95,#96,#97,#98),#780,.F.);
#12881=ADVANCED_FACE('',(#1400),#781,.T.);
#12882=ADVANCED_FACE('',(#1401),#782,.F.);
#12883=ADVANCED_FACE('',(#1402),#12278,.T.);
#12884=ADVANCED_FACE('',(#1403),#12279,.T.);
#12885=ADVANCED_FACE('',(#1404,#99),#783,.T.);
#12886=ADVANCED_FACE('',(#1405,#100,#101,#102,#103,#104,#105,#106,#107,
#108,#109,#110,#111,#112,#113,#114,#115,#116,#117,#118,#119,#120,#121,#122,
#123,#124,#125,#126,#127,#128,#129,#130,#131,#132,#133,#134,#135,#136,#137,
#138,#139),#784,.F.);
#12887=ADVANCED_FACE('',(#1406),#785,.F.);
#12888=ADVANCED_FACE('',(#1407),#786,.T.);
#12889=ADVANCED_FACE('',(#1408),#12280,.T.);
#12890=ADVANCED_FACE('',(#1409),#12281,.T.);
#12891=ADVANCED_FACE('',(#1410,#140),#787,.T.);
#12892=ADVANCED_FACE('',(#1411),#788,.F.);
#12893=ADVANCED_FACE('',(#1412),#789,.T.);
#12894=ADVANCED_FACE('',(#1413,#141,#142,#143),#790,.F.);
#12895=ADVANCED_FACE('',(#1414),#27,.T.);
#12896=ADVANCED_FACE('',(#1415),#791,.T.);
#12897=ADVANCED_FACE('',(#1416),#28,.T.);
#12898=ADVANCED_FACE('',(#1417),#792,.T.);
#12899=ADVANCED_FACE('',(#1418),#29,.T.);
#12900=ADVANCED_FACE('',(#1419),#793,.T.);
#12901=ADVANCED_FACE('',(#1420),#30,.T.);
#12902=ADVANCED_FACE('',(#1421),#794,.T.);
#12903=ADVANCED_FACE('',(#1422,#144,#145,#146),#795,.T.);
#12904=ADVANCED_FACE('',(#1423),#12282,.T.);
#12905=ADVANCED_FACE('',(#1424,#147,#148,#149,#150,#151,#152,#153,#154,
#155,#156,#157,#158,#159,#160,#161,#162,#163),#796,.T.);
#12906=ADVANCED_FACE('',(#1425),#12283,.T.);
#12907=ADVANCED_FACE('',(#1426),#797,.F.);
#12908=ADVANCED_FACE('',(#1427),#798,.F.);
#12909=ADVANCED_FACE('',(#1428),#799,.F.);
#12910=ADVANCED_FACE('',(#1429),#800,.F.);
#12911=ADVANCED_FACE('',(#1430),#801,.F.);
#12912=ADVANCED_FACE('',(#1431,#164),#802,.T.);
#12913=ADVANCED_FACE('',(#1432),#12284,.T.);
#12914=ADVANCED_FACE('',(#1433,#165,#166,#167,#168,#169,#170,#171,#172,
#173,#174,#175,#176,#177,#178,#179,#180,#181),#803,.T.);
#12915=ADVANCED_FACE('',(#1434),#12285,.T.);
#12916=ADVANCED_FACE('',(#1435,#182,#183,#184,#185,#186,#187,#188,#189,
#190,#191,#192,#193,#194,#195,#196,#197,#198,#199,#200,#201,#202,#203,#204,
#205,#206,#207,#208,#209,#210,#211,#212,#213,#214,#215,#216,#217,#218,#219,
#220,#221),#804,.T.);
#12917=CLOSED_SHELL('',(#12286,#12287,#12288,#12289,#12290,#12291,#12292,
#12293,#12294,#12295,#12296,#12297,#12298,#12299,#12300,#12301,#12302,#12303,
#12304,#12305,#12306,#12307,#12308,#12309,#12310,#12311,#12312,#12313,#12314,
#12315,#12316,#12317,#12318,#12319,#12320,#12321,#12322,#12323,#12324,#12325,
#12326,#12327,#12328,#12329,#12330,#12331,#12332,#12333,#12334,#12335,#12336,
#12337,#12338,#12339,#12340,#12341,#12342,#12343,#12344,#12345,#12346,#12347,
#12348,#12349,#12350,#12351,#12352,#12353,#12354,#12355));
#12918=CLOSED_SHELL('',(#12356,#12357,#12358,#12359,#12360,#12361,#12362,
#12363,#12364,#12365,#12366,#12367,#12368,#12369,#12370,#12371,#12372,#12373,
#12374,#12375,#12376,#12377,#12378,#12379,#12380,#12381,#12382,#12383,#12384,
#12385,#12386,#12387,#12388,#12389,#12390,#12391,#12392,#12393,#12394,#12395,
#12396,#12397,#12398,#12399,#12400,#12401,#12402,#12403,#12404,#12405,#12406,
#12407,#12408,#12409,#12410,#12411,#12412,#12413));
#12919=CLOSED_SHELL('',(#12414,#12415,#12416,#12417,#12418,#12419,#12420,
#12421,#12422,#12423,#12424,#12425,#12426,#12427,#12428,#12429,#12430,#12431,
#12432,#12433,#12434,#12435,#12436,#12437,#12438,#12439,#12440,#12441,#12442,
#12443,#12444,#12445,#12446,#12447,#12448,#12449,#12450,#12451,#12452,#12453,
#12454,#12455,#12456,#12457,#12458,#12459,#12460,#12461,#12462,#12463,#12464,
#12465,#12466,#12467,#12468,#12469,#12470,#12471,#12472,#12473,#12474,#12475,
#12476,#12477,#12478,#12479,#12480,#12481,#12482,#12483,#12484,#12485,#12486,
#12487,#12488,#12489,#12490,#12491,#12492,#12493,#12494,#12495,#12496,#12497,
#12498,#12499,#12500,#12501,#12502,#12503,#12504,#12505,#12506,#12507,#12508,
#12509,#12510,#12511,#12512,#12513,#12514,#12515,#12516,#12517,#12518,#12519,
#12520,#12521,#12522,#12523,#12524,#12525,#12526,#12527,#12528,#12529,#12530,
#12531,#12532,#12533,#12534,#12535,#12536,#12537,#12538,#12539,#12540,#12541,
#12542,#12543,#12544,#12545,#12546,#12547,#12548,#12549,#12550,#12551,#12552,
#12553,#12554,#12555,#12556,#12557,#12558,#12559,#12560,#12561,#12562,#12563,
#12564,#12565,#12566,#12567,#12568,#12569,#12570,#12571,#12572,#12573,#12574,
#12575,#12576,#12577,#12578,#12579,#12580,#12581,#12582,#12583,#12584,#12585,
#12586,#12587,#12588,#12589,#12590,#12591,#12592,#12593,#12594,#12595,#12596,
#12597,#12598,#12599,#12600,#12601,#12602,#12603,#12604,#12605,#12606,#12607,
#12608,#12609,#12610,#12611,#12612,#12613,#12614,#12615,#12616,#12617,#12618,
#12619,#12620,#12621,#12622,#12623,#12624,#12625,#12626,#12627,#12628,#12629,
#12630,#12631,#12632,#12633,#12634,#12635,#12636,#12637,#12638,#12639,#12640,
#12641,#12642,#12643,#12644,#12645,#12646,#12647,#12648,#12649,#12650,#12651,
#12652,#12653,#12654,#12655,#12656,#12657,#12658,#12659,#12660,#12661,#12662,
#12663,#12664,#12665,#12666,#12667,#12668,#12669,#12670,#12671,#12672,#12673,
#12674,#12675,#12676,#12677,#12678,#12679,#12680,#12681,#12682,#12683,#12684,
#12685,#12686,#12687,#12688,#12689,#12690,#12691,#12692,#12693,#12694,#12695,
#12696,#12697,#12698,#12699,#12700,#12701,#12702,#12703,#12704,#12705,#12706,
#12707,#12708,#12709,#12710,#12711,#12712,#12713,#12714,#12715,#12716,#12717,
#12718,#12719,#12720,#12721,#12722,#12723,#12724,#12725,#12726,#12727,#12728,
#12729,#12730,#12731,#12732,#12733,#12734,#12735,#12736,#12737,#12738,#12739,
#12740,#12741,#12742,#12743,#12744,#12745,#12746,#12747,#12748,#12749,#12750,
#12751,#12752,#12753,#12754,#12755,#12756,#12757,#12758,#12759,#12760,#12761,
#12762,#12763,#12764,#12765,#12766,#12767,#12768,#12769,#12770,#12771,#12772,
#12773,#12774,#12775,#12776,#12777,#12778,#12779,#12780,#12781,#12782,#12783,
#12784,#12785,#12786,#12787,#12788,#12789,#12790,#12791,#12792,#12793,#12794,
#12795,#12796,#12797,#12798,#12799,#12800,#12801,#12802,#12803,#12804,#12805,
#12806,#12807,#12808,#12809,#12810,#12811,#12812,#12813,#12814,#12815,#12816,
#12817,#12818,#12819,#12820,#12821,#12822,#12823,#12824,#12825,#12826,#12827,
#12828,#12829,#12830,#12831,#12832,#12833,#12834,#12835,#12836,#12837,#12838,
#12839,#12840,#12841,#12842,#12843,#12844,#12845,#12846,#12847,#12848,#12849,
#12850,#12851,#12852,#12853,#12854,#12855,#12856,#12857,#12858,#12859,#12860,
#12861,#12862,#12863,#12864,#12865,#12866,#12867,#12868,#12869,#12870,#12871,
#12872,#12873,#12874,#12875,#12876,#12877,#12878,#12879,#12880,#12881,#12882,
#12883,#12884,#12885,#12886,#12887,#12888,#12889,#12890,#12891,#12892,#12893,
#12894,#12895,#12896,#12897,#12898,#12899,#12900,#12901,#12902,#12903,#12904,
#12905,#12906,#12907,#12908,#12909,#12910,#12911,#12912,#12913,#12914,#12915,
#12916));
#12920=DERIVED_UNIT_ELEMENT(#12926,1.);
#12921=DERIVED_UNIT_ELEMENT(#20429,-3.);
#12922=DERIVED_UNIT_ELEMENT(#12926,1.);
#12923=DERIVED_UNIT_ELEMENT(#20429,-3.);
#12924=DERIVED_UNIT_ELEMENT(#12926,1.);
#12925=DERIVED_UNIT_ELEMENT(#20429,-3.);
#12926=(
MASS_UNIT()
NAMED_UNIT(*)
SI_UNIT(.KILO.,.GRAM.)
);
#12927=DERIVED_UNIT((#12920,#12921));
#12928=DERIVED_UNIT((#12922,#12923));
#12929=DERIVED_UNIT((#12924,#12925));
#12930=MEASURE_REPRESENTATION_ITEM('density measure',
POSITIVE_RATIO_MEASURE(7850.),#12927);
#12931=MEASURE_REPRESENTATION_ITEM('density measure',
POSITIVE_RATIO_MEASURE(7850.),#12928);
#12932=MEASURE_REPRESENTATION_ITEM('density measure',
POSITIVE_RATIO_MEASURE(7850.),#12929);
#12933=PROPERTY_DEFINITION_REPRESENTATION(#12948,#12939);
#12934=PROPERTY_DEFINITION_REPRESENTATION(#12949,#12940);
#12935=PROPERTY_DEFINITION_REPRESENTATION(#12950,#12941);
#12936=PROPERTY_DEFINITION_REPRESENTATION(#12951,#12942);
#12937=PROPERTY_DEFINITION_REPRESENTATION(#12952,#12943);
#12938=PROPERTY_DEFINITION_REPRESENTATION(#12953,#12944);
#12939=REPRESENTATION('material name',(#12945),#20424);
#12940=REPRESENTATION('density',(#12930),#20424);
#12941=REPRESENTATION('material name',(#12946),#20425);
#12942=REPRESENTATION('density',(#12931),#20425);
#12943=REPRESENTATION('material name',(#12947),#20426);
#12944=REPRESENTATION('density',(#12932),#20426);
#12945=DESCRIPTIVE_REPRESENTATION_ITEM('Steel','Steel');
#12946=DESCRIPTIVE_REPRESENTATION_ITEM('Steel','Steel');
#12947=DESCRIPTIVE_REPRESENTATION_ITEM('Steel','Steel');
#12948=PROPERTY_DEFINITION('material property','material name',#20449);
#12949=PROPERTY_DEFINITION('material property','density of part',#20449);
#12950=PROPERTY_DEFINITION('material property','material name',#20450);
#12951=PROPERTY_DEFINITION('material property','density of part',#20450);
#12952=PROPERTY_DEFINITION('material property','material name',#20451);
#12953=PROPERTY_DEFINITION('material property','density of part',#20451);
#12954=AXIS2_PLACEMENT_3D('',#16828,#13680,#13681);
#12955=AXIS2_PLACEMENT_3D('',#16829,#13682,#13683);
#12956=AXIS2_PLACEMENT_3D('',#16830,#13684,#13685);
#12957=AXIS2_PLACEMENT_3D('',#16835,#13687,#13688);
#12958=AXIS2_PLACEMENT_3D('',#16838,#13690,#13691);
#12959=AXIS2_PLACEMENT_3D('',#16839,#13692,#13693);
#12960=AXIS2_PLACEMENT_3D('',#16844,#13695,#13696);
#12961=AXIS2_PLACEMENT_3D('',#16847,#13698,#13699);
#12962=AXIS2_PLACEMENT_3D('',#16848,#13700,#13701);
#12963=AXIS2_PLACEMENT_3D('',#16859,#13708,#13709);
#12964=AXIS2_PLACEMENT_3D('',#16863,#13712,#13713);
#12965=AXIS2_PLACEMENT_3D('',#16867,#13716,#13717);
#12966=AXIS2_PLACEMENT_3D('',#16876,#13722,#13723);
#12967=AXIS2_PLACEMENT_3D('',#16885,#13728,#13729);
#12968=AXIS2_PLACEMENT_3D('',#16891,#13733,#13734);
#12969=AXIS2_PLACEMENT_3D('',#16900,#13739,#13740);
#12970=AXIS2_PLACEMENT_3D('',#16906,#13744,#13745);
#12971=AXIS2_PLACEMENT_3D('',#16915,#13750,#13751);
#12972=AXIS2_PLACEMENT_3D('',#16921,#13755,#13756);
#12973=AXIS2_PLACEMENT_3D('',#16924,#13759,#13760);
#12974=AXIS2_PLACEMENT_3D('',#16930,#13764,#13765);
#12975=AXIS2_PLACEMENT_3D('',#16933,#13768,#13769);
#12976=AXIS2_PLACEMENT_3D('',#16942,#13774,#13775);
#12977=AXIS2_PLACEMENT_3D('',#16948,#13779,#13780);
#12978=AXIS2_PLACEMENT_3D('',#16954,#13784,#13785);
#12979=AXIS2_PLACEMENT_3D('',#16960,#13789,#13790);
#12980=AXIS2_PLACEMENT_3D('',#16966,#13794,#13795);
#12981=AXIS2_PLACEMENT_3D('',#16972,#13799,#13800);
#12982=AXIS2_PLACEMENT_3D('',#17056,#13845,#13846);
#12983=AXIS2_PLACEMENT_3D('',#17062,#13850,#13851);
#12984=AXIS2_PLACEMENT_3D('',#17068,#13855,#13856);
#12985=AXIS2_PLACEMENT_3D('',#17079,#13863,#13864);
#12986=AXIS2_PLACEMENT_3D('',#17081,#13866,#13867);
#12987=AXIS2_PLACEMENT_3D('',#17084,#13870,#13871);
#12988=AXIS2_PLACEMENT_3D('',#17085,#13872,#13873);
#12989=AXIS2_PLACEMENT_3D('',#17086,#13874,#13875);
#12990=AXIS2_PLACEMENT_3D('',#17088,#13877,#13878);
#12991=AXIS2_PLACEMENT_3D('',#17089,#13879,#13880);
#12992=AXIS2_PLACEMENT_3D('',#17095,#13884,#13885);
#12993=AXIS2_PLACEMENT_3D('',#17097,#13887,#13888);
#12994=AXIS2_PLACEMENT_3D('',#17101,#13891,#13892);
#12995=AXIS2_PLACEMENT_3D('',#17105,#13895,#13896);
#12996=AXIS2_PLACEMENT_3D('',#17107,#13898,#13899);
#12997=AXIS2_PLACEMENT_3D('',#17111,#13902,#13903);
#12998=AXIS2_PLACEMENT_3D('',#17113,#13905,#13906);
#12999=AXIS2_PLACEMENT_3D('',#17115,#13908,#13909);
#13000=AXIS2_PLACEMENT_3D('',#17116,#13910,#13911);
#13001=AXIS2_PLACEMENT_3D('',#17122,#13915,#13916);
#13002=AXIS2_PLACEMENT_3D('',#17128,#13920,#13921);
#13003=AXIS2_PLACEMENT_3D('',#17132,#13924,#13925);
#13004=AXIS2_PLACEMENT_3D('',#17136,#13928,#13929);
#13005=AXIS2_PLACEMENT_3D('',#17140,#13932,#13933);
#13006=AXIS2_PLACEMENT_3D('',#17146,#13937,#13938);
#13007=AXIS2_PLACEMENT_3D('',#17148,#13940,#13941);
#13008=AXIS2_PLACEMENT_3D('',#17150,#13943,#13944);
#13009=AXIS2_PLACEMENT_3D('',#17154,#13947,#13948);
#13010=AXIS2_PLACEMENT_3D('',#17158,#13951,#13952);
#13011=AXIS2_PLACEMENT_3D('',#17162,#13955,#13956);
#13012=AXIS2_PLACEMENT_3D('',#17164,#13958,#13959);
#13013=AXIS2_PLACEMENT_3D('',#17165,#13960,#13961);
#13014=AXIS2_PLACEMENT_3D('',#17171,#13965,#13966);
#13015=AXIS2_PLACEMENT_3D('',#17177,#13970,#13971);
#13016=AXIS2_PLACEMENT_3D('',#17181,#13974,#13975);
#13017=AXIS2_PLACEMENT_3D('',#17185,#13978,#13979);
#13018=AXIS2_PLACEMENT_3D('',#17189,#13982,#13983);
#13019=AXIS2_PLACEMENT_3D('',#17195,#13987,#13988);
#13020=AXIS2_PLACEMENT_3D('',#17197,#13990,#13991);
#13021=AXIS2_PLACEMENT_3D('',#17199,#13993,#13994);
#13022=AXIS2_PLACEMENT_3D('',#17203,#13997,#13998);
#13023=AXIS2_PLACEMENT_3D('',#17207,#14001,#14002);
#13024=AXIS2_PLACEMENT_3D('',#17211,#14005,#14006);
#13025=AXIS2_PLACEMENT_3D('',#17213,#14008,#14009);
#13026=AXIS2_PLACEMENT_3D('',#17214,#14010,#14011);
#13027=AXIS2_PLACEMENT_3D('',#17217,#14014,#14015);
#13028=AXIS2_PLACEMENT_3D('',#17218,#14016,#14017);
#13029=AXIS2_PLACEMENT_3D('',#17219,#14018,#14019);
#13030=AXIS2_PLACEMENT_3D('',#17220,#14020,#14021);
#13031=AXIS2_PLACEMENT_3D('',#17221,#14022,#14023);
#13032=AXIS2_PLACEMENT_3D('',#17223,#14024,#14025);
#13033=AXIS2_PLACEMENT_3D('',#17226,#14027,#14028);
#13034=AXIS2_PLACEMENT_3D('',#17227,#14029,#14030);
#13035=AXIS2_PLACEMENT_3D('',#17229,#14031,#14032);
#13036=AXIS2_PLACEMENT_3D('',#17232,#14034,#14035);
#13037=AXIS2_PLACEMENT_3D('',#17233,#14036,#14037);
#13038=AXIS2_PLACEMENT_3D('',#17235,#14038,#14039);
#13039=AXIS2_PLACEMENT_3D('',#17238,#14041,#14042);
#13040=AXIS2_PLACEMENT_3D('',#17239,#14043,#14044);
#13041=AXIS2_PLACEMENT_3D('',#17241,#14045,#14046);
#13042=AXIS2_PLACEMENT_3D('',#17244,#14048,#14049);
#13043=AXIS2_PLACEMENT_3D('',#17245,#14050,#14051);
#13044=AXIS2_PLACEMENT_3D('',#17250,#14053,#14054);
#13045=AXIS2_PLACEMENT_3D('',#17253,#14056,#14057);
#13046=AXIS2_PLACEMENT_3D('',#17254,#14058,#14059);
#13047=AXIS2_PLACEMENT_3D('',#17259,#14061,#14062);
#13048=AXIS2_PLACEMENT_3D('',#17262,#14064,#14065);
#13049=AXIS2_PLACEMENT_3D('',#17263,#14066,#14067);
#13050=AXIS2_PLACEMENT_3D('',#17268,#14069,#14070);
#13051=AXIS2_PLACEMENT_3D('',#17271,#14072,#14073);
#13052=AXIS2_PLACEMENT_3D('',#17272,#14074,#14075);
#13053=AXIS2_PLACEMENT_3D('',#17277,#14077,#14078);
#13054=AXIS2_PLACEMENT_3D('',#17280,#14080,#14081);
#13055=AXIS2_PLACEMENT_3D('',#17281,#14082,#14083);
#13056=AXIS2_PLACEMENT_3D('',#17286,#14085,#14086);
#13057=AXIS2_PLACEMENT_3D('',#17289,#14088,#14089);
#13058=AXIS2_PLACEMENT_3D('',#17290,#14090,#14091);
#13059=AXIS2_PLACEMENT_3D('',#17295,#14093,#14094);
#13060=AXIS2_PLACEMENT_3D('',#17298,#14096,#14097);
#13061=AXIS2_PLACEMENT_3D('',#17299,#14098,#14099);
#13062=AXIS2_PLACEMENT_3D('',#17304,#14101,#14102);
#13063=AXIS2_PLACEMENT_3D('',#17307,#14104,#14105);
#13064=AXIS2_PLACEMENT_3D('',#17308,#14106,#14107);
#13065=AXIS2_PLACEMENT_3D('',#17313,#14109,#14110);
#13066=AXIS2_PLACEMENT_3D('',#17316,#14112,#14113);
#13067=AXIS2_PLACEMENT_3D('',#17317,#14114,#14115);
#13068=AXIS2_PLACEMENT_3D('',#17322,#14117,#14118);
#13069=AXIS2_PLACEMENT_3D('',#17325,#14120,#14121);
#13070=AXIS2_PLACEMENT_3D('',#17326,#14122,#14123);
#13071=AXIS2_PLACEMENT_3D('',#17331,#14125,#14126);
#13072=AXIS2_PLACEMENT_3D('',#17334,#14128,#14129);
#13073=AXIS2_PLACEMENT_3D('',#17335,#14130,#14131);
#13074=AXIS2_PLACEMENT_3D('',#17340,#14133,#14134);
#13075=AXIS2_PLACEMENT_3D('',#17343,#14136,#14137);
#13076=AXIS2_PLACEMENT_3D('',#17344,#14138,#14139);
#13077=AXIS2_PLACEMENT_3D('',#17349,#14141,#14142);
#13078=AXIS2_PLACEMENT_3D('',#17352,#14144,#14145);
#13079=AXIS2_PLACEMENT_3D('',#17353,#14146,#14147);
#13080=AXIS2_PLACEMENT_3D('',#17359,#14151,#14152);
#13081=AXIS2_PLACEMENT_3D('',#17365,#14156,#14157);
#13082=AXIS2_PLACEMENT_3D('',#17368,#14160,#14161);
#13083=AXIS2_PLACEMENT_3D('',#17371,#14164,#14165);
#13084=AXIS2_PLACEMENT_3D('',#17377,#14169,#14170);
#13085=AXIS2_PLACEMENT_3D('',#17383,#14174,#14175);
#13086=AXIS2_PLACEMENT_3D('',#17386,#14178,#14179);
#13087=AXIS2_PLACEMENT_3D('',#17389,#14182,#14183);
#13088=AXIS2_PLACEMENT_3D('',#17392,#14186,#14187);
#13089=AXIS2_PLACEMENT_3D('',#17394,#14189,#14190);
#13090=AXIS2_PLACEMENT_3D('',#17396,#14192,#14193);
#13091=AXIS2_PLACEMENT_3D('',#17397,#14194,#14195);
#13092=AXIS2_PLACEMENT_3D('',#17398,#14196,#14197);
#13093=AXIS2_PLACEMENT_3D('',#17400,#14199,#14200);
#13094=AXIS2_PLACEMENT_3D('',#17402,#14202,#14203);
#13095=AXIS2_PLACEMENT_3D('',#17404,#14205,#14206);
#13096=AXIS2_PLACEMENT_3D('',#17407,#14209,#14210);
#13097=AXIS2_PLACEMENT_3D('',#17409,#14212,#14213);
#13098=AXIS2_PLACEMENT_3D('',#17411,#14215,#14216);
#13099=AXIS2_PLACEMENT_3D('',#17413,#14218,#14219);
#13100=AXIS2_PLACEMENT_3D('',#17415,#14221,#14222);
#13101=AXIS2_PLACEMENT_3D('',#17417,#14224,#14225);
#13102=AXIS2_PLACEMENT_3D('',#17419,#14227,#14228);
#13103=AXIS2_PLACEMENT_3D('',#17421,#14230,#14231);
#13104=AXIS2_PLACEMENT_3D('',#17426,#14233,#14234);
#13105=AXIS2_PLACEMENT_3D('',#17429,#14236,#14237);
#13106=AXIS2_PLACEMENT_3D('',#17430,#14238,#14239);
#13107=AXIS2_PLACEMENT_3D('',#17436,#14243,#14244);
#13108=AXIS2_PLACEMENT_3D('',#17440,#14246,#14247);
#13109=AXIS2_PLACEMENT_3D('',#17441,#14248,#14249);
#13110=AXIS2_PLACEMENT_3D('',#17442,#14250,#14251);
#13111=AXIS2_PLACEMENT_3D('',#17448,#14255,#14256);
#13112=AXIS2_PLACEMENT_3D('',#17452,#14258,#14259);
#13113=AXIS2_PLACEMENT_3D('',#17453,#14260,#14261);
#13114=AXIS2_PLACEMENT_3D('',#17454,#14262,#14263);
#13115=AXIS2_PLACEMENT_3D('',#17460,#14267,#14268);
#13116=AXIS2_PLACEMENT_3D('',#17464,#14270,#14271);
#13117=AXIS2_PLACEMENT_3D('',#17465,#14272,#14273);
#13118=AXIS2_PLACEMENT_3D('',#17466,#14274,#14275);
#13119=AXIS2_PLACEMENT_3D('',#17469,#14278,#14279);
#13120=AXIS2_PLACEMENT_3D('',#17475,#14283,#14284);
#13121=AXIS2_PLACEMENT_3D('',#17478,#14286,#14287);
#13122=AXIS2_PLACEMENT_3D('',#17479,#14288,#14289);
#13123=AXIS2_PLACEMENT_3D('',#17483,#14292,#14293);
#13124=AXIS2_PLACEMENT_3D('',#17486,#14295,#14296);
#13125=AXIS2_PLACEMENT_3D('',#17487,#14297,#14298);
#13126=AXIS2_PLACEMENT_3D('',#17488,#14299,#14300);
#13127=AXIS2_PLACEMENT_3D('',#17492,#14303,#14304);
#13128=AXIS2_PLACEMENT_3D('',#17494,#14305,#14306);
#13129=AXIS2_PLACEMENT_3D('',#17496,#14308,#14309);
#13130=AXIS2_PLACEMENT_3D('',#17499,#14311,#14312);
#13131=AXIS2_PLACEMENT_3D('',#17500,#14313,#14314);
#13132=AXIS2_PLACEMENT_3D('',#17502,#14316,#14317);
#13133=AXIS2_PLACEMENT_3D('',#17503,#14318,#14319);
#13134=AXIS2_PLACEMENT_3D('',#17504,#14320,#14321);
#13135=AXIS2_PLACEMENT_3D('',#17513,#14326,#14327);
#13136=AXIS2_PLACEMENT_3D('',#17519,#14331,#14332);
#13137=AXIS2_PLACEMENT_3D('',#17525,#14336,#14337);
#13138=AXIS2_PLACEMENT_3D('',#17531,#14341,#14342);
#13139=AXIS2_PLACEMENT_3D('',#17537,#14346,#14347);
#13140=AXIS2_PLACEMENT_3D('',#17540,#14350,#14351);
#13141=AXIS2_PLACEMENT_3D('',#17549,#14356,#14357);
#13142=AXIS2_PLACEMENT_3D('',#17555,#14361,#14362);
#13143=AXIS2_PLACEMENT_3D('',#17561,#14366,#14367);
#13144=AXIS2_PLACEMENT_3D('',#17567,#14371,#14372);
#13145=AXIS2_PLACEMENT_3D('',#17573,#14376,#14377);
#13146=AXIS2_PLACEMENT_3D('',#17576,#14380,#14381);
#13147=AXIS2_PLACEMENT_3D('',#17585,#14386,#14387);
#13148=AXIS2_PLACEMENT_3D('',#17591,#14391,#14392);
#13149=AXIS2_PLACEMENT_3D('',#17597,#14396,#14397);
#13150=AXIS2_PLACEMENT_3D('',#17603,#14401,#14402);
#13151=AXIS2_PLACEMENT_3D('',#17609,#14406,#14407);
#13152=AXIS2_PLACEMENT_3D('',#17612,#14410,#14411);
#13153=AXIS2_PLACEMENT_3D('',#17621,#14416,#14417);
#13154=AXIS2_PLACEMENT_3D('',#17627,#14421,#14422);
#13155=AXIS2_PLACEMENT_3D('',#17633,#14426,#14427);
#13156=AXIS2_PLACEMENT_3D('',#17639,#14431,#14432);
#13157=AXIS2_PLACEMENT_3D('',#17645,#14436,#14437);
#13158=AXIS2_PLACEMENT_3D('',#17648,#14440,#14441);
#13159=AXIS2_PLACEMENT_3D('',#17657,#14446,#14447);
#13160=AXIS2_PLACEMENT_3D('',#17663,#14451,#14452);
#13161=AXIS2_PLACEMENT_3D('',#17669,#14456,#14457);
#13162=AXIS2_PLACEMENT_3D('',#17675,#14461,#14462);
#13163=AXIS2_PLACEMENT_3D('',#17681,#14466,#14467);
#13164=AXIS2_PLACEMENT_3D('',#17684,#14470,#14471);
#13165=AXIS2_PLACEMENT_3D('',#17693,#14476,#14477);
#13166=AXIS2_PLACEMENT_3D('',#17699,#14481,#14482);
#13167=AXIS2_PLACEMENT_3D('',#17705,#14486,#14487);
#13168=AXIS2_PLACEMENT_3D('',#17711,#14491,#14492);
#13169=AXIS2_PLACEMENT_3D('',#17717,#14496,#14497);
#13170=AXIS2_PLACEMENT_3D('',#17720,#14500,#14501);
#13171=AXIS2_PLACEMENT_3D('',#17729,#14506,#14507);
#13172=AXIS2_PLACEMENT_3D('',#17735,#14511,#14512);
#13173=AXIS2_PLACEMENT_3D('',#17741,#14516,#14517);
#13174=AXIS2_PLACEMENT_3D('',#17747,#14521,#14522);
#13175=AXIS2_PLACEMENT_3D('',#17753,#14526,#14527);
#13176=AXIS2_PLACEMENT_3D('',#17756,#14530,#14531);
#13177=AXIS2_PLACEMENT_3D('',#17765,#14536,#14537);
#13178=AXIS2_PLACEMENT_3D('',#17771,#14541,#14542);
#13179=AXIS2_PLACEMENT_3D('',#17777,#14546,#14547);
#13180=AXIS2_PLACEMENT_3D('',#17783,#14551,#14552);
#13181=AXIS2_PLACEMENT_3D('',#17789,#14556,#14557);
#13182=AXIS2_PLACEMENT_3D('',#17792,#14560,#14561);
#13183=AXIS2_PLACEMENT_3D('',#17801,#14566,#14567);
#13184=AXIS2_PLACEMENT_3D('',#17807,#14571,#14572);
#13185=AXIS2_PLACEMENT_3D('',#17813,#14576,#14577);
#13186=AXIS2_PLACEMENT_3D('',#17819,#14581,#14582);
#13187=AXIS2_PLACEMENT_3D('',#17825,#14586,#14587);
#13188=AXIS2_PLACEMENT_3D('',#17828,#14590,#14591);
#13189=AXIS2_PLACEMENT_3D('',#17837,#14596,#14597);
#13190=AXIS2_PLACEMENT_3D('',#17843,#14601,#14602);
#13191=AXIS2_PLACEMENT_3D('',#17849,#14606,#14607);
#13192=AXIS2_PLACEMENT_3D('',#17855,#14611,#14612);
#13193=AXIS2_PLACEMENT_3D('',#17861,#14616,#14617);
#13194=AXIS2_PLACEMENT_3D('',#17864,#14620,#14621);
#13195=AXIS2_PLACEMENT_3D('',#17873,#14626,#14627);
#13196=AXIS2_PLACEMENT_3D('',#17879,#14631,#14632);
#13197=AXIS2_PLACEMENT_3D('',#17885,#14636,#14637);
#13198=AXIS2_PLACEMENT_3D('',#17891,#14641,#14642);
#13199=AXIS2_PLACEMENT_3D('',#17897,#14646,#14647);
#13200=AXIS2_PLACEMENT_3D('',#17900,#14650,#14651);
#13201=AXIS2_PLACEMENT_3D('',#17909,#14656,#14657);
#13202=AXIS2_PLACEMENT_3D('',#17915,#14661,#14662);
#13203=AXIS2_PLACEMENT_3D('',#17921,#14666,#14667);
#13204=AXIS2_PLACEMENT_3D('',#17927,#14671,#14672);
#13205=AXIS2_PLACEMENT_3D('',#17933,#14676,#14677);
#13206=AXIS2_PLACEMENT_3D('',#17936,#14680,#14681);
#13207=AXIS2_PLACEMENT_3D('',#17945,#14686,#14687);
#13208=AXIS2_PLACEMENT_3D('',#17951,#14691,#14692);
#13209=AXIS2_PLACEMENT_3D('',#17957,#14696,#14697);
#13210=AXIS2_PLACEMENT_3D('',#17963,#14701,#14702);
#13211=AXIS2_PLACEMENT_3D('',#17969,#14706,#14707);
#13212=AXIS2_PLACEMENT_3D('',#17972,#14710,#14711);
#13213=AXIS2_PLACEMENT_3D('',#17981,#14716,#14717);
#13214=AXIS2_PLACEMENT_3D('',#17987,#14721,#14722);
#13215=AXIS2_PLACEMENT_3D('',#17993,#14726,#14727);
#13216=AXIS2_PLACEMENT_3D('',#17999,#14731,#14732);
#13217=AXIS2_PLACEMENT_3D('',#18005,#14736,#14737);
#13218=AXIS2_PLACEMENT_3D('',#18008,#14740,#14741);
#13219=AXIS2_PLACEMENT_3D('',#18017,#14746,#14747);
#13220=AXIS2_PLACEMENT_3D('',#18023,#14751,#14752);
#13221=AXIS2_PLACEMENT_3D('',#18029,#14756,#14757);
#13222=AXIS2_PLACEMENT_3D('',#18035,#14761,#14762);
#13223=AXIS2_PLACEMENT_3D('',#18041,#14766,#14767);
#13224=AXIS2_PLACEMENT_3D('',#18044,#14770,#14771);
#13225=AXIS2_PLACEMENT_3D('',#18053,#14776,#14777);
#13226=AXIS2_PLACEMENT_3D('',#18059,#14781,#14782);
#13227=AXIS2_PLACEMENT_3D('',#18065,#14786,#14787);
#13228=AXIS2_PLACEMENT_3D('',#18071,#14791,#14792);
#13229=AXIS2_PLACEMENT_3D('',#18077,#14796,#14797);
#13230=AXIS2_PLACEMENT_3D('',#18080,#14800,#14801);
#13231=AXIS2_PLACEMENT_3D('',#18089,#14806,#14807);
#13232=AXIS2_PLACEMENT_3D('',#18095,#14811,#14812);
#13233=AXIS2_PLACEMENT_3D('',#18101,#14816,#14817);
#13234=AXIS2_PLACEMENT_3D('',#18107,#14821,#14822);
#13235=AXIS2_PLACEMENT_3D('',#18113,#14826,#14827);
#13236=AXIS2_PLACEMENT_3D('',#18116,#14830,#14831);
#13237=AXIS2_PLACEMENT_3D('',#18125,#14836,#14837);
#13238=AXIS2_PLACEMENT_3D('',#18131,#14841,#14842);
#13239=AXIS2_PLACEMENT_3D('',#18137,#14846,#14847);
#13240=AXIS2_PLACEMENT_3D('',#18143,#14851,#14852);
#13241=AXIS2_PLACEMENT_3D('',#18149,#14856,#14857);
#13242=AXIS2_PLACEMENT_3D('',#18152,#14860,#14861);
#13243=AXIS2_PLACEMENT_3D('',#18161,#14866,#14867);
#13244=AXIS2_PLACEMENT_3D('',#18167,#14871,#14872);
#13245=AXIS2_PLACEMENT_3D('',#18173,#14876,#14877);
#13246=AXIS2_PLACEMENT_3D('',#18179,#14881,#14882);
#13247=AXIS2_PLACEMENT_3D('',#18185,#14886,#14887);
#13248=AXIS2_PLACEMENT_3D('',#18188,#14890,#14891);
#13249=AXIS2_PLACEMENT_3D('',#18197,#14896,#14897);
#13250=AXIS2_PLACEMENT_3D('',#18203,#14901,#14902);
#13251=AXIS2_PLACEMENT_3D('',#18209,#14906,#14907);
#13252=AXIS2_PLACEMENT_3D('',#18215,#14911,#14912);
#13253=AXIS2_PLACEMENT_3D('',#18221,#14916,#14917);
#13254=AXIS2_PLACEMENT_3D('',#18224,#14920,#14921);
#13255=AXIS2_PLACEMENT_3D('',#18233,#14926,#14927);
#13256=AXIS2_PLACEMENT_3D('',#18239,#14931,#14932);
#13257=AXIS2_PLACEMENT_3D('',#18245,#14936,#14937);
#13258=AXIS2_PLACEMENT_3D('',#18251,#14941,#14942);
#13259=AXIS2_PLACEMENT_3D('',#18257,#14946,#14947);
#13260=AXIS2_PLACEMENT_3D('',#18260,#14950,#14951);
#13261=AXIS2_PLACEMENT_3D('',#18269,#14956,#14957);
#13262=AXIS2_PLACEMENT_3D('',#18275,#14961,#14962);
#13263=AXIS2_PLACEMENT_3D('',#18281,#14966,#14967);
#13264=AXIS2_PLACEMENT_3D('',#18287,#14971,#14972);
#13265=AXIS2_PLACEMENT_3D('',#18293,#14976,#14977);
#13266=AXIS2_PLACEMENT_3D('',#18296,#14980,#14981);
#13267=AXIS2_PLACEMENT_3D('',#18305,#14986,#14987);
#13268=AXIS2_PLACEMENT_3D('',#18311,#14991,#14992);
#13269=AXIS2_PLACEMENT_3D('',#18317,#14996,#14997);
#13270=AXIS2_PLACEMENT_3D('',#18323,#15001,#15002);
#13271=AXIS2_PLACEMENT_3D('',#18329,#15006,#15007);
#13272=AXIS2_PLACEMENT_3D('',#18332,#15010,#15011);
#13273=AXIS2_PLACEMENT_3D('',#18341,#15016,#15017);
#13274=AXIS2_PLACEMENT_3D('',#18347,#15021,#15022);
#13275=AXIS2_PLACEMENT_3D('',#18353,#15026,#15027);
#13276=AXIS2_PLACEMENT_3D('',#18359,#15031,#15032);
#13277=AXIS2_PLACEMENT_3D('',#18365,#15036,#15037);
#13278=AXIS2_PLACEMENT_3D('',#18368,#15040,#15041);
#13279=AXIS2_PLACEMENT_3D('',#18377,#15046,#15047);
#13280=AXIS2_PLACEMENT_3D('',#18383,#15051,#15052);
#13281=AXIS2_PLACEMENT_3D('',#18389,#15056,#15057);
#13282=AXIS2_PLACEMENT_3D('',#18395,#15061,#15062);
#13283=AXIS2_PLACEMENT_3D('',#18401,#15066,#15067);
#13284=AXIS2_PLACEMENT_3D('',#18404,#15070,#15071);
#13285=AXIS2_PLACEMENT_3D('',#18413,#15076,#15077);
#13286=AXIS2_PLACEMENT_3D('',#18419,#15081,#15082);
#13287=AXIS2_PLACEMENT_3D('',#18425,#15086,#15087);
#13288=AXIS2_PLACEMENT_3D('',#18431,#15091,#15092);
#13289=AXIS2_PLACEMENT_3D('',#18437,#15096,#15097);
#13290=AXIS2_PLACEMENT_3D('',#18440,#15100,#15101);
#13291=AXIS2_PLACEMENT_3D('',#18449,#15106,#15107);
#13292=AXIS2_PLACEMENT_3D('',#18455,#15111,#15112);
#13293=AXIS2_PLACEMENT_3D('',#18461,#15116,#15117);
#13294=AXIS2_PLACEMENT_3D('',#18467,#15121,#15122);
#13295=AXIS2_PLACEMENT_3D('',#18473,#15126,#15127);
#13296=AXIS2_PLACEMENT_3D('',#18476,#15130,#15131);
#13297=AXIS2_PLACEMENT_3D('',#18485,#15136,#15137);
#13298=AXIS2_PLACEMENT_3D('',#18491,#15141,#15142);
#13299=AXIS2_PLACEMENT_3D('',#18497,#15146,#15147);
#13300=AXIS2_PLACEMENT_3D('',#18503,#15151,#15152);
#13301=AXIS2_PLACEMENT_3D('',#18509,#15156,#15157);
#13302=AXIS2_PLACEMENT_3D('',#18512,#15160,#15161);
#13303=AXIS2_PLACEMENT_3D('',#18521,#15166,#15167);
#13304=AXIS2_PLACEMENT_3D('',#18527,#15171,#15172);
#13305=AXIS2_PLACEMENT_3D('',#18533,#15176,#15177);
#13306=AXIS2_PLACEMENT_3D('',#18539,#15181,#15182);
#13307=AXIS2_PLACEMENT_3D('',#18545,#15186,#15187);
#13308=AXIS2_PLACEMENT_3D('',#18548,#15190,#15191);
#13309=AXIS2_PLACEMENT_3D('',#18557,#15196,#15197);
#13310=AXIS2_PLACEMENT_3D('',#18563,#15201,#15202);
#13311=AXIS2_PLACEMENT_3D('',#18569,#15206,#15207);
#13312=AXIS2_PLACEMENT_3D('',#18575,#15211,#15212);
#13313=AXIS2_PLACEMENT_3D('',#18581,#15216,#15217);
#13314=AXIS2_PLACEMENT_3D('',#18584,#15220,#15221);
#13315=AXIS2_PLACEMENT_3D('',#18593,#15226,#15227);
#13316=AXIS2_PLACEMENT_3D('',#18599,#15231,#15232);
#13317=AXIS2_PLACEMENT_3D('',#18605,#15236,#15237);
#13318=AXIS2_PLACEMENT_3D('',#18611,#15241,#15242);
#13319=AXIS2_PLACEMENT_3D('',#18617,#15246,#15247);
#13320=AXIS2_PLACEMENT_3D('',#18620,#15250,#15251);
#13321=AXIS2_PLACEMENT_3D('',#18629,#15256,#15257);
#13322=AXIS2_PLACEMENT_3D('',#18635,#15261,#15262);
#13323=AXIS2_PLACEMENT_3D('',#18641,#15266,#15267);
#13324=AXIS2_PLACEMENT_3D('',#18647,#15271,#15272);
#13325=AXIS2_PLACEMENT_3D('',#18653,#15276,#15277);
#13326=AXIS2_PLACEMENT_3D('',#18656,#15280,#15281);
#13327=AXIS2_PLACEMENT_3D('',#18665,#15286,#15287);
#13328=AXIS2_PLACEMENT_3D('',#18671,#15291,#15292);
#13329=AXIS2_PLACEMENT_3D('',#18677,#15296,#15297);
#13330=AXIS2_PLACEMENT_3D('',#18683,#15301,#15302);
#13331=AXIS2_PLACEMENT_3D('',#18689,#15306,#15307);
#13332=AXIS2_PLACEMENT_3D('',#18692,#15310,#15311);
#13333=AXIS2_PLACEMENT_3D('',#18701,#15316,#15317);
#13334=AXIS2_PLACEMENT_3D('',#18707,#15321,#15322);
#13335=AXIS2_PLACEMENT_3D('',#18713,#15326,#15327);
#13336=AXIS2_PLACEMENT_3D('',#18719,#15331,#15332);
#13337=AXIS2_PLACEMENT_3D('',#18725,#15336,#15337);
#13338=AXIS2_PLACEMENT_3D('',#18728,#15340,#15341);
#13339=AXIS2_PLACEMENT_3D('',#18737,#15346,#15347);
#13340=AXIS2_PLACEMENT_3D('',#18743,#15351,#15352);
#13341=AXIS2_PLACEMENT_3D('',#18749,#15356,#15357);
#13342=AXIS2_PLACEMENT_3D('',#18755,#15361,#15362);
#13343=AXIS2_PLACEMENT_3D('',#18761,#15366,#15367);
#13344=AXIS2_PLACEMENT_3D('',#18764,#15370,#15371);
#13345=AXIS2_PLACEMENT_3D('',#18773,#15376,#15377);
#13346=AXIS2_PLACEMENT_3D('',#18779,#15381,#15382);
#13347=AXIS2_PLACEMENT_3D('',#18785,#15386,#15387);
#13348=AXIS2_PLACEMENT_3D('',#18791,#15391,#15392);
#13349=AXIS2_PLACEMENT_3D('',#18797,#15396,#15397);
#13350=AXIS2_PLACEMENT_3D('',#18800,#15400,#15401);
#13351=AXIS2_PLACEMENT_3D('',#18809,#15406,#15407);
#13352=AXIS2_PLACEMENT_3D('',#18815,#15411,#15412);
#13353=AXIS2_PLACEMENT_3D('',#18821,#15416,#15417);
#13354=AXIS2_PLACEMENT_3D('',#18827,#15421,#15422);
#13355=AXIS2_PLACEMENT_3D('',#18833,#15426,#15427);
#13356=AXIS2_PLACEMENT_3D('',#18836,#15430,#15431);
#13357=AXIS2_PLACEMENT_3D('',#18845,#15436,#15437);
#13358=AXIS2_PLACEMENT_3D('',#18851,#15441,#15442);
#13359=AXIS2_PLACEMENT_3D('',#18857,#15446,#15447);
#13360=AXIS2_PLACEMENT_3D('',#18863,#15451,#15452);
#13361=AXIS2_PLACEMENT_3D('',#18869,#15456,#15457);
#13362=AXIS2_PLACEMENT_3D('',#18872,#15460,#15461);
#13363=AXIS2_PLACEMENT_3D('',#18881,#15466,#15467);
#13364=AXIS2_PLACEMENT_3D('',#18887,#15471,#15472);
#13365=AXIS2_PLACEMENT_3D('',#18893,#15476,#15477);
#13366=AXIS2_PLACEMENT_3D('',#18899,#15481,#15482);
#13367=AXIS2_PLACEMENT_3D('',#18905,#15486,#15487);
#13368=AXIS2_PLACEMENT_3D('',#18908,#15490,#15491);
#13369=AXIS2_PLACEMENT_3D('',#18917,#15496,#15497);
#13370=AXIS2_PLACEMENT_3D('',#18923,#15501,#15502);
#13371=AXIS2_PLACEMENT_3D('',#18929,#15506,#15507);
#13372=AXIS2_PLACEMENT_3D('',#18935,#15511,#15512);
#13373=AXIS2_PLACEMENT_3D('',#18941,#15516,#15517);
#13374=AXIS2_PLACEMENT_3D('',#18944,#15520,#15521);
#13375=AXIS2_PLACEMENT_3D('',#18953,#15526,#15527);
#13376=AXIS2_PLACEMENT_3D('',#18959,#15531,#15532);
#13377=AXIS2_PLACEMENT_3D('',#18965,#15536,#15537);
#13378=AXIS2_PLACEMENT_3D('',#18971,#15541,#15542);
#13379=AXIS2_PLACEMENT_3D('',#18977,#15546,#15547);
#13380=AXIS2_PLACEMENT_3D('',#18980,#15550,#15551);
#13381=AXIS2_PLACEMENT_3D('',#18989,#15556,#15557);
#13382=AXIS2_PLACEMENT_3D('',#18995,#15561,#15562);
#13383=AXIS2_PLACEMENT_3D('',#19001,#15566,#15567);
#13384=AXIS2_PLACEMENT_3D('',#19007,#15571,#15572);
#13385=AXIS2_PLACEMENT_3D('',#19013,#15576,#15577);
#13386=AXIS2_PLACEMENT_3D('',#19016,#15580,#15581);
#13387=AXIS2_PLACEMENT_3D('',#19025,#15586,#15587);
#13388=AXIS2_PLACEMENT_3D('',#19031,#15591,#15592);
#13389=AXIS2_PLACEMENT_3D('',#19037,#15596,#15597);
#13390=AXIS2_PLACEMENT_3D('',#19043,#15601,#15602);
#13391=AXIS2_PLACEMENT_3D('',#19049,#15606,#15607);
#13392=AXIS2_PLACEMENT_3D('',#19052,#15610,#15611);
#13393=AXIS2_PLACEMENT_3D('',#19061,#15616,#15617);
#13394=AXIS2_PLACEMENT_3D('',#19067,#15621,#15622);
#13395=AXIS2_PLACEMENT_3D('',#19073,#15626,#15627);
#13396=AXIS2_PLACEMENT_3D('',#19079,#15631,#15632);
#13397=AXIS2_PLACEMENT_3D('',#19085,#15636,#15637);
#13398=AXIS2_PLACEMENT_3D('',#19088,#15640,#15641);
#13399=AXIS2_PLACEMENT_3D('',#19097,#15646,#15647);
#13400=AXIS2_PLACEMENT_3D('',#19103,#15651,#15652);
#13401=AXIS2_PLACEMENT_3D('',#19109,#15656,#15657);
#13402=AXIS2_PLACEMENT_3D('',#19115,#15661,#15662);
#13403=AXIS2_PLACEMENT_3D('',#19121,#15666,#15667);
#13404=AXIS2_PLACEMENT_3D('',#19124,#15670,#15671);
#13405=AXIS2_PLACEMENT_3D('',#19133,#15676,#15677);
#13406=AXIS2_PLACEMENT_3D('',#19139,#15681,#15682);
#13407=AXIS2_PLACEMENT_3D('',#19145,#15686,#15687);
#13408=AXIS2_PLACEMENT_3D('',#19151,#15691,#15692);
#13409=AXIS2_PLACEMENT_3D('',#19157,#15696,#15697);
#13410=AXIS2_PLACEMENT_3D('',#19160,#15700,#15701);
#13411=AXIS2_PLACEMENT_3D('',#19169,#15706,#15707);
#13412=AXIS2_PLACEMENT_3D('',#19175,#15711,#15712);
#13413=AXIS2_PLACEMENT_3D('',#19181,#15716,#15717);
#13414=AXIS2_PLACEMENT_3D('',#19187,#15721,#15722);
#13415=AXIS2_PLACEMENT_3D('',#19193,#15726,#15727);
#13416=AXIS2_PLACEMENT_3D('',#19196,#15730,#15731);
#13417=AXIS2_PLACEMENT_3D('',#19205,#15736,#15737);
#13418=AXIS2_PLACEMENT_3D('',#19211,#15741,#15742);
#13419=AXIS2_PLACEMENT_3D('',#19217,#15746,#15747);
#13420=AXIS2_PLACEMENT_3D('',#19223,#15751,#15752);
#13421=AXIS2_PLACEMENT_3D('',#19229,#15756,#15757);
#13422=AXIS2_PLACEMENT_3D('',#19232,#15760,#15761);
#13423=AXIS2_PLACEMENT_3D('',#19241,#15766,#15767);
#13424=AXIS2_PLACEMENT_3D('',#19247,#15771,#15772);
#13425=AXIS2_PLACEMENT_3D('',#19253,#15776,#15777);
#13426=AXIS2_PLACEMENT_3D('',#19259,#15781,#15782);
#13427=AXIS2_PLACEMENT_3D('',#19265,#15786,#15787);
#13428=AXIS2_PLACEMENT_3D('',#19268,#15790,#15791);
#13429=AXIS2_PLACEMENT_3D('',#19277,#15796,#15797);
#13430=AXIS2_PLACEMENT_3D('',#19283,#15801,#15802);
#13431=AXIS2_PLACEMENT_3D('',#19289,#15806,#15807);
#13432=AXIS2_PLACEMENT_3D('',#19295,#15811,#15812);
#13433=AXIS2_PLACEMENT_3D('',#19301,#15816,#15817);
#13434=AXIS2_PLACEMENT_3D('',#19304,#15820,#15821);
#13435=AXIS2_PLACEMENT_3D('',#19313,#15826,#15827);
#13436=AXIS2_PLACEMENT_3D('',#19319,#15831,#15832);
#13437=AXIS2_PLACEMENT_3D('',#19325,#15836,#15837);
#13438=AXIS2_PLACEMENT_3D('',#19331,#15841,#15842);
#13439=AXIS2_PLACEMENT_3D('',#19337,#15846,#15847);
#13440=AXIS2_PLACEMENT_3D('',#19340,#15850,#15851);
#13441=AXIS2_PLACEMENT_3D('',#19349,#15856,#15857);
#13442=AXIS2_PLACEMENT_3D('',#19355,#15861,#15862);
#13443=AXIS2_PLACEMENT_3D('',#19361,#15866,#15867);
#13444=AXIS2_PLACEMENT_3D('',#19367,#15871,#15872);
#13445=AXIS2_PLACEMENT_3D('',#19373,#15876,#15877);
#13446=AXIS2_PLACEMENT_3D('',#19376,#15880,#15881);
#13447=AXIS2_PLACEMENT_3D('',#19385,#15886,#15887);
#13448=AXIS2_PLACEMENT_3D('',#19391,#15891,#15892);
#13449=AXIS2_PLACEMENT_3D('',#19397,#15896,#15897);
#13450=AXIS2_PLACEMENT_3D('',#19403,#15901,#15902);
#13451=AXIS2_PLACEMENT_3D('',#19409,#15906,#15907);
#13452=AXIS2_PLACEMENT_3D('',#19412,#15910,#15911);
#13453=AXIS2_PLACEMENT_3D('',#19421,#15916,#15917);
#13454=AXIS2_PLACEMENT_3D('',#19427,#15921,#15922);
#13455=AXIS2_PLACEMENT_3D('',#19433,#15926,#15927);
#13456=AXIS2_PLACEMENT_3D('',#19439,#15931,#15932);
#13457=AXIS2_PLACEMENT_3D('',#19445,#15936,#15937);
#13458=AXIS2_PLACEMENT_3D('',#19448,#15940,#15941);
#13459=AXIS2_PLACEMENT_3D('',#19457,#15946,#15947);
#13460=AXIS2_PLACEMENT_3D('',#19463,#15951,#15952);
#13461=AXIS2_PLACEMENT_3D('',#19469,#15956,#15957);
#13462=AXIS2_PLACEMENT_3D('',#19475,#15961,#15962);
#13463=AXIS2_PLACEMENT_3D('',#19481,#15966,#15967);
#13464=AXIS2_PLACEMENT_3D('',#19484,#15970,#15971);
#13465=AXIS2_PLACEMENT_3D('',#19493,#15976,#15977);
#13466=AXIS2_PLACEMENT_3D('',#19499,#15981,#15982);
#13467=AXIS2_PLACEMENT_3D('',#19505,#15986,#15987);
#13468=AXIS2_PLACEMENT_3D('',#19511,#15991,#15992);
#13469=AXIS2_PLACEMENT_3D('',#19517,#15996,#15997);
#13470=AXIS2_PLACEMENT_3D('',#19520,#16000,#16001);
#13471=AXIS2_PLACEMENT_3D('',#19529,#16006,#16007);
#13472=AXIS2_PLACEMENT_3D('',#19535,#16011,#16012);
#13473=AXIS2_PLACEMENT_3D('',#19541,#16016,#16017);
#13474=AXIS2_PLACEMENT_3D('',#19547,#16021,#16022);
#13475=AXIS2_PLACEMENT_3D('',#19553,#16026,#16027);
#13476=AXIS2_PLACEMENT_3D('',#19556,#16030,#16031);
#13477=AXIS2_PLACEMENT_3D('',#19565,#16036,#16037);
#13478=AXIS2_PLACEMENT_3D('',#19571,#16041,#16042);
#13479=AXIS2_PLACEMENT_3D('',#19577,#16046,#16047);
#13480=AXIS2_PLACEMENT_3D('',#19583,#16051,#16052);
#13481=AXIS2_PLACEMENT_3D('',#19589,#16056,#16057);
#13482=AXIS2_PLACEMENT_3D('',#19592,#16060,#16061);
#13483=AXIS2_PLACEMENT_3D('',#19601,#16066,#16067);
#13484=AXIS2_PLACEMENT_3D('',#19607,#16071,#16072);
#13485=AXIS2_PLACEMENT_3D('',#19613,#16076,#16077);
#13486=AXIS2_PLACEMENT_3D('',#19619,#16081,#16082);
#13487=AXIS2_PLACEMENT_3D('',#19625,#16086,#16087);
#13488=AXIS2_PLACEMENT_3D('',#19628,#16090,#16091);
#13489=AXIS2_PLACEMENT_3D('',#19637,#16096,#16097);
#13490=AXIS2_PLACEMENT_3D('',#19643,#16101,#16102);
#13491=AXIS2_PLACEMENT_3D('',#19649,#16106,#16107);
#13492=AXIS2_PLACEMENT_3D('',#19655,#16111,#16112);
#13493=AXIS2_PLACEMENT_3D('',#19661,#16116,#16117);
#13494=AXIS2_PLACEMENT_3D('',#19664,#16120,#16121);
#13495=AXIS2_PLACEMENT_3D('',#19673,#16126,#16127);
#13496=AXIS2_PLACEMENT_3D('',#19679,#16131,#16132);
#13497=AXIS2_PLACEMENT_3D('',#19685,#16136,#16137);
#13498=AXIS2_PLACEMENT_3D('',#19691,#16141,#16142);
#13499=AXIS2_PLACEMENT_3D('',#19697,#16146,#16147);
#13500=AXIS2_PLACEMENT_3D('',#19700,#16150,#16151);
#13501=AXIS2_PLACEMENT_3D('',#19709,#16156,#16157);
#13502=AXIS2_PLACEMENT_3D('',#19715,#16161,#16162);
#13503=AXIS2_PLACEMENT_3D('',#19721,#16166,#16167);
#13504=AXIS2_PLACEMENT_3D('',#19727,#16171,#16172);
#13505=AXIS2_PLACEMENT_3D('',#19733,#16176,#16177);
#13506=AXIS2_PLACEMENT_3D('',#19736,#16180,#16181);
#13507=AXIS2_PLACEMENT_3D('',#19745,#16186,#16187);
#13508=AXIS2_PLACEMENT_3D('',#19751,#16191,#16192);
#13509=AXIS2_PLACEMENT_3D('',#19757,#16196,#16197);
#13510=AXIS2_PLACEMENT_3D('',#19763,#16201,#16202);
#13511=AXIS2_PLACEMENT_3D('',#19769,#16206,#16207);
#13512=AXIS2_PLACEMENT_3D('',#19772,#16210,#16211);
#13513=AXIS2_PLACEMENT_3D('',#19781,#16216,#16217);
#13514=AXIS2_PLACEMENT_3D('',#19787,#16221,#16222);
#13515=AXIS2_PLACEMENT_3D('',#19793,#16226,#16227);
#13516=AXIS2_PLACEMENT_3D('',#19799,#16231,#16232);
#13517=AXIS2_PLACEMENT_3D('',#19805,#16236,#16237);
#13518=AXIS2_PLACEMENT_3D('',#19808,#16240,#16241);
#13519=AXIS2_PLACEMENT_3D('',#19817,#16246,#16247);
#13520=AXIS2_PLACEMENT_3D('',#19823,#16251,#16252);
#13521=AXIS2_PLACEMENT_3D('',#19829,#16256,#16257);
#13522=AXIS2_PLACEMENT_3D('',#19835,#16261,#16262);
#13523=AXIS2_PLACEMENT_3D('',#19841,#16266,#16267);
#13524=AXIS2_PLACEMENT_3D('',#19844,#16270,#16271);
#13525=AXIS2_PLACEMENT_3D('',#19853,#16276,#16277);
#13526=AXIS2_PLACEMENT_3D('',#19859,#16281,#16282);
#13527=AXIS2_PLACEMENT_3D('',#19865,#16286,#16287);
#13528=AXIS2_PLACEMENT_3D('',#19871,#16291,#16292);
#13529=AXIS2_PLACEMENT_3D('',#19877,#16296,#16297);
#13530=AXIS2_PLACEMENT_3D('',#19880,#16300,#16301);
#13531=AXIS2_PLACEMENT_3D('',#19889,#16306,#16307);
#13532=AXIS2_PLACEMENT_3D('',#19895,#16311,#16312);
#13533=AXIS2_PLACEMENT_3D('',#19901,#16316,#16317);
#13534=AXIS2_PLACEMENT_3D('',#19907,#16321,#16322);
#13535=AXIS2_PLACEMENT_3D('',#19913,#16326,#16327);
#13536=AXIS2_PLACEMENT_3D('',#19916,#16330,#16331);
#13537=AXIS2_PLACEMENT_3D('',#19925,#16336,#16337);
#13538=AXIS2_PLACEMENT_3D('',#19931,#16341,#16342);
#13539=AXIS2_PLACEMENT_3D('',#19937,#16346,#16347);
#13540=AXIS2_PLACEMENT_3D('',#19943,#16351,#16352);
#13541=AXIS2_PLACEMENT_3D('',#19949,#16356,#16357);
#13542=AXIS2_PLACEMENT_3D('',#19952,#16360,#16361);
#13543=AXIS2_PLACEMENT_3D('',#19961,#16366,#16367);
#13544=AXIS2_PLACEMENT_3D('',#19967,#16371,#16372);
#13545=AXIS2_PLACEMENT_3D('',#19973,#16376,#16377);
#13546=AXIS2_PLACEMENT_3D('',#19979,#16381,#16382);
#13547=AXIS2_PLACEMENT_3D('',#19985,#16386,#16387);
#13548=AXIS2_PLACEMENT_3D('',#19988,#16390,#16391);
#13549=AXIS2_PLACEMENT_3D('',#19997,#16396,#16397);
#13550=AXIS2_PLACEMENT_3D('',#20003,#16401,#16402);
#13551=AXIS2_PLACEMENT_3D('',#20009,#16406,#16407);
#13552=AXIS2_PLACEMENT_3D('',#20015,#16411,#16412);
#13553=AXIS2_PLACEMENT_3D('',#20021,#16416,#16417);
#13554=AXIS2_PLACEMENT_3D('',#20024,#16420,#16421);
#13555=AXIS2_PLACEMENT_3D('',#20033,#16426,#16427);
#13556=AXIS2_PLACEMENT_3D('',#20039,#16431,#16432);
#13557=AXIS2_PLACEMENT_3D('',#20045,#16436,#16437);
#13558=AXIS2_PLACEMENT_3D('',#20051,#16441,#16442);
#13559=AXIS2_PLACEMENT_3D('',#20057,#16446,#16447);
#13560=AXIS2_PLACEMENT_3D('',#20060,#16450,#16451);
#13561=AXIS2_PLACEMENT_3D('',#20069,#16456,#16457);
#13562=AXIS2_PLACEMENT_3D('',#20075,#16461,#16462);
#13563=AXIS2_PLACEMENT_3D('',#20081,#16466,#16467);
#13564=AXIS2_PLACEMENT_3D('',#20087,#16471,#16472);
#13565=AXIS2_PLACEMENT_3D('',#20093,#16476,#16477);
#13566=AXIS2_PLACEMENT_3D('',#20096,#16480,#16481);
#13567=AXIS2_PLACEMENT_3D('',#20105,#16486,#16487);
#13568=AXIS2_PLACEMENT_3D('',#20111,#16491,#16492);
#13569=AXIS2_PLACEMENT_3D('',#20117,#16496,#16497);
#13570=AXIS2_PLACEMENT_3D('',#20123,#16501,#16502);
#13571=AXIS2_PLACEMENT_3D('',#20129,#16506,#16507);
#13572=AXIS2_PLACEMENT_3D('',#20132,#16510,#16511);
#13573=AXIS2_PLACEMENT_3D('',#20134,#16512,#16513);
#13574=AXIS2_PLACEMENT_3D('',#20137,#16515,#16516);
#13575=AXIS2_PLACEMENT_3D('',#20138,#16517,#16518);
#13576=AXIS2_PLACEMENT_3D('',#20147,#16523,#16524);
#13577=AXIS2_PLACEMENT_3D('',#20153,#16528,#16529);
#13578=AXIS2_PLACEMENT_3D('',#20159,#16533,#16534);
#13579=AXIS2_PLACEMENT_3D('',#20162,#16537,#16538);
#13580=AXIS2_PLACEMENT_3D('',#20171,#16543,#16544);
#13581=AXIS2_PLACEMENT_3D('',#20177,#16548,#16549);
#13582=AXIS2_PLACEMENT_3D('',#20183,#16553,#16554);
#13583=AXIS2_PLACEMENT_3D('',#20186,#16557,#16558);
#13584=AXIS2_PLACEMENT_3D('',#20188,#16559,#16560);
#13585=AXIS2_PLACEMENT_3D('',#20191,#16562,#16563);
#13586=AXIS2_PLACEMENT_3D('',#20192,#16564,#16565);
#13587=AXIS2_PLACEMENT_3D('',#20194,#16566,#16567);
#13588=AXIS2_PLACEMENT_3D('',#20197,#16569,#16570);
#13589=AXIS2_PLACEMENT_3D('',#20198,#16571,#16572);
#13590=AXIS2_PLACEMENT_3D('',#20199,#16573,#16574);
#13591=AXIS2_PLACEMENT_3D('',#20201,#16575,#16576);
#13592=AXIS2_PLACEMENT_3D('',#20204,#16578,#16579);
#13593=AXIS2_PLACEMENT_3D('',#20205,#16580,#16581);
#13594=AXIS2_PLACEMENT_3D('',#20206,#16582,#16583);
#13595=AXIS2_PLACEMENT_3D('',#20208,#16584,#16585);
#13596=AXIS2_PLACEMENT_3D('',#20211,#16587,#16588);
#13597=AXIS2_PLACEMENT_3D('',#20212,#16589,#16590);
#13598=AXIS2_PLACEMENT_3D('',#20213,#16591,#16592);
#13599=AXIS2_PLACEMENT_3D('',#20215,#16593,#16594);
#13600=AXIS2_PLACEMENT_3D('',#20218,#16596,#16597);
#13601=AXIS2_PLACEMENT_3D('',#20219,#16598,#16599);
#13602=AXIS2_PLACEMENT_3D('',#20220,#16600,#16601);
#13603=AXIS2_PLACEMENT_3D('',#20225,#16603,#16604);
#13604=AXIS2_PLACEMENT_3D('',#20228,#16606,#16607);
#13605=AXIS2_PLACEMENT_3D('',#20229,#16608,#16609);
#13606=AXIS2_PLACEMENT_3D('',#20230,#16610,#16611);
#13607=AXIS2_PLACEMENT_3D('',#20231,#16612,#16613);
#13608=AXIS2_PLACEMENT_3D('',#20232,#16614,#16615);
#13609=AXIS2_PLACEMENT_3D('',#20233,#16616,#16617);
#13610=AXIS2_PLACEMENT_3D('',#20240,#16622,#16623);
#13611=AXIS2_PLACEMENT_3D('',#20247,#16628,#16629);
#13612=AXIS2_PLACEMENT_3D('',#20249,#16631,#16632);
#13613=AXIS2_PLACEMENT_3D('',#20253,#16634,#16635);
#13614=AXIS2_PLACEMENT_3D('',#20257,#16637,#16638);
#13615=AXIS2_PLACEMENT_3D('',#20260,#16640,#16641);
#13616=AXIS2_PLACEMENT_3D('',#20261,#16642,#16643);
#13617=AXIS2_PLACEMENT_3D('',#20264,#16645,#16646);
#13618=AXIS2_PLACEMENT_3D('',#20267,#16648,#16649);
#13619=AXIS2_PLACEMENT_3D('',#20268,#16650,#16651);
#13620=AXIS2_PLACEMENT_3D('',#20269,#16652,#16653);
#13621=AXIS2_PLACEMENT_3D('',#20270,#16654,#16655);
#13622=AXIS2_PLACEMENT_3D('',#20271,#16656,#16657);
#13623=AXIS2_PLACEMENT_3D('',#20276,#16661,#16662);
#13624=AXIS2_PLACEMENT_3D('',#20280,#16665,#16666);
#13625=AXIS2_PLACEMENT_3D('',#20285,#16670,#16671);
#13626=AXIS2_PLACEMENT_3D('',#20288,#16673,#16674);
#13627=AXIS2_PLACEMENT_3D('',#20290,#16676,#16677);
#13628=AXIS2_PLACEMENT_3D('',#20291,#16678,#16679);
#13629=AXIS2_PLACEMENT_3D('',#20292,#16680,#16681);
#13630=AXIS2_PLACEMENT_3D('',#20293,#16682,#16683);
#13631=AXIS2_PLACEMENT_3D('',#20294,#16684,#16685);
#13632=AXIS2_PLACEMENT_3D('',#20297,#16688,#16689);
#13633=AXIS2_PLACEMENT_3D('',#20303,#16693,#16694);
#13634=AXIS2_PLACEMENT_3D('',#20305,#16696,#16697);
#13635=AXIS2_PLACEMENT_3D('',#20309,#16700,#16701);
#13636=AXIS2_PLACEMENT_3D('',#20310,#16702,#16703);
#13637=AXIS2_PLACEMENT_3D('',#20311,#16704,#16705);
#13638=AXIS2_PLACEMENT_3D('',#20312,#16706,#16707);
#13639=AXIS2_PLACEMENT_3D('',#20313,#16708,#16709);
#13640=AXIS2_PLACEMENT_3D('',#20314,#16710,#16711);
#13641=AXIS2_PLACEMENT_3D('',#20320,#16715,#16716);
#13642=AXIS2_PLACEMENT_3D('',#20322,#16718,#16719);
#13643=AXIS2_PLACEMENT_3D('',#20325,#16722,#16723);
#13644=AXIS2_PLACEMENT_3D('',#20330,#16725,#16726);
#13645=AXIS2_PLACEMENT_3D('',#20333,#16728,#16729);
#13646=AXIS2_PLACEMENT_3D('',#20334,#16730,#16731);
#13647=AXIS2_PLACEMENT_3D('',#20340,#16735,#16736);
#13648=AXIS2_PLACEMENT_3D('',#20344,#16738,#16739);
#13649=AXIS2_PLACEMENT_3D('',#20345,#16740,#16741);
#13650=AXIS2_PLACEMENT_3D('',#20346,#16742,#16743);
#13651=AXIS2_PLACEMENT_3D('',#20352,#16747,#16748);
#13652=AXIS2_PLACEMENT_3D('',#20356,#16750,#16751);
#13653=AXIS2_PLACEMENT_3D('',#20357,#16752,#16753);
#13654=AXIS2_PLACEMENT_3D('',#20358,#16754,#16755);
#13655=AXIS2_PLACEMENT_3D('',#20364,#16759,#16760);
#13656=AXIS2_PLACEMENT_3D('',#20368,#16762,#16763);
#13657=AXIS2_PLACEMENT_3D('',#20369,#16764,#16765);
#13658=AXIS2_PLACEMENT_3D('',#20370,#16766,#16767);
#13659=AXIS2_PLACEMENT_3D('',#20373,#16770,#16771);
#13660=AXIS2_PLACEMENT_3D('',#20379,#16775,#16776);
#13661=AXIS2_PLACEMENT_3D('',#20382,#16778,#16779);
#13662=AXIS2_PLACEMENT_3D('',#20383,#16780,#16781);
#13663=AXIS2_PLACEMENT_3D('',#20387,#16784,#16785);
#13664=AXIS2_PLACEMENT_3D('',#20390,#16787,#16788);
#13665=AXIS2_PLACEMENT_3D('',#20391,#16789,#16790);
#13666=AXIS2_PLACEMENT_3D('',#20392,#16791,#16792);
#13667=AXIS2_PLACEMENT_3D('',#20394,#16794,#16795);
#13668=AXIS2_PLACEMENT_3D('',#20396,#16797,#16798);
#13669=AXIS2_PLACEMENT_3D('',#20398,#16800,#16801);
#13670=AXIS2_PLACEMENT_3D('',#20400,#16803,#16804);
#13671=AXIS2_PLACEMENT_3D('',#20404,#16806,#16807);
#13672=AXIS2_PLACEMENT_3D('',#20407,#16809,#16810);
#13673=AXIS2_PLACEMENT_3D('',#20408,#16811,#16812);
#13674=AXIS2_PLACEMENT_3D('',#20411,#16815,#16816);
#13675=AXIS2_PLACEMENT_3D('',#20413,#16818,#16819);
#13676=AXIS2_PLACEMENT_3D('',#20414,#16820,#16821);
#13677=AXIS2_PLACEMENT_3D('',#20415,#16822,#16823);
#13678=AXIS2_PLACEMENT_3D('',#20416,#16824,#16825);
#13679=AXIS2_PLACEMENT_3D('',#20417,#16826,#16827);
#13680=DIRECTION('axis',(0.,0.,1.));
#13681=DIRECTION('refdir',(1.,0.,0.));
#13682=DIRECTION('axis',(0.,0.,1.));
#13683=DIRECTION('refdir',(1.,0.,0.));
#13684=DIRECTION('center_axis',(0.,0.,1.));
#13685=DIRECTION('ref_axis',(1.,0.,0.));
#13686=DIRECTION('',(0.,0.,-1.));
#13687=DIRECTION('center_axis',(0.,0.,-1.));
#13688=DIRECTION('ref_axis',(1.,0.,0.));
#13689=DIRECTION('',(0.,0.,1.));
#13690=DIRECTION('center_axis',(0.,0.,1.));
#13691=DIRECTION('ref_axis',(1.,0.,0.));
#13692=DIRECTION('center_axis',(0.,0.,1.));
#13693=DIRECTION('ref_axis',(1.,0.,0.));
#13694=DIRECTION('',(0.,0.,-1.));
#13695=DIRECTION('center_axis',(0.,0.,-1.));
#13696=DIRECTION('ref_axis',(1.,0.,0.));
#13697=DIRECTION('',(0.,0.,1.));
#13698=DIRECTION('center_axis',(0.,0.,1.));
#13699=DIRECTION('ref_axis',(1.,0.,0.));
#13700=DIRECTION('center_axis',(0.,0.,1.));
#13701=DIRECTION('ref_axis',(1.,0.,0.));
#13702=DIRECTION('',(1.,0.,0.));
#13703=DIRECTION('',(0.,-1.,0.));
#13704=DIRECTION('',(-1.,0.,0.));
#13705=DIRECTION('',(0.,1.,0.));
#13706=DIRECTION('',(1.,0.,0.));
#13707=DIRECTION('',(1.,0.,0.));
#13708=DIRECTION('center_axis',(0.,-1.,0.));
#13709=DIRECTION('ref_axis',(1.,0.,0.));
#13710=DIRECTION('',(1.,0.,0.));
#13711=DIRECTION('',(0.,0.,1.));
#13712=DIRECTION('center_axis',(0.,-1.,0.));
#13713=DIRECTION('ref_axis',(1.,0.,0.));
#13714=DIRECTION('',(0.,0.,1.));
#13715=DIRECTION('',(1.,0.,0.));
#13716=DIRECTION('center_axis',(0.,-1.,0.));
#13717=DIRECTION('ref_axis',(1.,0.,0.));
#13718=DIRECTION('',(0.,0.,1.));
#13719=DIRECTION('',(-1.,0.,0.));
#13720=DIRECTION('',(0.,0.,1.));
#13721=DIRECTION('',(1.,0.,0.));
#13722=DIRECTION('center_axis',(0.,-1.,0.));
#13723=DIRECTION('ref_axis',(1.,0.,0.));
#13724=DIRECTION('',(0.,0.,-1.));
#13725=DIRECTION('',(-1.,0.,0.));
#13726=DIRECTION('',(0.,0.,1.));
#13727=DIRECTION('',(1.,0.,0.));
#13728=DIRECTION('center_axis',(1.,0.,0.));
#13729=DIRECTION('ref_axis',(0.,1.,0.));
#13730=DIRECTION('',(0.,0.,1.));
#13731=DIRECTION('',(0.,-1.,0.));
#13732=DIRECTION('',(0.,1.,0.));
#13733=DIRECTION('center_axis',(1.,0.,0.));
#13734=DIRECTION('ref_axis',(0.,1.,0.));
#13735=DIRECTION('',(0.,0.,-1.));
#13736=DIRECTION('',(0.,1.,0.));
#13737=DIRECTION('',(0.,0.,1.));
#13738=DIRECTION('',(0.,-1.,0.));
#13739=DIRECTION('center_axis',(-1.,0.,0.));
#13740=DIRECTION('ref_axis',(0.,-1.,0.));
#13741=DIRECTION('',(0.,1.,0.));
#13742=DIRECTION('',(0.,0.,-1.));
#13743=DIRECTION('',(0.,-1.,0.));
#13744=DIRECTION('center_axis',(-1.,0.,0.));
#13745=DIRECTION('ref_axis',(0.,-1.,0.));
#13746=DIRECTION('',(0.,0.,1.));
#13747=DIRECTION('',(0.,1.,0.));
#13748=DIRECTION('',(0.,0.,1.));
#13749=DIRECTION('',(0.,-1.,0.));
#13750=DIRECTION('center_axis',(0.,1.,0.));
#13751=DIRECTION('ref_axis',(-1.,0.,0.));
#13752=DIRECTION('',(1.,0.,0.));
#13753=DIRECTION('',(-1.,0.,0.));
#13754=DIRECTION('',(0.,0.,1.));
#13755=DIRECTION('center_axis',(-1.,0.,0.));
#13756=DIRECTION('ref_axis',(0.,-1.,0.));
#13757=DIRECTION('',(0.,1.,0.));
#13758=DIRECTION('',(0.,-1.,0.));
#13759=DIRECTION('center_axis',(1.,0.,0.));
#13760=DIRECTION('ref_axis',(0.,1.,0.));
#13761=DIRECTION('',(0.,1.,0.));
#13762=DIRECTION('',(0.,0.,1.));
#13763=DIRECTION('',(0.,-1.,0.));
#13764=DIRECTION('center_axis',(0.,-1.,0.));
#13765=DIRECTION('ref_axis',(1.,0.,0.));
#13766=DIRECTION('',(-1.,0.,0.));
#13767=DIRECTION('',(1.,0.,0.));
#13768=DIRECTION('center_axis',(-1.,0.,0.));
#13769=DIRECTION('ref_axis',(0.,-1.,0.));
#13770=DIRECTION('',(0.,0.,-1.));
#13771=DIRECTION('',(0.,-1.,0.));
#13772=DIRECTION('',(0.,0.,1.));
#13773=DIRECTION('',(0.,1.,0.));
#13774=DIRECTION('center_axis',(0.,1.,0.));
#13775=DIRECTION('ref_axis',(-1.,0.,0.));
#13776=DIRECTION('',(1.,0.,0.));
#13777=DIRECTION('',(0.,0.,1.));
#13778=DIRECTION('',(-1.,0.,0.));
#13779=DIRECTION('center_axis',(0.,-1.,0.));
#13780=DIRECTION('ref_axis',(1.,0.,0.));
#13781=DIRECTION('',(-1.,0.,0.));
#13782=DIRECTION('',(0.,0.,1.));
#13783=DIRECTION('',(1.,0.,0.));
#13784=DIRECTION('center_axis',(0.,-1.,0.));
#13785=DIRECTION('ref_axis',(1.,0.,0.));
#13786=DIRECTION('',(1.,0.,0.));
#13787=DIRECTION('',(0.,0.,1.));
#13788=DIRECTION('',(-1.,0.,0.));
#13789=DIRECTION('center_axis',(0.,-1.,0.));
#13790=DIRECTION('ref_axis',(1.,0.,0.));
#13791=DIRECTION('',(1.,0.,0.));
#13792=DIRECTION('',(0.,0.,-1.));
#13793=DIRECTION('',(-1.,0.,0.));
#13794=DIRECTION('center_axis',(0.,1.,0.));
#13795=DIRECTION('ref_axis',(-1.,0.,0.));
#13796=DIRECTION('',(1.,0.,0.));
#13797=DIRECTION('',(0.,0.,1.));
#13798=DIRECTION('',(-1.,0.,0.));
#13799=DIRECTION('center_axis',(0.,0.,1.));
#13800=DIRECTION('ref_axis',(1.,0.,0.));
#13801=DIRECTION('',(1.,0.,0.));
#13802=DIRECTION('',(0.,1.,0.));
#13803=DIRECTION('',(-1.,0.,0.));
#13804=DIRECTION('',(0.,-1.,0.));
#13805=DIRECTION('',(1.,0.,0.));
#13806=DIRECTION('',(0.,1.,0.));
#13807=DIRECTION('',(1.,0.,0.));
#13808=DIRECTION('',(0.,-1.,0.));
#13809=DIRECTION('',(-1.,0.,0.));
#13810=DIRECTION('',(0.,1.,0.));
#13811=DIRECTION('',(1.,0.,0.));
#13812=DIRECTION('',(0.,-1.,0.));
#13813=DIRECTION('',(-1.,0.,0.));
#13814=DIRECTION('',(0.,-1.,0.));
#13815=DIRECTION('',(1.,0.,0.));
#13816=DIRECTION('',(0.,1.,0.));
#13817=DIRECTION('',(-1.,0.,0.));
#13818=DIRECTION('',(0.,1.,0.));
#13819=DIRECTION('',(1.,0.,0.));
#13820=DIRECTION('',(0.,-1.,0.));
#13821=DIRECTION('',(-1.,0.,0.));
#13822=DIRECTION('',(0.,1.,0.));
#13823=DIRECTION('',(1.,0.,0.));
#13824=DIRECTION('',(0.,-1.,0.));
#13825=DIRECTION('',(-1.,0.,0.));
#13826=DIRECTION('',(0.,-1.,0.));
#13827=DIRECTION('',(1.,0.,0.));
#13828=DIRECTION('',(0.,1.,0.));
#13829=DIRECTION('',(-1.,0.,0.));
#13830=DIRECTION('',(0.,1.,0.));
#13831=DIRECTION('',(1.,0.,0.));
#13832=DIRECTION('',(0.,-1.,0.));
#13833=DIRECTION('',(-1.,0.,0.));
#13834=DIRECTION('',(0.,1.,0.));
#13835=DIRECTION('',(1.,0.,0.));
#13836=DIRECTION('',(0.,-1.,0.));
#13837=DIRECTION('',(1.,0.,0.));
#13838=DIRECTION('',(0.,-1.,0.));
#13839=DIRECTION('',(0.,1.,0.));
#13840=DIRECTION('',(1.,0.,0.));
#13841=DIRECTION('',(0.,-1.,0.));
#13842=DIRECTION('',(-1.,0.,0.));
#13843=DIRECTION('',(0.,-1.,0.));
#13844=DIRECTION('',(0.,1.,0.));
#13845=DIRECTION('center_axis',(0.,-1.,0.));
#13846=DIRECTION('ref_axis',(1.,0.,0.));
#13847=DIRECTION('',(0.,0.,1.));
#13848=DIRECTION('',(-1.,0.,0.));
#13849=DIRECTION('',(0.,0.,1.));
#13850=DIRECTION('center_axis',(0.,-1.,0.));
#13851=DIRECTION('ref_axis',(1.,0.,0.));
#13852=DIRECTION('',(0.,0.,1.));
#13853=DIRECTION('',(0.,0.,-1.));
#13854=DIRECTION('',(-1.,0.,0.));
#13855=DIRECTION('center_axis',(0.,0.,1.));
#13856=DIRECTION('ref_axis',(1.,0.,0.));
#13857=DIRECTION('',(0.,-1.,0.));
#13858=DIRECTION('',(1.,0.,0.));
#13859=DIRECTION('',(0.,1.,0.));
#13860=DIRECTION('',(0.,-1.,0.));
#13861=DIRECTION('',(-1.,0.,0.));
#13862=DIRECTION('',(0.,1.,0.));
#13863=DIRECTION('center_axis',(-1.,0.,0.));
#13864=DIRECTION('ref_axis',(0.,-1.,0.));
#13865=DIRECTION('',(0.,0.,1.));
#13866=DIRECTION('center_axis',(0.,1.,0.));
#13867=DIRECTION('ref_axis',(-1.,0.,0.));
#13868=DIRECTION('',(0.,0.,1.));
#13869=DIRECTION('',(0.,0.,1.));
#13870=DIRECTION('center_axis',(-1.,0.,0.));
#13871=DIRECTION('ref_axis',(0.,-1.,0.));
#13872=DIRECTION('center_axis',(1.,0.,0.));
#13873=DIRECTION('ref_axis',(0.,1.,0.));
#13874=DIRECTION('center_axis',(1.,0.,0.));
#13875=DIRECTION('ref_axis',(0.,1.,0.));
#13876=DIRECTION('',(0.,0.,1.));
#13877=DIRECTION('center_axis',(0.,-1.,0.));
#13878=DIRECTION('ref_axis',(1.,0.,0.));
#13879=DIRECTION('center_axis',(-1.,0.,0.));
#13880=DIRECTION('ref_axis',(0.,-1.,0.));
#13881=DIRECTION('',(0.,0.,1.));
#13882=DIRECTION('',(0.,0.,-1.));
#13883=DIRECTION('',(0.,1.,0.));
#13884=DIRECTION('center_axis',(1.,0.,0.));
#13885=DIRECTION('ref_axis',(0.,1.,0.));
#13886=DIRECTION('',(0.,-1.,0.));
#13887=DIRECTION('center_axis',(0.,-1.,0.));
#13888=DIRECTION('ref_axis',(1.,0.,0.));
#13889=DIRECTION('',(1.,0.,0.));
#13890=DIRECTION('',(0.,0.,1.));
#13891=DIRECTION('center_axis',(0.,1.,0.));
#13892=DIRECTION('ref_axis',(-1.,0.,0.));
#13893=DIRECTION('',(0.,0.,1.));
#13894=DIRECTION('',(-1.,0.,0.));
#13895=DIRECTION('center_axis',(1.,0.,0.));
#13896=DIRECTION('ref_axis',(0.,1.,0.));
#13897=DIRECTION('',(0.,1.,0.));
#13898=DIRECTION('center_axis',(0.,1.,0.));
#13899=DIRECTION('ref_axis',(-1.,0.,0.));
#13900=DIRECTION('',(-1.,0.,0.));
#13901=DIRECTION('',(0.,0.,1.));
#13902=DIRECTION('center_axis',(1.,0.,0.));
#13903=DIRECTION('ref_axis',(0.,1.,0.));
#13904=DIRECTION('',(0.,1.,0.));
#13905=DIRECTION('center_axis',(-1.,0.,0.));
#13906=DIRECTION('ref_axis',(0.,-1.,0.));
#13907=DIRECTION('',(0.,-1.,0.));
#13908=DIRECTION('center_axis',(0.,0.,1.));
#13909=DIRECTION('ref_axis',(1.,0.,0.));
#13910=DIRECTION('center_axis',(-1.,0.,0.));
#13911=DIRECTION('ref_axis',(0.,-1.,0.));
#13912=DIRECTION('',(0.,0.,1.));
#13913=DIRECTION('',(0.,0.,-1.));
#13914=DIRECTION('',(0.,1.,0.));
#13915=DIRECTION('center_axis',(1.,0.,0.));
#13916=DIRECTION('ref_axis',(0.,1.,0.));
#13917=DIRECTION('',(0.,0.,-1.));
#13918=DIRECTION('',(0.,-1.,0.));
#13919=DIRECTION('',(0.,0.,1.));
#13920=DIRECTION('center_axis',(0.,-1.,0.));
#13921=DIRECTION('ref_axis',(1.,0.,0.));
#13922=DIRECTION('',(1.,0.,0.));
#13923=DIRECTION('',(0.,0.,1.));
#13924=DIRECTION('center_axis',(0.,-1.,0.));
#13925=DIRECTION('ref_axis',(1.,0.,0.));
#13926=DIRECTION('',(0.,0.,1.));
#13927=DIRECTION('',(1.,0.,0.));
#13928=DIRECTION('center_axis',(0.,1.,0.));
#13929=DIRECTION('ref_axis',(-1.,0.,0.));
#13930=DIRECTION('',(0.,0.,1.));
#13931=DIRECTION('',(-1.,0.,0.));
#13932=DIRECTION('center_axis',(0.,1.,0.));
#13933=DIRECTION('ref_axis',(-1.,0.,0.));
#13934=DIRECTION('',(0.,0.,1.));
#13935=DIRECTION('',(-1.,0.,0.));
#13936=DIRECTION('',(0.,0.,1.));
#13937=DIRECTION('center_axis',(-1.,0.,0.));
#13938=DIRECTION('ref_axis',(0.,-1.,0.));
#13939=DIRECTION('',(0.,-1.,0.));
#13940=DIRECTION('center_axis',(1.,0.,0.));
#13941=DIRECTION('ref_axis',(0.,1.,0.));
#13942=DIRECTION('',(0.,1.,0.));
#13943=DIRECTION('center_axis',(0.,1.,0.));
#13944=DIRECTION('ref_axis',(-1.,0.,0.));
#13945=DIRECTION('',(-1.,0.,0.));
#13946=DIRECTION('',(0.,0.,1.));
#13947=DIRECTION('center_axis',(1.,0.,0.));
#13948=DIRECTION('ref_axis',(0.,1.,0.));
#13949=DIRECTION('',(0.,1.,0.));
#13950=DIRECTION('',(0.,0.,1.));
#13951=DIRECTION('center_axis',(0.,-1.,0.));
#13952=DIRECTION('ref_axis',(1.,0.,0.));
#13953=DIRECTION('',(1.,0.,0.));
#13954=DIRECTION('',(0.,0.,1.));
#13955=DIRECTION('center_axis',(-1.,0.,0.));
#13956=DIRECTION('ref_axis',(0.,-1.,0.));
#13957=DIRECTION('',(0.,-1.,0.));
#13958=DIRECTION('center_axis',(0.,0.,1.));
#13959=DIRECTION('ref_axis',(1.,0.,0.));
#13960=DIRECTION('center_axis',(-1.,0.,0.));
#13961=DIRECTION('ref_axis',(0.,-1.,0.));
#13962=DIRECTION('',(0.,0.,1.));
#13963=DIRECTION('',(0.,0.,-1.));
#13964=DIRECTION('',(0.,1.,0.));
#13965=DIRECTION('center_axis',(1.,0.,0.));
#13966=DIRECTION('ref_axis',(0.,1.,0.));
#13967=DIRECTION('',(0.,0.,-1.));
#13968=DIRECTION('',(0.,-1.,0.));
#13969=DIRECTION('',(0.,0.,1.));
#13970=DIRECTION('center_axis',(0.,-1.,0.));
#13971=DIRECTION('ref_axis',(1.,0.,0.));
#13972=DIRECTION('',(1.,0.,0.));
#13973=DIRECTION('',(0.,0.,1.));
#13974=DIRECTION('center_axis',(0.,-1.,0.));
#13975=DIRECTION('ref_axis',(1.,0.,0.));
#13976=DIRECTION('',(0.,0.,1.));
#13977=DIRECTION('',(1.,0.,0.));
#13978=DIRECTION('center_axis',(0.,1.,0.));
#13979=DIRECTION('ref_axis',(-1.,0.,0.));
#13980=DIRECTION('',(0.,0.,1.));
#13981=DIRECTION('',(-1.,0.,0.));
#13982=DIRECTION('center_axis',(0.,1.,0.));
#13983=DIRECTION('ref_axis',(-1.,0.,0.));
#13984=DIRECTION('',(0.,0.,1.));
#13985=DIRECTION('',(-1.,0.,0.));
#13986=DIRECTION('',(0.,0.,1.));
#13987=DIRECTION('center_axis',(-1.,0.,0.));
#13988=DIRECTION('ref_axis',(0.,-1.,0.));
#13989=DIRECTION('',(0.,-1.,0.));
#13990=DIRECTION('center_axis',(1.,0.,0.));
#13991=DIRECTION('ref_axis',(0.,1.,0.));
#13992=DIRECTION('',(0.,1.,0.));
#13993=DIRECTION('center_axis',(0.,1.,0.));
#13994=DIRECTION('ref_axis',(-1.,0.,0.));
#13995=DIRECTION('',(-1.,0.,0.));
#13996=DIRECTION('',(0.,0.,1.));
#13997=DIRECTION('center_axis',(1.,0.,0.));
#13998=DIRECTION('ref_axis',(0.,1.,0.));
#13999=DIRECTION('',(0.,1.,0.));
#14000=DIRECTION('',(0.,0.,1.));
#14001=DIRECTION('center_axis',(0.,-1.,0.));
#14002=DIRECTION('ref_axis',(1.,0.,0.));
#14003=DIRECTION('',(1.,0.,0.));
#14004=DIRECTION('',(0.,0.,1.));
#14005=DIRECTION('center_axis',(-1.,0.,0.));
#14006=DIRECTION('ref_axis',(0.,-1.,0.));
#14007=DIRECTION('',(0.,-1.,0.));
#14008=DIRECTION('center_axis',(0.,0.,1.));
#14009=DIRECTION('ref_axis',(1.,0.,0.));
#14010=DIRECTION('center_axis',(0.,1.,0.));
#14011=DIRECTION('ref_axis',(-1.,0.,0.));
#14012=DIRECTION('',(0.,0.,1.));
#14013=DIRECTION('',(0.,0.,1.));
#14014=DIRECTION('center_axis',(1.,0.,0.));
#14015=DIRECTION('ref_axis',(0.,1.,0.));
#14016=DIRECTION('center_axis',(0.,-1.,0.));
#14017=DIRECTION('ref_axis',(1.,0.,0.));
#14018=DIRECTION('center_axis',(-1.,0.,0.));
#14019=DIRECTION('ref_axis',(0.,-1.,0.));
#14020=DIRECTION('axis',(0.,0.,1.));
#14021=DIRECTION('refdir',(1.,0.,0.));
#14022=DIRECTION('center_axis',(0.,0.,-1.));
#14023=DIRECTION('ref_axis',(1.,0.,0.));
#14024=DIRECTION('center_axis',(0.,0.,-1.));
#14025=DIRECTION('ref_axis',(1.,0.,0.));
#14026=DIRECTION('',(0.,0.,-1.));
#14027=DIRECTION('center_axis',(0.,0.,1.));
#14028=DIRECTION('ref_axis',(1.,0.,0.));
#14029=DIRECTION('center_axis',(0.,0.,-1.));
#14030=DIRECTION('ref_axis',(1.,0.,0.));
#14031=DIRECTION('center_axis',(0.,0.,-1.));
#14032=DIRECTION('ref_axis',(1.,0.,0.));
#14033=DIRECTION('',(0.,0.,-1.));
#14034=DIRECTION('center_axis',(0.,0.,1.));
#14035=DIRECTION('ref_axis',(1.,0.,0.));
#14036=DIRECTION('center_axis',(0.,0.,-1.));
#14037=DIRECTION('ref_axis',(1.,0.,0.));
#14038=DIRECTION('center_axis',(0.,0.,-1.));
#14039=DIRECTION('ref_axis',(1.,0.,0.));
#14040=DIRECTION('',(0.,0.,-1.));
#14041=DIRECTION('center_axis',(0.,0.,1.));
#14042=DIRECTION('ref_axis',(1.,0.,0.));
#14043=DIRECTION('center_axis',(0.,0.,-1.));
#14044=DIRECTION('ref_axis',(1.,0.,0.));
#14045=DIRECTION('center_axis',(0.,0.,-1.));
#14046=DIRECTION('ref_axis',(1.,0.,0.));
#14047=DIRECTION('',(0.,0.,-1.));
#14048=DIRECTION('center_axis',(0.,0.,1.));
#14049=DIRECTION('ref_axis',(1.,0.,0.));
#14050=DIRECTION('center_axis',(0.,0.,-1.));
#14051=DIRECTION('ref_axis',(1.,0.,0.));
#14052=DIRECTION('',(0.,0.,-1.));
#14053=DIRECTION('center_axis',(0.,0.,1.));
#14054=DIRECTION('ref_axis',(1.,0.,0.));
#14055=DIRECTION('',(0.,0.,1.));
#14056=DIRECTION('center_axis',(0.,0.,1.));
#14057=DIRECTION('ref_axis',(1.,0.,0.));
#14058=DIRECTION('center_axis',(0.,0.,-1.));
#14059=DIRECTION('ref_axis',(1.,0.,0.));
#14060=DIRECTION('',(0.,0.,1.));
#14061=DIRECTION('center_axis',(0.,0.,1.));
#14062=DIRECTION('ref_axis',(1.,0.,0.));
#14063=DIRECTION('',(0.,0.,-1.));
#14064=DIRECTION('center_axis',(0.,0.,1.));
#14065=DIRECTION('ref_axis',(1.,0.,0.));
#14066=DIRECTION('center_axis',(0.,0.,-1.));
#14067=DIRECTION('ref_axis',(1.,0.,0.));
#14068=DIRECTION('',(0.,0.,-1.));
#14069=DIRECTION('center_axis',(0.,0.,1.));
#14070=DIRECTION('ref_axis',(1.,0.,0.));
#14071=DIRECTION('',(0.,0.,1.));
#14072=DIRECTION('center_axis',(0.,0.,1.));
#14073=DIRECTION('ref_axis',(1.,0.,0.));
#14074=DIRECTION('center_axis',(0.,0.,-1.));
#14075=DIRECTION('ref_axis',(1.,0.,0.));
#14076=DIRECTION('',(0.,0.,-1.));
#14077=DIRECTION('center_axis',(0.,0.,1.));
#14078=DIRECTION('ref_axis',(1.,0.,0.));
#14079=DIRECTION('',(0.,0.,1.));
#14080=DIRECTION('center_axis',(0.,0.,1.));
#14081=DIRECTION('ref_axis',(1.,0.,0.));
#14082=DIRECTION('center_axis',(0.,0.,-1.));
#14083=DIRECTION('ref_axis',(1.,0.,0.));
#14084=DIRECTION('',(0.,0.,1.));
#14085=DIRECTION('center_axis',(0.,0.,1.));
#14086=DIRECTION('ref_axis',(1.,0.,0.));
#14087=DIRECTION('',(0.,0.,-1.));
#14088=DIRECTION('center_axis',(0.,0.,1.));
#14089=DIRECTION('ref_axis',(1.,0.,0.));
#14090=DIRECTION('center_axis',(0.,0.,-1.));
#14091=DIRECTION('ref_axis',(1.,0.,0.));
#14092=DIRECTION('',(0.,0.,1.));
#14093=DIRECTION('center_axis',(0.,0.,1.));
#14094=DIRECTION('ref_axis',(1.,0.,0.));
#14095=DIRECTION('',(0.,0.,-1.));
#14096=DIRECTION('center_axis',(0.,0.,1.));
#14097=DIRECTION('ref_axis',(1.,0.,0.));
#14098=DIRECTION('center_axis',(0.,0.,-1.));
#14099=DIRECTION('ref_axis',(1.,0.,0.));
#14100=DIRECTION('',(0.,0.,-1.));
#14101=DIRECTION('center_axis',(0.,0.,1.));
#14102=DIRECTION('ref_axis',(1.,0.,0.));
#14103=DIRECTION('',(0.,0.,1.));
#14104=DIRECTION('center_axis',(0.,0.,1.));
#14105=DIRECTION('ref_axis',(1.,0.,0.));
#14106=DIRECTION('center_axis',(0.,0.,-1.));
#14107=DIRECTION('ref_axis',(1.,0.,0.));
#14108=DIRECTION('',(0.,0.,1.));
#14109=DIRECTION('center_axis',(0.,0.,1.));
#14110=DIRECTION('ref_axis',(1.,0.,0.));
#14111=DIRECTION('',(0.,0.,-1.));
#14112=DIRECTION('center_axis',(0.,0.,1.));
#14113=DIRECTION('ref_axis',(1.,0.,0.));
#14114=DIRECTION('center_axis',(0.,0.,-1.));
#14115=DIRECTION('ref_axis',(1.,0.,0.));
#14116=DIRECTION('',(0.,0.,-1.));
#14117=DIRECTION('center_axis',(0.,0.,1.));
#14118=DIRECTION('ref_axis',(1.,0.,0.));
#14119=DIRECTION('',(0.,0.,1.));
#14120=DIRECTION('center_axis',(0.,0.,1.));
#14121=DIRECTION('ref_axis',(1.,0.,0.));
#14122=DIRECTION('center_axis',(0.,0.,-1.));
#14123=DIRECTION('ref_axis',(1.,0.,0.));
#14124=DIRECTION('',(0.,0.,-1.));
#14125=DIRECTION('center_axis',(0.,0.,1.));
#14126=DIRECTION('ref_axis',(1.,0.,0.));
#14127=DIRECTION('',(0.,0.,1.));
#14128=DIRECTION('center_axis',(0.,0.,1.));
#14129=DIRECTION('ref_axis',(1.,0.,0.));
#14130=DIRECTION('center_axis',(0.,0.,-1.));
#14131=DIRECTION('ref_axis',(1.,0.,0.));
#14132=DIRECTION('',(0.,0.,1.));
#14133=DIRECTION('center_axis',(0.,0.,1.));
#14134=DIRECTION('ref_axis',(1.,0.,0.));
#14135=DIRECTION('',(0.,0.,-1.));
#14136=DIRECTION('center_axis',(0.,0.,1.));
#14137=DIRECTION('ref_axis',(1.,0.,0.));
#14138=DIRECTION('center_axis',(0.,0.,-1.));
#14139=DIRECTION('ref_axis',(1.,0.,0.));
#14140=DIRECTION('',(0.,0.,1.));
#14141=DIRECTION('center_axis',(0.,0.,1.));
#14142=DIRECTION('ref_axis',(1.,0.,0.));
#14143=DIRECTION('',(0.,0.,-1.));
#14144=DIRECTION('center_axis',(0.,0.,1.));
#14145=DIRECTION('ref_axis',(1.,0.,0.));
#14146=DIRECTION('center_axis',(0.,-1.,0.));
#14147=DIRECTION('ref_axis',(-1.,0.,0.));
#14148=DIRECTION('',(1.,0.,0.));
#14149=DIRECTION('',(0.,0.,-1.));
#14150=DIRECTION('',(-1.,0.,0.));
#14151=DIRECTION('center_axis',(0.,-1.,0.));
#14152=DIRECTION('ref_axis',(-1.,0.,0.));
#14153=DIRECTION('',(-1.,0.,0.));
#14154=DIRECTION('',(0.,0.,-1.));
#14155=DIRECTION('',(1.,0.,0.));
#14156=DIRECTION('center_axis',(0.,-1.,0.));
#14157=DIRECTION('ref_axis',(-1.,0.,0.));
#14158=DIRECTION('',(1.,0.,0.));
#14159=DIRECTION('',(-1.,0.,0.));
#14160=DIRECTION('center_axis',(-1.,0.,0.));
#14161=DIRECTION('ref_axis',(0.,1.,0.));
#14162=DIRECTION('',(0.,1.,0.));
#14163=DIRECTION('',(0.,-1.,0.));
#14164=DIRECTION('center_axis',(-1.,0.,0.));
#14165=DIRECTION('ref_axis',(0.,1.,0.));
#14166=DIRECTION('',(0.,-1.,0.));
#14167=DIRECTION('',(0.,0.,-1.));
#14168=DIRECTION('',(0.,1.,0.));
#14169=DIRECTION('center_axis',(1.,0.,0.));
#14170=DIRECTION('ref_axis',(0.,-1.,0.));
#14171=DIRECTION('',(0.,-1.,0.));
#14172=DIRECTION('',(0.,0.,-1.));
#14173=DIRECTION('',(0.,1.,0.));
#14174=DIRECTION('center_axis',(1.,0.,0.));
#14175=DIRECTION('ref_axis',(0.,-1.,0.));
#14176=DIRECTION('',(0.,-1.,0.));
#14177=DIRECTION('',(0.,1.,0.));
#14178=DIRECTION('center_axis',(1.,0.,0.));
#14179=DIRECTION('ref_axis',(0.,-1.,0.));
#14180=DIRECTION('',(0.,1.,0.));
#14181=DIRECTION('',(0.,-1.,0.));
#14182=DIRECTION('center_axis',(0.,-1.,0.));
#14183=DIRECTION('ref_axis',(-1.,0.,0.));
#14184=DIRECTION('',(-1.,0.,0.));
#14185=DIRECTION('',(1.,0.,0.));
#14186=DIRECTION('center_axis',(0.,0.,-1.));
#14187=DIRECTION('ref_axis',(-1.,0.,0.));
#14188=DIRECTION('',(1.,0.,0.));
#14189=DIRECTION('center_axis',(0.,0.,-1.));
#14190=DIRECTION('ref_axis',(-1.,0.,0.));
#14191=DIRECTION('',(1.,0.,0.));
#14192=DIRECTION('center_axis',(0.,0.,-1.));
#14193=DIRECTION('ref_axis',(-1.,0.,0.));
#14194=DIRECTION('center_axis',(0.,0.,-1.));
#14195=DIRECTION('ref_axis',(-1.,0.,0.));
#14196=DIRECTION('center_axis',(0.,0.,-1.));
#14197=DIRECTION('ref_axis',(-1.,0.,0.));
#14198=DIRECTION('',(0.,1.,0.));
#14199=DIRECTION('center_axis',(0.,0.,-1.));
#14200=DIRECTION('ref_axis',(-1.,0.,0.));
#14201=DIRECTION('',(1.,0.,0.));
#14202=DIRECTION('center_axis',(0.,0.,-1.));
#14203=DIRECTION('ref_axis',(-1.,0.,0.));
#14204=DIRECTION('',(1.,0.,0.));
#14205=DIRECTION('center_axis',(0.,0.,-1.));
#14206=DIRECTION('ref_axis',(-1.,0.,0.));
#14207=DIRECTION('',(0.,-1.,0.));
#14208=DIRECTION('',(0.,1.,0.));
#14209=DIRECTION('center_axis',(0.,1.,0.));
#14210=DIRECTION('ref_axis',(1.,0.,0.));
#14211=DIRECTION('',(-1.,0.,0.));
#14212=DIRECTION('center_axis',(0.,1.,0.));
#14213=DIRECTION('ref_axis',(1.,0.,0.));
#14214=DIRECTION('',(-1.,0.,0.));
#14215=DIRECTION('center_axis',(0.,1.,0.));
#14216=DIRECTION('ref_axis',(1.,0.,0.));
#14217=DIRECTION('',(-1.,0.,0.));
#14218=DIRECTION('center_axis',(-1.,0.,0.));
#14219=DIRECTION('ref_axis',(0.,1.,0.));
#14220=DIRECTION('',(0.,-1.,0.));
#14221=DIRECTION('center_axis',(0.,1.,0.));
#14222=DIRECTION('ref_axis',(1.,0.,0.));
#14223=DIRECTION('',(-1.,0.,0.));
#14224=DIRECTION('center_axis',(1.,0.,0.));
#14225=DIRECTION('ref_axis',(0.,-1.,0.));
#14226=DIRECTION('',(0.,1.,0.));
#14227=DIRECTION('center_axis',(-1.,0.,0.));
#14228=DIRECTION('ref_axis',(0.,1.,0.));
#14229=DIRECTION('',(0.,-1.,0.));
#14230=DIRECTION('center_axis',(0.,0.,-1.));
#14231=DIRECTION('ref_axis',(-0.707106781186548,-0.707106781186547,0.));
#14232=DIRECTION('',(-0.707106781186547,0.,-0.707106781186548));
#14233=DIRECTION('center_axis',(0.,0.,1.));
#14234=DIRECTION('ref_axis',(-0.707106781186548,-0.707106781186547,0.));
#14235=DIRECTION('',(0.,0.707106781186547,0.707106781186548));
#14236=DIRECTION('center_axis',(0.,0.,-1.));
#14237=DIRECTION('ref_axis',(-0.707106781186548,-0.707106781186547,0.));
#14238=DIRECTION('center_axis',(-0.707106781186548,0.,0.707106781186547));
#14239=DIRECTION('ref_axis',(0.707106781186547,0.,0.707106781186548));
#14240=DIRECTION('',(0.,1.,0.));
#14241=DIRECTION('',(-0.707106781186547,0.,-0.707106781186548));
#14242=DIRECTION('',(0.,-1.,0.));
#14243=DIRECTION('center_axis',(0.,0.,-1.));
#14244=DIRECTION('ref_axis',(-0.707106781186548,0.707106781186547,0.));
#14245=DIRECTION('',(0.,0.707106781186546,-0.707106781186549));
#14246=DIRECTION('center_axis',(0.,0.,1.));
#14247=DIRECTION('ref_axis',(-0.707106781186548,0.707106781186547,0.));
#14248=DIRECTION('center_axis',(0.,0.,-1.));
#14249=DIRECTION('ref_axis',(-0.707106781186548,0.707106781186547,0.));
#14250=DIRECTION('center_axis',(0.,0.707106781186548,0.707106781186548));
#14251=DIRECTION('ref_axis',(1.,0.,0.));
#14252=DIRECTION('',(1.,0.,0.));
#14253=DIRECTION('',(0.,0.707106781186547,-0.707106781186547));
#14254=DIRECTION('',(-1.,0.,0.));
#14255=DIRECTION('center_axis',(0.,0.,-1.));
#14256=DIRECTION('ref_axis',(0.707106781186549,0.707106781186546,0.));
#14257=DIRECTION('',(0.707106781186546,0.,-0.707106781186549));
#14258=DIRECTION('center_axis',(0.,0.,1.));
#14259=DIRECTION('ref_axis',(0.707106781186549,0.707106781186546,0.));
#14260=DIRECTION('center_axis',(0.,0.,-1.));
#14261=DIRECTION('ref_axis',(0.707106781186549,0.707106781186546,0.));
#14262=DIRECTION('center_axis',(0.707106781186549,0.,0.707106781186546));
#14263=DIRECTION('ref_axis',(0.707106781186546,0.,-0.707106781186549));
#14264=DIRECTION('',(0.,-1.,0.));
#14265=DIRECTION('',(0.707106781186546,0.,-0.707106781186549));
#14266=DIRECTION('',(0.,1.,0.));
#14267=DIRECTION('center_axis',(0.,0.,-1.));
#14268=DIRECTION('ref_axis',(0.707106781186548,-0.707106781186547,0.));
#14269=DIRECTION('',(0.,-0.707106781186546,-0.707106781186549));
#14270=DIRECTION('center_axis',(0.,0.,1.));
#14271=DIRECTION('ref_axis',(0.707106781186548,-0.707106781186547,0.));
#14272=DIRECTION('center_axis',(0.,0.,-1.));
#14273=DIRECTION('ref_axis',(0.707106781186548,-0.707106781186547,0.));
#14274=DIRECTION('center_axis',(0.,-0.707106781186548,0.707106781186547));
#14275=DIRECTION('ref_axis',(1.,0.,0.));
#14276=DIRECTION('',(-1.,0.,0.));
#14277=DIRECTION('',(1.,0.,0.));
#14278=DIRECTION('center_axis',(1.,0.,0.));
#14279=DIRECTION('ref_axis',(0.,1.,0.));
#14280=DIRECTION('',(0.,0.,1.));
#14281=DIRECTION('',(0.,1.,0.));
#14282=DIRECTION('',(0.,0.,-1.));
#14283=DIRECTION('center_axis',(0.,0.,1.));
#14284=DIRECTION('ref_axis',(0.707106781186548,-0.707106781186547,0.));
#14285=DIRECTION('',(0.,0.,-1.));
#14286=DIRECTION('center_axis',(0.,0.,1.));
#14287=DIRECTION('ref_axis',(0.707106781186548,-0.707106781186547,0.));
#14288=DIRECTION('center_axis',(0.,-1.,0.));
#14289=DIRECTION('ref_axis',(1.,0.,0.));
#14290=DIRECTION('',(0.,0.,1.));
#14291=DIRECTION('',(1.,0.,0.));
#14292=DIRECTION('center_axis',(0.,0.,1.));
#14293=DIRECTION('ref_axis',(-0.707106781186548,-0.707106781186547,0.));
#14294=DIRECTION('',(0.,0.,-1.));
#14295=DIRECTION('center_axis',(0.,0.,1.));
#14296=DIRECTION('ref_axis',(-0.707106781186548,-0.707106781186547,0.));
#14297=DIRECTION('center_axis',(0.,0.,1.));
#14298=DIRECTION('ref_axis',(1.,0.,0.));
#14299=DIRECTION('center_axis',(-1.,0.,0.));
#14300=DIRECTION('ref_axis',(0.,-1.,0.));
#14301=DIRECTION('',(0.,0.,1.));
#14302=DIRECTION('',(0.,-1.,0.));
#14303=DIRECTION('center_axis',(0.,0.,1.));
#14304=DIRECTION('ref_axis',(0.707106781186549,0.707106781186546,0.));
#14305=DIRECTION('center_axis',(0.,0.,1.));
#14306=DIRECTION('ref_axis',(0.707106781186549,0.707106781186546,0.));
#14307=DIRECTION('',(0.,0.,1.));
#14308=DIRECTION('center_axis',(0.,0.,1.));
#14309=DIRECTION('ref_axis',(-0.707106781186548,0.707106781186547,0.));
#14310=DIRECTION('',(0.,0.,-1.));
#14311=DIRECTION('center_axis',(0.,0.,1.));
#14312=DIRECTION('ref_axis',(-0.707106781186548,0.707106781186547,0.));
#14313=DIRECTION('center_axis',(0.,1.,0.));
#14314=DIRECTION('ref_axis',(-1.,0.,0.));
#14315=DIRECTION('',(-1.,0.,0.));
#14316=DIRECTION('center_axis',(0.,0.,1.));
#14317=DIRECTION('ref_axis',(1.,0.,0.));
#14318=DIRECTION('axis',(0.,0.,1.));
#14319=DIRECTION('refdir',(1.,0.,0.));
#14320=DIRECTION('center_axis',(0.,-1.,0.));
#14321=DIRECTION('ref_axis',(0.,0.,-1.));
#14322=DIRECTION('',(0.,0.,-1.));
#14323=DIRECTION('',(1.,0.,0.));
#14324=DIRECTION('',(0.,0.,1.));
#14325=DIRECTION('',(1.,0.,0.));
#14326=DIRECTION('center_axis',(0.,-0.5,-0.866025403784439));
#14327=DIRECTION('ref_axis',(0.,0.866025403784439,-0.5));
#14328=DIRECTION('',(0.,0.866025403784439,-0.5));
#14329=DIRECTION('',(0.,-0.866025403784439,0.5));
#14330=DIRECTION('',(1.,0.,0.));
#14331=DIRECTION('center_axis',(0.,0.5,-0.866025403784439));
#14332=DIRECTION('ref_axis',(0.,0.866025403784439,0.5));
#14333=DIRECTION('',(0.,0.866025403784439,0.5));
#14334=DIRECTION('',(0.,-0.866025403784439,-0.5));
#14335=DIRECTION('',(1.,0.,0.));
#14336=DIRECTION('center_axis',(0.,1.,0.));
#14337=DIRECTION('ref_axis',(0.,0.,1.));
#14338=DIRECTION('',(0.,0.,1.));
#14339=DIRECTION('',(0.,0.,-1.));
#14340=DIRECTION('',(-1.,0.,0.));
#14341=DIRECTION('center_axis',(0.,-0.5,0.866025403784438));
#14342=DIRECTION('ref_axis',(0.,-0.866025403784438,-0.5));
#14343=DIRECTION('',(0.,-0.866025403784438,-0.5));
#14344=DIRECTION('',(1.,0.,0.));
#14345=DIRECTION('',(0.,0.866025403784438,0.5));
#14346=DIRECTION('center_axis',(0.,0.5,0.866025403784438));
#14347=DIRECTION('ref_axis',(0.,-0.866025403784438,0.5));
#14348=DIRECTION('',(0.,-0.866025403784438,0.5));
#14349=DIRECTION('',(0.,0.866025403784438,-0.5));
#14350=DIRECTION('center_axis',(0.,-1.,0.));
#14351=DIRECTION('ref_axis',(0.,0.,-1.));
#14352=DIRECTION('',(0.,0.,-1.));
#14353=DIRECTION('',(1.,0.,0.));
#14354=DIRECTION('',(0.,0.,1.));
#14355=DIRECTION('',(1.,0.,0.));
#14356=DIRECTION('center_axis',(0.,-0.5,-0.866025403784439));
#14357=DIRECTION('ref_axis',(0.,0.866025403784439,-0.5));
#14358=DIRECTION('',(0.,0.866025403784439,-0.5));
#14359=DIRECTION('',(0.,-0.866025403784439,0.5));
#14360=DIRECTION('',(1.,0.,0.));
#14361=DIRECTION('center_axis',(0.,0.5,-0.866025403784439));
#14362=DIRECTION('ref_axis',(0.,0.866025403784439,0.5));
#14363=DIRECTION('',(0.,0.866025403784439,0.5));
#14364=DIRECTION('',(0.,-0.866025403784439,-0.5));
#14365=DIRECTION('',(1.,0.,0.));
#14366=DIRECTION('center_axis',(0.,1.,0.));
#14367=DIRECTION('ref_axis',(0.,0.,1.));
#14368=DIRECTION('',(0.,0.,1.));
#14369=DIRECTION('',(0.,0.,-1.));
#14370=DIRECTION('',(-1.,0.,0.));
#14371=DIRECTION('center_axis',(0.,-0.5,0.866025403784438));
#14372=DIRECTION('ref_axis',(0.,-0.866025403784438,-0.5));
#14373=DIRECTION('',(0.,-0.866025403784438,-0.5));
#14374=DIRECTION('',(1.,0.,0.));
#14375=DIRECTION('',(0.,0.866025403784438,0.5));
#14376=DIRECTION('center_axis',(0.,0.5,0.866025403784438));
#14377=DIRECTION('ref_axis',(0.,-0.866025403784438,0.5));
#14378=DIRECTION('',(0.,-0.866025403784438,0.5));
#14379=DIRECTION('',(0.,0.866025403784438,-0.5));
#14380=DIRECTION('center_axis',(0.,-1.,0.));
#14381=DIRECTION('ref_axis',(0.,0.,-1.));
#14382=DIRECTION('',(0.,0.,-1.));
#14383=DIRECTION('',(1.,0.,0.));
#14384=DIRECTION('',(0.,0.,1.));
#14385=DIRECTION('',(1.,0.,0.));
#14386=DIRECTION('center_axis',(0.,-0.5,-0.866025403784439));
#14387=DIRECTION('ref_axis',(0.,0.866025403784439,-0.5));
#14388=DIRECTION('',(0.,0.866025403784439,-0.5));
#14389=DIRECTION('',(0.,-0.866025403784439,0.5));
#14390=DIRECTION('',(1.,0.,0.));
#14391=DIRECTION('center_axis',(0.,0.5,-0.866025403784439));
#14392=DIRECTION('ref_axis',(0.,0.866025403784439,0.5));
#14393=DIRECTION('',(0.,0.866025403784439,0.5));
#14394=DIRECTION('',(0.,-0.866025403784439,-0.5));
#14395=DIRECTION('',(1.,0.,0.));
#14396=DIRECTION('center_axis',(0.,1.,0.));
#14397=DIRECTION('ref_axis',(0.,0.,1.));
#14398=DIRECTION('',(0.,0.,1.));
#14399=DIRECTION('',(0.,0.,-1.));
#14400=DIRECTION('',(-1.,0.,0.));
#14401=DIRECTION('center_axis',(0.,-0.5,0.866025403784438));
#14402=DIRECTION('ref_axis',(0.,-0.866025403784438,-0.5));
#14403=DIRECTION('',(0.,-0.866025403784438,-0.5));
#14404=DIRECTION('',(1.,0.,0.));
#14405=DIRECTION('',(0.,0.866025403784438,0.5));
#14406=DIRECTION('center_axis',(0.,0.5,0.866025403784438));
#14407=DIRECTION('ref_axis',(0.,-0.866025403784438,0.5));
#14408=DIRECTION('',(0.,-0.866025403784438,0.5));
#14409=DIRECTION('',(0.,0.866025403784438,-0.5));
#14410=DIRECTION('center_axis',(0.,-1.,0.));
#14411=DIRECTION('ref_axis',(0.,0.,-1.));
#14412=DIRECTION('',(0.,0.,-1.));
#14413=DIRECTION('',(1.,0.,0.));
#14414=DIRECTION('',(0.,0.,1.));
#14415=DIRECTION('',(1.,0.,0.));
#14416=DIRECTION('center_axis',(0.,-0.5,-0.866025403784439));
#14417=DIRECTION('ref_axis',(0.,0.866025403784439,-0.5));
#14418=DIRECTION('',(0.,0.866025403784439,-0.5));
#14419=DIRECTION('',(0.,-0.866025403784439,0.5));
#14420=DIRECTION('',(1.,0.,0.));
#14421=DIRECTION('center_axis',(0.,0.5,-0.866025403784439));
#14422=DIRECTION('ref_axis',(0.,0.866025403784439,0.5));
#14423=DIRECTION('',(0.,0.866025403784439,0.5));
#14424=DIRECTION('',(0.,-0.866025403784439,-0.5));
#14425=DIRECTION('',(1.,0.,0.));
#14426=DIRECTION('center_axis',(0.,1.,0.));
#14427=DIRECTION('ref_axis',(0.,0.,1.));
#14428=DIRECTION('',(0.,0.,1.));
#14429=DIRECTION('',(0.,0.,-1.));
#14430=DIRECTION('',(-1.,0.,0.));
#14431=DIRECTION('center_axis',(0.,-0.5,0.866025403784439));
#14432=DIRECTION('ref_axis',(0.,-0.866025403784439,-0.5));
#14433=DIRECTION('',(0.,-0.866025403784439,-0.5));
#14434=DIRECTION('',(1.,0.,0.));
#14435=DIRECTION('',(0.,0.866025403784439,0.5));
#14436=DIRECTION('center_axis',(0.,0.5,0.866025403784439));
#14437=DIRECTION('ref_axis',(0.,-0.866025403784439,0.5));
#14438=DIRECTION('',(0.,-0.866025403784439,0.5));
#14439=DIRECTION('',(0.,0.866025403784439,-0.5));
#14440=DIRECTION('center_axis',(0.,-1.,0.));
#14441=DIRECTION('ref_axis',(0.,0.,-1.));
#14442=DIRECTION('',(0.,0.,-1.));
#14443=DIRECTION('',(1.,0.,0.));
#14444=DIRECTION('',(0.,0.,1.));
#14445=DIRECTION('',(1.,0.,0.));
#14446=DIRECTION('center_axis',(0.,-0.5,-0.866025403784439));
#14447=DIRECTION('ref_axis',(0.,0.866025403784439,-0.5));
#14448=DIRECTION('',(0.,0.866025403784439,-0.5));
#14449=DIRECTION('',(0.,-0.866025403784439,0.5));
#14450=DIRECTION('',(1.,0.,0.));
#14451=DIRECTION('center_axis',(0.,0.5,-0.866025403784439));
#14452=DIRECTION('ref_axis',(0.,0.866025403784439,0.5));
#14453=DIRECTION('',(0.,0.866025403784439,0.5));
#14454=DIRECTION('',(0.,-0.866025403784439,-0.5));
#14455=DIRECTION('',(1.,0.,0.));
#14456=DIRECTION('center_axis',(0.,1.,0.));
#14457=DIRECTION('ref_axis',(0.,0.,1.));
#14458=DIRECTION('',(0.,0.,1.));
#14459=DIRECTION('',(0.,0.,-1.));
#14460=DIRECTION('',(-1.,0.,0.));
#14461=DIRECTION('center_axis',(0.,-0.5,0.866025403784439));
#14462=DIRECTION('ref_axis',(0.,-0.866025403784439,-0.5));
#14463=DIRECTION('',(0.,-0.866025403784439,-0.5));
#14464=DIRECTION('',(1.,0.,0.));
#14465=DIRECTION('',(0.,0.866025403784439,0.5));
#14466=DIRECTION('center_axis',(0.,0.5,0.866025403784439));
#14467=DIRECTION('ref_axis',(0.,-0.866025403784439,0.5));
#14468=DIRECTION('',(0.,-0.866025403784439,0.5));
#14469=DIRECTION('',(0.,0.866025403784439,-0.5));
#14470=DIRECTION('center_axis',(0.,-1.,0.));
#14471=DIRECTION('ref_axis',(0.,0.,-1.));
#14472=DIRECTION('',(0.,0.,-1.));
#14473=DIRECTION('',(1.,0.,0.));
#14474=DIRECTION('',(0.,0.,1.));
#14475=DIRECTION('',(1.,0.,0.));
#14476=DIRECTION('center_axis',(0.,-0.5,-0.866025403784439));
#14477=DIRECTION('ref_axis',(0.,0.866025403784439,-0.5));
#14478=DIRECTION('',(0.,0.866025403784439,-0.5));
#14479=DIRECTION('',(0.,-0.866025403784439,0.5));
#14480=DIRECTION('',(1.,0.,0.));
#14481=DIRECTION('center_axis',(0.,0.5,-0.866025403784439));
#14482=DIRECTION('ref_axis',(0.,0.866025403784439,0.5));
#14483=DIRECTION('',(0.,0.866025403784439,0.5));
#14484=DIRECTION('',(0.,-0.866025403784439,-0.5));
#14485=DIRECTION('',(1.,0.,0.));
#14486=DIRECTION('center_axis',(0.,1.,0.));
#14487=DIRECTION('ref_axis',(0.,0.,1.));
#14488=DIRECTION('',(0.,0.,1.));
#14489=DIRECTION('',(0.,0.,-1.));
#14490=DIRECTION('',(-1.,0.,0.));
#14491=DIRECTION('center_axis',(0.,-0.5,0.866025403784439));
#14492=DIRECTION('ref_axis',(0.,-0.866025403784439,-0.5));
#14493=DIRECTION('',(0.,-0.866025403784439,-0.5));
#14494=DIRECTION('',(1.,0.,0.));
#14495=DIRECTION('',(0.,0.866025403784439,0.5));
#14496=DIRECTION('center_axis',(0.,0.5,0.866025403784439));
#14497=DIRECTION('ref_axis',(0.,-0.866025403784439,0.5));
#14498=DIRECTION('',(0.,-0.866025403784439,0.5));
#14499=DIRECTION('',(0.,0.866025403784439,-0.5));
#14500=DIRECTION('center_axis',(0.,-1.,0.));
#14501=DIRECTION('ref_axis',(0.,0.,-1.));
#14502=DIRECTION('',(0.,0.,-1.));
#14503=DIRECTION('',(1.,0.,0.));
#14504=DIRECTION('',(0.,0.,1.));
#14505=DIRECTION('',(1.,0.,0.));
#14506=DIRECTION('center_axis',(0.,-0.5,-0.866025403784439));
#14507=DIRECTION('ref_axis',(0.,0.866025403784439,-0.5));
#14508=DIRECTION('',(0.,0.866025403784439,-0.5));
#14509=DIRECTION('',(0.,-0.866025403784439,0.5));
#14510=DIRECTION('',(1.,0.,0.));
#14511=DIRECTION('center_axis',(0.,0.5,-0.866025403784439));
#14512=DIRECTION('ref_axis',(0.,0.866025403784439,0.5));
#14513=DIRECTION('',(0.,0.866025403784439,0.5));
#14514=DIRECTION('',(0.,-0.866025403784439,-0.5));
#14515=DIRECTION('',(1.,0.,0.));
#14516=DIRECTION('center_axis',(0.,1.,0.));
#14517=DIRECTION('ref_axis',(0.,0.,1.));
#14518=DIRECTION('',(0.,0.,1.));
#14519=DIRECTION('',(0.,0.,-1.));
#14520=DIRECTION('',(-1.,0.,0.));
#14521=DIRECTION('center_axis',(0.,-0.5,0.866025403784439));
#14522=DIRECTION('ref_axis',(0.,-0.866025403784439,-0.5));
#14523=DIRECTION('',(0.,-0.866025403784439,-0.5));
#14524=DIRECTION('',(1.,0.,0.));
#14525=DIRECTION('',(0.,0.866025403784439,0.5));
#14526=DIRECTION('center_axis',(0.,0.5,0.866025403784439));
#14527=DIRECTION('ref_axis',(0.,-0.866025403784439,0.5));
#14528=DIRECTION('',(0.,-0.866025403784439,0.5));
#14529=DIRECTION('',(0.,0.866025403784439,-0.5));
#14530=DIRECTION('center_axis',(0.,-1.,0.));
#14531=DIRECTION('ref_axis',(0.,0.,-1.));
#14532=DIRECTION('',(0.,0.,-1.));
#14533=DIRECTION('',(1.,0.,0.));
#14534=DIRECTION('',(0.,0.,1.));
#14535=DIRECTION('',(1.,0.,0.));
#14536=DIRECTION('center_axis',(0.,-0.5,-0.866025403784439));
#14537=DIRECTION('ref_axis',(0.,0.866025403784439,-0.5));
#14538=DIRECTION('',(0.,0.866025403784439,-0.5));
#14539=DIRECTION('',(0.,-0.866025403784439,0.5));
#14540=DIRECTION('',(1.,0.,0.));
#14541=DIRECTION('center_axis',(0.,0.5,-0.866025403784439));
#14542=DIRECTION('ref_axis',(0.,0.866025403784439,0.5));
#14543=DIRECTION('',(0.,0.866025403784439,0.5));
#14544=DIRECTION('',(0.,-0.866025403784439,-0.5));
#14545=DIRECTION('',(1.,0.,0.));
#14546=DIRECTION('center_axis',(0.,1.,0.));
#14547=DIRECTION('ref_axis',(0.,0.,1.));
#14548=DIRECTION('',(0.,0.,1.));
#14549=DIRECTION('',(0.,0.,-1.));
#14550=DIRECTION('',(-1.,0.,0.));
#14551=DIRECTION('center_axis',(0.,-0.5,0.866025403784439));
#14552=DIRECTION('ref_axis',(0.,-0.866025403784439,-0.5));
#14553=DIRECTION('',(0.,-0.866025403784439,-0.5));
#14554=DIRECTION('',(1.,0.,0.));
#14555=DIRECTION('',(0.,0.866025403784439,0.5));
#14556=DIRECTION('center_axis',(0.,0.5,0.866025403784439));
#14557=DIRECTION('ref_axis',(0.,-0.866025403784439,0.5));
#14558=DIRECTION('',(0.,-0.866025403784439,0.5));
#14559=DIRECTION('',(0.,0.866025403784439,-0.5));
#14560=DIRECTION('center_axis',(0.,-1.,0.));
#14561=DIRECTION('ref_axis',(0.,0.,-1.));
#14562=DIRECTION('',(0.,0.,-1.));
#14563=DIRECTION('',(1.,0.,0.));
#14564=DIRECTION('',(0.,0.,1.));
#14565=DIRECTION('',(1.,0.,0.));
#14566=DIRECTION('center_axis',(0.,-0.5,-0.866025403784439));
#14567=DIRECTION('ref_axis',(0.,0.866025403784439,-0.5));
#14568=DIRECTION('',(0.,0.866025403784439,-0.5));
#14569=DIRECTION('',(0.,-0.866025403784439,0.5));
#14570=DIRECTION('',(1.,0.,0.));
#14571=DIRECTION('center_axis',(0.,0.5,-0.866025403784439));
#14572=DIRECTION('ref_axis',(0.,0.866025403784439,0.5));
#14573=DIRECTION('',(0.,0.866025403784439,0.5));
#14574=DIRECTION('',(0.,-0.866025403784439,-0.5));
#14575=DIRECTION('',(1.,0.,0.));
#14576=DIRECTION('center_axis',(0.,1.,0.));
#14577=DIRECTION('ref_axis',(0.,0.,1.));
#14578=DIRECTION('',(0.,0.,1.));
#14579=DIRECTION('',(0.,0.,-1.));
#14580=DIRECTION('',(-1.,0.,0.));
#14581=DIRECTION('center_axis',(0.,-0.5,0.866025403784439));
#14582=DIRECTION('ref_axis',(0.,-0.866025403784439,-0.5));
#14583=DIRECTION('',(0.,-0.866025403784439,-0.5));
#14584=DIRECTION('',(1.,0.,0.));
#14585=DIRECTION('',(0.,0.866025403784439,0.5));
#14586=DIRECTION('center_axis',(0.,0.5,0.866025403784439));
#14587=DIRECTION('ref_axis',(0.,-0.866025403784439,0.5));
#14588=DIRECTION('',(0.,-0.866025403784439,0.5));
#14589=DIRECTION('',(0.,0.866025403784439,-0.5));
#14590=DIRECTION('center_axis',(0.,-1.,0.));
#14591=DIRECTION('ref_axis',(0.,0.,-1.));
#14592=DIRECTION('',(0.,0.,-1.));
#14593=DIRECTION('',(1.,0.,0.));
#14594=DIRECTION('',(0.,0.,1.));
#14595=DIRECTION('',(1.,0.,0.));
#14596=DIRECTION('center_axis',(0.,-0.5,-0.866025403784439));
#14597=DIRECTION('ref_axis',(0.,0.866025403784439,-0.5));
#14598=DIRECTION('',(0.,0.866025403784439,-0.5));
#14599=DIRECTION('',(0.,-0.866025403784439,0.5));
#14600=DIRECTION('',(1.,0.,0.));
#14601=DIRECTION('center_axis',(0.,0.5,-0.866025403784439));
#14602=DIRECTION('ref_axis',(0.,0.866025403784439,0.5));
#14603=DIRECTION('',(0.,0.866025403784439,0.5));
#14604=DIRECTION('',(0.,-0.866025403784439,-0.5));
#14605=DIRECTION('',(1.,0.,0.));
#14606=DIRECTION('center_axis',(0.,1.,0.));
#14607=DIRECTION('ref_axis',(0.,0.,1.));
#14608=DIRECTION('',(0.,0.,1.));
#14609=DIRECTION('',(0.,0.,-1.));
#14610=DIRECTION('',(-1.,0.,0.));
#14611=DIRECTION('center_axis',(0.,-0.5,0.866025403784439));
#14612=DIRECTION('ref_axis',(0.,-0.866025403784439,-0.5));
#14613=DIRECTION('',(0.,-0.866025403784439,-0.5));
#14614=DIRECTION('',(1.,0.,0.));
#14615=DIRECTION('',(0.,0.866025403784439,0.5));
#14616=DIRECTION('center_axis',(0.,0.5,0.866025403784439));
#14617=DIRECTION('ref_axis',(0.,-0.866025403784439,0.5));
#14618=DIRECTION('',(0.,-0.866025403784439,0.5));
#14619=DIRECTION('',(0.,0.866025403784439,-0.5));
#14620=DIRECTION('center_axis',(0.,-1.,0.));
#14621=DIRECTION('ref_axis',(0.,0.,-1.));
#14622=DIRECTION('',(0.,0.,-1.));
#14623=DIRECTION('',(1.,0.,0.));
#14624=DIRECTION('',(0.,0.,1.));
#14625=DIRECTION('',(1.,0.,0.));
#14626=DIRECTION('center_axis',(0.,-0.5,-0.866025403784439));
#14627=DIRECTION('ref_axis',(0.,0.866025403784439,-0.5));
#14628=DIRECTION('',(0.,0.866025403784439,-0.5));
#14629=DIRECTION('',(0.,-0.866025403784439,0.5));
#14630=DIRECTION('',(1.,0.,0.));
#14631=DIRECTION('center_axis',(0.,0.5,-0.866025403784439));
#14632=DIRECTION('ref_axis',(0.,0.866025403784439,0.5));
#14633=DIRECTION('',(0.,0.866025403784439,0.5));
#14634=DIRECTION('',(0.,-0.866025403784439,-0.5));
#14635=DIRECTION('',(1.,0.,0.));
#14636=DIRECTION('center_axis',(0.,1.,0.));
#14637=DIRECTION('ref_axis',(0.,0.,1.));
#14638=DIRECTION('',(0.,0.,1.));
#14639=DIRECTION('',(0.,0.,-1.));
#14640=DIRECTION('',(-1.,0.,0.));
#14641=DIRECTION('center_axis',(0.,-0.5,0.866025403784439));
#14642=DIRECTION('ref_axis',(0.,-0.866025403784439,-0.5));
#14643=DIRECTION('',(0.,-0.866025403784439,-0.5));
#14644=DIRECTION('',(1.,0.,0.));
#14645=DIRECTION('',(0.,0.866025403784439,0.5));
#14646=DIRECTION('center_axis',(0.,0.5,0.866025403784439));
#14647=DIRECTION('ref_axis',(0.,-0.866025403784439,0.5));
#14648=DIRECTION('',(0.,-0.866025403784439,0.5));
#14649=DIRECTION('',(0.,0.866025403784439,-0.5));
#14650=DIRECTION('center_axis',(0.,-1.,0.));
#14651=DIRECTION('ref_axis',(0.,0.,-1.));
#14652=DIRECTION('',(0.,0.,-1.));
#14653=DIRECTION('',(1.,0.,0.));
#14654=DIRECTION('',(0.,0.,1.));
#14655=DIRECTION('',(1.,0.,0.));
#14656=DIRECTION('center_axis',(0.,-0.5,-0.866025403784439));
#14657=DIRECTION('ref_axis',(0.,0.866025403784439,-0.5));
#14658=DIRECTION('',(0.,0.866025403784439,-0.5));
#14659=DIRECTION('',(0.,-0.866025403784439,0.5));
#14660=DIRECTION('',(1.,0.,0.));
#14661=DIRECTION('center_axis',(0.,0.5,-0.866025403784439));
#14662=DIRECTION('ref_axis',(0.,0.866025403784439,0.5));
#14663=DIRECTION('',(0.,0.866025403784439,0.5));
#14664=DIRECTION('',(0.,-0.866025403784439,-0.5));
#14665=DIRECTION('',(1.,0.,0.));
#14666=DIRECTION('center_axis',(0.,1.,0.));
#14667=DIRECTION('ref_axis',(0.,0.,1.));
#14668=DIRECTION('',(0.,0.,1.));
#14669=DIRECTION('',(0.,0.,-1.));
#14670=DIRECTION('',(-1.,0.,0.));
#14671=DIRECTION('center_axis',(0.,-0.5,0.866025403784439));
#14672=DIRECTION('ref_axis',(0.,-0.866025403784439,-0.5));
#14673=DIRECTION('',(0.,-0.866025403784439,-0.5));
#14674=DIRECTION('',(1.,0.,0.));
#14675=DIRECTION('',(0.,0.866025403784439,0.5));
#14676=DIRECTION('center_axis',(0.,0.5,0.866025403784439));
#14677=DIRECTION('ref_axis',(0.,-0.866025403784439,0.5));
#14678=DIRECTION('',(0.,-0.866025403784439,0.5));
#14679=DIRECTION('',(0.,0.866025403784439,-0.5));
#14680=DIRECTION('center_axis',(0.,-1.,0.));
#14681=DIRECTION('ref_axis',(0.,0.,-1.));
#14682=DIRECTION('',(0.,0.,-1.));
#14683=DIRECTION('',(1.,0.,0.));
#14684=DIRECTION('',(0.,0.,1.));
#14685=DIRECTION('',(1.,0.,0.));
#14686=DIRECTION('center_axis',(0.,-0.5,-0.866025403784439));
#14687=DIRECTION('ref_axis',(0.,0.866025403784439,-0.5));
#14688=DIRECTION('',(0.,0.866025403784439,-0.5));
#14689=DIRECTION('',(0.,-0.866025403784439,0.5));
#14690=DIRECTION('',(1.,0.,0.));
#14691=DIRECTION('center_axis',(0.,0.5,-0.866025403784439));
#14692=DIRECTION('ref_axis',(0.,0.866025403784439,0.5));
#14693=DIRECTION('',(0.,0.866025403784439,0.5));
#14694=DIRECTION('',(0.,-0.866025403784439,-0.5));
#14695=DIRECTION('',(1.,0.,0.));
#14696=DIRECTION('center_axis',(0.,1.,0.));
#14697=DIRECTION('ref_axis',(0.,0.,1.));
#14698=DIRECTION('',(0.,0.,1.));
#14699=DIRECTION('',(0.,0.,-1.));
#14700=DIRECTION('',(-1.,0.,0.));
#14701=DIRECTION('center_axis',(0.,-0.5,0.866025403784439));
#14702=DIRECTION('ref_axis',(0.,-0.866025403784439,-0.5));
#14703=DIRECTION('',(0.,-0.866025403784439,-0.5));
#14704=DIRECTION('',(1.,0.,0.));
#14705=DIRECTION('',(0.,0.866025403784439,0.5));
#14706=DIRECTION('center_axis',(0.,0.5,0.866025403784439));
#14707=DIRECTION('ref_axis',(0.,-0.866025403784439,0.5));
#14708=DIRECTION('',(0.,-0.866025403784439,0.5));
#14709=DIRECTION('',(0.,0.866025403784439,-0.5));
#14710=DIRECTION('center_axis',(0.,-1.,0.));
#14711=DIRECTION('ref_axis',(0.,0.,-1.));
#14712=DIRECTION('',(0.,0.,-1.));
#14713=DIRECTION('',(1.,0.,0.));
#14714=DIRECTION('',(0.,0.,1.));
#14715=DIRECTION('',(1.,0.,0.));
#14716=DIRECTION('center_axis',(0.,-0.5,-0.866025403784439));
#14717=DIRECTION('ref_axis',(0.,0.866025403784439,-0.5));
#14718=DIRECTION('',(0.,0.866025403784439,-0.5));
#14719=DIRECTION('',(0.,-0.866025403784439,0.5));
#14720=DIRECTION('',(1.,0.,0.));
#14721=DIRECTION('center_axis',(0.,0.5,-0.866025403784439));
#14722=DIRECTION('ref_axis',(0.,0.866025403784439,0.5));
#14723=DIRECTION('',(0.,0.866025403784439,0.5));
#14724=DIRECTION('',(0.,-0.866025403784439,-0.5));
#14725=DIRECTION('',(1.,0.,0.));
#14726=DIRECTION('center_axis',(0.,1.,0.));
#14727=DIRECTION('ref_axis',(0.,0.,1.));
#14728=DIRECTION('',(0.,0.,1.));
#14729=DIRECTION('',(0.,0.,-1.));
#14730=DIRECTION('',(-1.,0.,0.));
#14731=DIRECTION('center_axis',(0.,-0.5,0.866025403784439));
#14732=DIRECTION('ref_axis',(0.,-0.866025403784439,-0.5));
#14733=DIRECTION('',(0.,-0.866025403784439,-0.5));
#14734=DIRECTION('',(1.,0.,0.));
#14735=DIRECTION('',(0.,0.866025403784439,0.5));
#14736=DIRECTION('center_axis',(0.,0.5,0.866025403784439));
#14737=DIRECTION('ref_axis',(0.,-0.866025403784439,0.5));
#14738=DIRECTION('',(0.,-0.866025403784439,0.5));
#14739=DIRECTION('',(0.,0.866025403784439,-0.5));
#14740=DIRECTION('center_axis',(0.,-1.,0.));
#14741=DIRECTION('ref_axis',(0.,0.,-1.));
#14742=DIRECTION('',(0.,0.,-1.));
#14743=DIRECTION('',(1.,0.,0.));
#14744=DIRECTION('',(0.,0.,1.));
#14745=DIRECTION('',(1.,0.,0.));
#14746=DIRECTION('center_axis',(0.,-0.5,-0.866025403784439));
#14747=DIRECTION('ref_axis',(0.,0.866025403784439,-0.5));
#14748=DIRECTION('',(0.,0.866025403784439,-0.5));
#14749=DIRECTION('',(0.,-0.866025403784439,0.5));
#14750=DIRECTION('',(1.,0.,0.));
#14751=DIRECTION('center_axis',(0.,0.5,-0.866025403784439));
#14752=DIRECTION('ref_axis',(0.,0.866025403784439,0.5));
#14753=DIRECTION('',(0.,0.866025403784439,0.5));
#14754=DIRECTION('',(0.,-0.866025403784439,-0.5));
#14755=DIRECTION('',(1.,0.,0.));
#14756=DIRECTION('center_axis',(0.,1.,0.));
#14757=DIRECTION('ref_axis',(0.,0.,1.));
#14758=DIRECTION('',(0.,0.,1.));
#14759=DIRECTION('',(0.,0.,-1.));
#14760=DIRECTION('',(-1.,0.,0.));
#14761=DIRECTION('center_axis',(0.,-0.5,0.866025403784438));
#14762=DIRECTION('ref_axis',(0.,-0.866025403784438,-0.5));
#14763=DIRECTION('',(0.,-0.866025403784438,-0.5));
#14764=DIRECTION('',(1.,0.,0.));
#14765=DIRECTION('',(0.,0.866025403784438,0.5));
#14766=DIRECTION('center_axis',(0.,0.5,0.866025403784438));
#14767=DIRECTION('ref_axis',(0.,-0.866025403784438,0.5));
#14768=DIRECTION('',(0.,-0.866025403784438,0.5));
#14769=DIRECTION('',(0.,0.866025403784438,-0.5));
#14770=DIRECTION('center_axis',(0.,-1.,0.));
#14771=DIRECTION('ref_axis',(0.,0.,-1.));
#14772=DIRECTION('',(0.,0.,-1.));
#14773=DIRECTION('',(1.,0.,0.));
#14774=DIRECTION('',(0.,0.,1.));
#14775=DIRECTION('',(1.,0.,0.));
#14776=DIRECTION('center_axis',(0.,-0.5,-0.866025403784439));
#14777=DIRECTION('ref_axis',(0.,0.866025403784439,-0.5));
#14778=DIRECTION('',(0.,0.866025403784439,-0.5));
#14779=DIRECTION('',(0.,-0.866025403784439,0.5));
#14780=DIRECTION('',(1.,0.,0.));
#14781=DIRECTION('center_axis',(0.,0.5,-0.866025403784439));
#14782=DIRECTION('ref_axis',(0.,0.866025403784439,0.5));
#14783=DIRECTION('',(0.,0.866025403784439,0.5));
#14784=DIRECTION('',(0.,-0.866025403784439,-0.5));
#14785=DIRECTION('',(1.,0.,0.));
#14786=DIRECTION('center_axis',(0.,1.,0.));
#14787=DIRECTION('ref_axis',(0.,0.,1.));
#14788=DIRECTION('',(0.,0.,1.));
#14789=DIRECTION('',(0.,0.,-1.));
#14790=DIRECTION('',(-1.,0.,0.));
#14791=DIRECTION('center_axis',(0.,-0.5,0.866025403784438));
#14792=DIRECTION('ref_axis',(0.,-0.866025403784438,-0.5));
#14793=DIRECTION('',(0.,-0.866025403784438,-0.5));
#14794=DIRECTION('',(1.,0.,0.));
#14795=DIRECTION('',(0.,0.866025403784438,0.5));
#14796=DIRECTION('center_axis',(0.,0.5,0.866025403784438));
#14797=DIRECTION('ref_axis',(0.,-0.866025403784438,0.5));
#14798=DIRECTION('',(0.,-0.866025403784438,0.5));
#14799=DIRECTION('',(0.,0.866025403784438,-0.5));
#14800=DIRECTION('center_axis',(0.,-1.,0.));
#14801=DIRECTION('ref_axis',(0.,0.,-1.));
#14802=DIRECTION('',(0.,0.,-1.));
#14803=DIRECTION('',(1.,0.,0.));
#14804=DIRECTION('',(0.,0.,1.));
#14805=DIRECTION('',(1.,0.,0.));
#14806=DIRECTION('center_axis',(0.,-0.5,-0.866025403784439));
#14807=DIRECTION('ref_axis',(0.,0.866025403784439,-0.5));
#14808=DIRECTION('',(0.,0.866025403784439,-0.5));
#14809=DIRECTION('',(0.,-0.866025403784439,0.5));
#14810=DIRECTION('',(1.,0.,0.));
#14811=DIRECTION('center_axis',(0.,0.5,-0.866025403784439));
#14812=DIRECTION('ref_axis',(0.,0.866025403784439,0.5));
#14813=DIRECTION('',(0.,0.866025403784439,0.5));
#14814=DIRECTION('',(0.,-0.866025403784439,-0.5));
#14815=DIRECTION('',(1.,0.,0.));
#14816=DIRECTION('center_axis',(0.,1.,0.));
#14817=DIRECTION('ref_axis',(0.,0.,1.));
#14818=DIRECTION('',(0.,0.,1.));
#14819=DIRECTION('',(0.,0.,-1.));
#14820=DIRECTION('',(-1.,0.,0.));
#14821=DIRECTION('center_axis',(0.,-0.5,0.866025403784438));
#14822=DIRECTION('ref_axis',(0.,-0.866025403784438,-0.5));
#14823=DIRECTION('',(0.,-0.866025403784438,-0.5));
#14824=DIRECTION('',(1.,0.,0.));
#14825=DIRECTION('',(0.,0.866025403784438,0.5));
#14826=DIRECTION('center_axis',(0.,0.5,0.866025403784438));
#14827=DIRECTION('ref_axis',(0.,-0.866025403784438,0.5));
#14828=DIRECTION('',(0.,-0.866025403784438,0.5));
#14829=DIRECTION('',(0.,0.866025403784438,-0.5));
#14830=DIRECTION('center_axis',(0.,-1.,0.));
#14831=DIRECTION('ref_axis',(0.,0.,-1.));
#14832=DIRECTION('',(0.,0.,1.));
#14833=DIRECTION('',(1.,0.,0.));
#14834=DIRECTION('',(0.,0.,-1.));
#14835=DIRECTION('',(1.,0.,0.));
#14836=DIRECTION('center_axis',(0.,-0.5,0.866025403784438));
#14837=DIRECTION('ref_axis',(0.,-0.866025403784438,-0.5));
#14838=DIRECTION('',(0.,0.866025403784438,0.5));
#14839=DIRECTION('',(0.,-0.866025403784438,-0.5));
#14840=DIRECTION('',(1.,0.,0.));
#14841=DIRECTION('center_axis',(0.,0.5,0.866025403784438));
#14842=DIRECTION('ref_axis',(0.,-0.866025403784438,0.5));
#14843=DIRECTION('',(0.,0.866025403784438,-0.5));
#14844=DIRECTION('',(0.,-0.866025403784438,0.5));
#14845=DIRECTION('',(-1.,0.,0.));
#14846=DIRECTION('center_axis',(0.,1.,0.));
#14847=DIRECTION('ref_axis',(0.,0.,1.));
#14848=DIRECTION('',(0.,0.,-1.));
#14849=DIRECTION('',(0.,0.,1.));
#14850=DIRECTION('',(1.,0.,0.));
#14851=DIRECTION('center_axis',(0.,0.5,-0.866025403784439));
#14852=DIRECTION('ref_axis',(0.,0.866025403784439,0.5));
#14853=DIRECTION('',(0.,-0.866025403784439,-0.5));
#14854=DIRECTION('',(0.,0.866025403784439,0.5));
#14855=DIRECTION('',(1.,0.,0.));
#14856=DIRECTION('center_axis',(0.,-0.5,-0.866025403784439));
#14857=DIRECTION('ref_axis',(0.,0.866025403784439,-0.5));
#14858=DIRECTION('',(0.,-0.866025403784439,0.5));
#14859=DIRECTION('',(0.,0.866025403784439,-0.5));
#14860=DIRECTION('center_axis',(0.,-1.,0.));
#14861=DIRECTION('ref_axis',(0.,0.,-1.));
#14862=DIRECTION('',(0.,0.,1.));
#14863=DIRECTION('',(1.,0.,0.));
#14864=DIRECTION('',(0.,0.,-1.));
#14865=DIRECTION('',(1.,0.,0.));
#14866=DIRECTION('center_axis',(0.,-0.5,0.866025403784438));
#14867=DIRECTION('ref_axis',(0.,-0.866025403784438,-0.5));
#14868=DIRECTION('',(0.,0.866025403784438,0.5));
#14869=DIRECTION('',(0.,-0.866025403784438,-0.5));
#14870=DIRECTION('',(1.,0.,0.));
#14871=DIRECTION('center_axis',(0.,0.5,0.866025403784438));
#14872=DIRECTION('ref_axis',(0.,-0.866025403784438,0.5));
#14873=DIRECTION('',(0.,0.866025403784438,-0.5));
#14874=DIRECTION('',(0.,-0.866025403784438,0.5));
#14875=DIRECTION('',(-1.,0.,0.));
#14876=DIRECTION('center_axis',(0.,1.,0.));
#14877=DIRECTION('ref_axis',(0.,0.,1.));
#14878=DIRECTION('',(0.,0.,-1.));
#14879=DIRECTION('',(0.,0.,1.));
#14880=DIRECTION('',(1.,0.,0.));
#14881=DIRECTION('center_axis',(0.,0.5,-0.866025403784439));
#14882=DIRECTION('ref_axis',(0.,0.866025403784439,0.5));
#14883=DIRECTION('',(0.,-0.866025403784439,-0.5));
#14884=DIRECTION('',(0.,0.866025403784439,0.5));
#14885=DIRECTION('',(1.,0.,0.));
#14886=DIRECTION('center_axis',(0.,-0.5,-0.866025403784439));
#14887=DIRECTION('ref_axis',(0.,0.866025403784439,-0.5));
#14888=DIRECTION('',(0.,-0.866025403784439,0.5));
#14889=DIRECTION('',(0.,0.866025403784439,-0.5));
#14890=DIRECTION('center_axis',(0.,-1.,0.));
#14891=DIRECTION('ref_axis',(0.,0.,-1.));
#14892=DIRECTION('',(0.,0.,1.));
#14893=DIRECTION('',(1.,0.,0.));
#14894=DIRECTION('',(0.,0.,-1.));
#14895=DIRECTION('',(1.,0.,0.));
#14896=DIRECTION('center_axis',(0.,-0.5,0.866025403784438));
#14897=DIRECTION('ref_axis',(0.,-0.866025403784438,-0.5));
#14898=DIRECTION('',(0.,0.866025403784438,0.5));
#14899=DIRECTION('',(0.,-0.866025403784438,-0.5));
#14900=DIRECTION('',(1.,0.,0.));
#14901=DIRECTION('center_axis',(0.,0.5,0.866025403784438));
#14902=DIRECTION('ref_axis',(0.,-0.866025403784438,0.5));
#14903=DIRECTION('',(0.,0.866025403784438,-0.5));
#14904=DIRECTION('',(0.,-0.866025403784438,0.5));
#14905=DIRECTION('',(-1.,0.,0.));
#14906=DIRECTION('center_axis',(0.,1.,0.));
#14907=DIRECTION('ref_axis',(0.,0.,1.));
#14908=DIRECTION('',(0.,0.,-1.));
#14909=DIRECTION('',(0.,0.,1.));
#14910=DIRECTION('',(1.,0.,0.));
#14911=DIRECTION('center_axis',(0.,0.5,-0.866025403784439));
#14912=DIRECTION('ref_axis',(0.,0.866025403784439,0.5));
#14913=DIRECTION('',(0.,-0.866025403784439,-0.5));
#14914=DIRECTION('',(0.,0.866025403784439,0.5));
#14915=DIRECTION('',(1.,0.,0.));
#14916=DIRECTION('center_axis',(0.,-0.5,-0.866025403784439));
#14917=DIRECTION('ref_axis',(0.,0.866025403784439,-0.5));
#14918=DIRECTION('',(0.,-0.866025403784439,0.5));
#14919=DIRECTION('',(0.,0.866025403784439,-0.5));
#14920=DIRECTION('center_axis',(0.,-1.,0.));
#14921=DIRECTION('ref_axis',(0.,0.,-1.));
#14922=DIRECTION('',(0.,0.,1.));
#14923=DIRECTION('',(1.,0.,0.));
#14924=DIRECTION('',(0.,0.,-1.));
#14925=DIRECTION('',(1.,0.,0.));
#14926=DIRECTION('center_axis',(0.,-0.5,0.866025403784439));
#14927=DIRECTION('ref_axis',(0.,-0.866025403784439,-0.5));
#14928=DIRECTION('',(0.,0.866025403784439,0.5));
#14929=DIRECTION('',(0.,-0.866025403784439,-0.5));
#14930=DIRECTION('',(1.,0.,0.));
#14931=DIRECTION('center_axis',(0.,0.5,0.866025403784439));
#14932=DIRECTION('ref_axis',(0.,-0.866025403784439,0.5));
#14933=DIRECTION('',(0.,0.866025403784439,-0.5));
#14934=DIRECTION('',(0.,-0.866025403784439,0.5));
#14935=DIRECTION('',(-1.,0.,0.));
#14936=DIRECTION('center_axis',(0.,1.,0.));
#14937=DIRECTION('ref_axis',(0.,0.,1.));
#14938=DIRECTION('',(0.,0.,-1.));
#14939=DIRECTION('',(0.,0.,1.));
#14940=DIRECTION('',(1.,0.,0.));
#14941=DIRECTION('center_axis',(0.,0.5,-0.866025403784439));
#14942=DIRECTION('ref_axis',(0.,0.866025403784439,0.5));
#14943=DIRECTION('',(0.,-0.866025403784439,-0.5));
#14944=DIRECTION('',(0.,0.866025403784439,0.5));
#14945=DIRECTION('',(1.,0.,0.));
#14946=DIRECTION('center_axis',(0.,-0.5,-0.866025403784439));
#14947=DIRECTION('ref_axis',(0.,0.866025403784439,-0.5));
#14948=DIRECTION('',(0.,-0.866025403784439,0.5));
#14949=DIRECTION('',(0.,0.866025403784439,-0.5));
#14950=DIRECTION('center_axis',(0.,-1.,0.));
#14951=DIRECTION('ref_axis',(0.,0.,-1.));
#14952=DIRECTION('',(0.,0.,1.));
#14953=DIRECTION('',(1.,0.,0.));
#14954=DIRECTION('',(0.,0.,-1.));
#14955=DIRECTION('',(1.,0.,0.));
#14956=DIRECTION('center_axis',(0.,-0.5,0.866025403784439));
#14957=DIRECTION('ref_axis',(0.,-0.866025403784439,-0.5));
#14958=DIRECTION('',(0.,0.866025403784439,0.5));
#14959=DIRECTION('',(0.,-0.866025403784439,-0.5));
#14960=DIRECTION('',(1.,0.,0.));
#14961=DIRECTION('center_axis',(0.,0.5,0.866025403784439));
#14962=DIRECTION('ref_axis',(0.,-0.866025403784439,0.5));
#14963=DIRECTION('',(0.,0.866025403784439,-0.5));
#14964=DIRECTION('',(0.,-0.866025403784439,0.5));
#14965=DIRECTION('',(-1.,0.,0.));
#14966=DIRECTION('center_axis',(0.,1.,0.));
#14967=DIRECTION('ref_axis',(0.,0.,1.));
#14968=DIRECTION('',(0.,0.,-1.));
#14969=DIRECTION('',(0.,0.,1.));
#14970=DIRECTION('',(1.,0.,0.));
#14971=DIRECTION('center_axis',(0.,0.5,-0.866025403784439));
#14972=DIRECTION('ref_axis',(0.,0.866025403784439,0.5));
#14973=DIRECTION('',(0.,-0.866025403784439,-0.5));
#14974=DIRECTION('',(0.,0.866025403784439,0.5));
#14975=DIRECTION('',(1.,0.,0.));
#14976=DIRECTION('center_axis',(0.,-0.5,-0.866025403784439));
#14977=DIRECTION('ref_axis',(0.,0.866025403784439,-0.5));
#14978=DIRECTION('',(0.,-0.866025403784439,0.5));
#14979=DIRECTION('',(0.,0.866025403784439,-0.5));
#14980=DIRECTION('center_axis',(0.,-1.,0.));
#14981=DIRECTION('ref_axis',(0.,0.,-1.));
#14982=DIRECTION('',(0.,0.,1.));
#14983=DIRECTION('',(1.,0.,0.));
#14984=DIRECTION('',(0.,0.,-1.));
#14985=DIRECTION('',(1.,0.,0.));
#14986=DIRECTION('center_axis',(0.,-0.5,0.866025403784439));
#14987=DIRECTION('ref_axis',(0.,-0.866025403784439,-0.5));
#14988=DIRECTION('',(0.,0.866025403784439,0.5));
#14989=DIRECTION('',(0.,-0.866025403784439,-0.5));
#14990=DIRECTION('',(1.,0.,0.));
#14991=DIRECTION('center_axis',(0.,0.5,0.866025403784439));
#14992=DIRECTION('ref_axis',(0.,-0.866025403784439,0.5));
#14993=DIRECTION('',(0.,0.866025403784439,-0.5));
#14994=DIRECTION('',(0.,-0.866025403784439,0.5));
#14995=DIRECTION('',(-1.,0.,0.));
#14996=DIRECTION('center_axis',(0.,1.,0.));
#14997=DIRECTION('ref_axis',(0.,0.,1.));
#14998=DIRECTION('',(0.,0.,-1.));
#14999=DIRECTION('',(0.,0.,1.));
#15000=DIRECTION('',(1.,0.,0.));
#15001=DIRECTION('center_axis',(0.,0.5,-0.866025403784439));
#15002=DIRECTION('ref_axis',(0.,0.866025403784439,0.5));
#15003=DIRECTION('',(0.,-0.866025403784439,-0.5));
#15004=DIRECTION('',(0.,0.866025403784439,0.5));
#15005=DIRECTION('',(1.,0.,0.));
#15006=DIRECTION('center_axis',(0.,-0.5,-0.866025403784439));
#15007=DIRECTION('ref_axis',(0.,0.866025403784439,-0.5));
#15008=DIRECTION('',(0.,-0.866025403784439,0.5));
#15009=DIRECTION('',(0.,0.866025403784439,-0.5));
#15010=DIRECTION('center_axis',(0.,-1.,0.));
#15011=DIRECTION('ref_axis',(0.,0.,-1.));
#15012=DIRECTION('',(0.,0.,1.));
#15013=DIRECTION('',(1.,0.,0.));
#15014=DIRECTION('',(0.,0.,-1.));
#15015=DIRECTION('',(1.,0.,0.));
#15016=DIRECTION('center_axis',(0.,-0.5,0.866025403784439));
#15017=DIRECTION('ref_axis',(0.,-0.866025403784439,-0.5));
#15018=DIRECTION('',(0.,0.866025403784439,0.5));
#15019=DIRECTION('',(0.,-0.866025403784439,-0.5));
#15020=DIRECTION('',(1.,0.,0.));
#15021=DIRECTION('center_axis',(0.,0.5,0.866025403784439));
#15022=DIRECTION('ref_axis',(0.,-0.866025403784439,0.5));
#15023=DIRECTION('',(0.,0.866025403784439,-0.5));
#15024=DIRECTION('',(0.,-0.866025403784439,0.5));
#15025=DIRECTION('',(-1.,0.,0.));
#15026=DIRECTION('center_axis',(0.,1.,0.));
#15027=DIRECTION('ref_axis',(0.,0.,1.));
#15028=DIRECTION('',(0.,0.,-1.));
#15029=DIRECTION('',(0.,0.,1.));
#15030=DIRECTION('',(1.,0.,0.));
#15031=DIRECTION('center_axis',(0.,0.5,-0.866025403784439));
#15032=DIRECTION('ref_axis',(0.,0.866025403784439,0.5));
#15033=DIRECTION('',(0.,-0.866025403784439,-0.5));
#15034=DIRECTION('',(0.,0.866025403784439,0.5));
#15035=DIRECTION('',(1.,0.,0.));
#15036=DIRECTION('center_axis',(0.,-0.5,-0.866025403784439));
#15037=DIRECTION('ref_axis',(0.,0.866025403784439,-0.5));
#15038=DIRECTION('',(0.,-0.866025403784439,0.5));
#15039=DIRECTION('',(0.,0.866025403784439,-0.5));
#15040=DIRECTION('center_axis',(0.,-1.,0.));
#15041=DIRECTION('ref_axis',(0.,0.,-1.));
#15042=DIRECTION('',(0.,0.,1.));
#15043=DIRECTION('',(1.,0.,0.));
#15044=DIRECTION('',(0.,0.,-1.));
#15045=DIRECTION('',(1.,0.,0.));
#15046=DIRECTION('center_axis',(0.,-0.5,0.866025403784439));
#15047=DIRECTION('ref_axis',(0.,-0.866025403784439,-0.5));
#15048=DIRECTION('',(0.,0.866025403784439,0.5));
#15049=DIRECTION('',(0.,-0.866025403784439,-0.5));
#15050=DIRECTION('',(1.,0.,0.));
#15051=DIRECTION('center_axis',(0.,0.5,0.866025403784439));
#15052=DIRECTION('ref_axis',(0.,-0.866025403784439,0.5));
#15053=DIRECTION('',(0.,0.866025403784439,-0.5));
#15054=DIRECTION('',(0.,-0.866025403784439,0.5));
#15055=DIRECTION('',(-1.,0.,0.));
#15056=DIRECTION('center_axis',(0.,1.,0.));
#15057=DIRECTION('ref_axis',(0.,0.,1.));
#15058=DIRECTION('',(0.,0.,-1.));
#15059=DIRECTION('',(0.,0.,1.));
#15060=DIRECTION('',(1.,0.,0.));
#15061=DIRECTION('center_axis',(0.,0.5,-0.866025403784439));
#15062=DIRECTION('ref_axis',(0.,0.866025403784439,0.5));
#15063=DIRECTION('',(0.,-0.866025403784439,-0.5));
#15064=DIRECTION('',(0.,0.866025403784439,0.5));
#15065=DIRECTION('',(1.,0.,0.));
#15066=DIRECTION('center_axis',(0.,-0.5,-0.866025403784439));
#15067=DIRECTION('ref_axis',(0.,0.866025403784439,-0.5));
#15068=DIRECTION('',(0.,-0.866025403784439,0.5));
#15069=DIRECTION('',(0.,0.866025403784439,-0.5));
#15070=DIRECTION('center_axis',(0.,-1.,0.));
#15071=DIRECTION('ref_axis',(0.,0.,-1.));
#15072=DIRECTION('',(0.,0.,1.));
#15073=DIRECTION('',(1.,0.,0.));
#15074=DIRECTION('',(0.,0.,-1.));
#15075=DIRECTION('',(1.,0.,0.));
#15076=DIRECTION('center_axis',(0.,-0.5,0.866025403784439));
#15077=DIRECTION('ref_axis',(0.,-0.866025403784439,-0.5));
#15078=DIRECTION('',(0.,0.866025403784439,0.5));
#15079=DIRECTION('',(0.,-0.866025403784439,-0.5));
#15080=DIRECTION('',(1.,0.,0.));
#15081=DIRECTION('center_axis',(0.,0.5,0.866025403784439));
#15082=DIRECTION('ref_axis',(0.,-0.866025403784439,0.5));
#15083=DIRECTION('',(0.,0.866025403784439,-0.5));
#15084=DIRECTION('',(0.,-0.866025403784439,0.5));
#15085=DIRECTION('',(-1.,0.,0.));
#15086=DIRECTION('center_axis',(0.,1.,0.));
#15087=DIRECTION('ref_axis',(0.,0.,1.));
#15088=DIRECTION('',(0.,0.,-1.));
#15089=DIRECTION('',(0.,0.,1.));
#15090=DIRECTION('',(1.,0.,0.));
#15091=DIRECTION('center_axis',(0.,0.5,-0.866025403784439));
#15092=DIRECTION('ref_axis',(0.,0.866025403784439,0.5));
#15093=DIRECTION('',(0.,-0.866025403784439,-0.5));
#15094=DIRECTION('',(0.,0.866025403784439,0.5));
#15095=DIRECTION('',(1.,0.,0.));
#15096=DIRECTION('center_axis',(0.,-0.5,-0.866025403784439));
#15097=DIRECTION('ref_axis',(0.,0.866025403784439,-0.5));
#15098=DIRECTION('',(0.,-0.866025403784439,0.5));
#15099=DIRECTION('',(0.,0.866025403784439,-0.5));
#15100=DIRECTION('center_axis',(0.,-1.,0.));
#15101=DIRECTION('ref_axis',(0.,0.,-1.));
#15102=DIRECTION('',(0.,0.,1.));
#15103=DIRECTION('',(1.,0.,0.));
#15104=DIRECTION('',(0.,0.,-1.));
#15105=DIRECTION('',(1.,0.,0.));
#15106=DIRECTION('center_axis',(0.,-0.5,0.866025403784439));
#15107=DIRECTION('ref_axis',(0.,-0.866025403784439,-0.5));
#15108=DIRECTION('',(0.,0.866025403784439,0.5));
#15109=DIRECTION('',(0.,-0.866025403784439,-0.5));
#15110=DIRECTION('',(1.,0.,0.));
#15111=DIRECTION('center_axis',(0.,0.5,0.866025403784439));
#15112=DIRECTION('ref_axis',(0.,-0.866025403784439,0.5));
#15113=DIRECTION('',(0.,0.866025403784439,-0.5));
#15114=DIRECTION('',(0.,-0.866025403784439,0.5));
#15115=DIRECTION('',(-1.,0.,0.));
#15116=DIRECTION('center_axis',(0.,1.,0.));
#15117=DIRECTION('ref_axis',(0.,0.,1.));
#15118=DIRECTION('',(0.,0.,-1.));
#15119=DIRECTION('',(0.,0.,1.));
#15120=DIRECTION('',(1.,0.,0.));
#15121=DIRECTION('center_axis',(0.,0.5,-0.866025403784439));
#15122=DIRECTION('ref_axis',(0.,0.866025403784439,0.5));
#15123=DIRECTION('',(0.,-0.866025403784439,-0.5));
#15124=DIRECTION('',(0.,0.866025403784439,0.5));
#15125=DIRECTION('',(1.,0.,0.));
#15126=DIRECTION('center_axis',(0.,-0.5,-0.866025403784439));
#15127=DIRECTION('ref_axis',(0.,0.866025403784439,-0.5));
#15128=DIRECTION('',(0.,-0.866025403784439,0.5));
#15129=DIRECTION('',(0.,0.866025403784439,-0.5));
#15130=DIRECTION('center_axis',(0.,-1.,0.));
#15131=DIRECTION('ref_axis',(0.,0.,-1.));
#15132=DIRECTION('',(0.,0.,1.));
#15133=DIRECTION('',(1.,0.,0.));
#15134=DIRECTION('',(0.,0.,-1.));
#15135=DIRECTION('',(1.,0.,0.));
#15136=DIRECTION('center_axis',(0.,-0.5,0.866025403784439));
#15137=DIRECTION('ref_axis',(0.,-0.866025403784439,-0.5));
#15138=DIRECTION('',(0.,0.866025403784439,0.5));
#15139=DIRECTION('',(0.,-0.866025403784439,-0.5));
#15140=DIRECTION('',(1.,0.,0.));
#15141=DIRECTION('center_axis',(0.,0.5,0.866025403784439));
#15142=DIRECTION('ref_axis',(0.,-0.866025403784439,0.5));
#15143=DIRECTION('',(0.,0.866025403784439,-0.5));
#15144=DIRECTION('',(0.,-0.866025403784439,0.5));
#15145=DIRECTION('',(-1.,0.,0.));
#15146=DIRECTION('center_axis',(0.,1.,0.));
#15147=DIRECTION('ref_axis',(0.,0.,1.));
#15148=DIRECTION('',(0.,0.,-1.));
#15149=DIRECTION('',(0.,0.,1.));
#15150=DIRECTION('',(1.,0.,0.));
#15151=DIRECTION('center_axis',(0.,0.5,-0.866025403784439));
#15152=DIRECTION('ref_axis',(0.,0.866025403784439,0.5));
#15153=DIRECTION('',(0.,-0.866025403784439,-0.5));
#15154=DIRECTION('',(0.,0.866025403784439,0.5));
#15155=DIRECTION('',(1.,0.,0.));
#15156=DIRECTION('center_axis',(0.,-0.5,-0.866025403784439));
#15157=DIRECTION('ref_axis',(0.,0.866025403784439,-0.5));
#15158=DIRECTION('',(0.,-0.866025403784439,0.5));
#15159=DIRECTION('',(0.,0.866025403784439,-0.5));
#15160=DIRECTION('center_axis',(0.,-1.,0.));
#15161=DIRECTION('ref_axis',(0.,0.,-1.));
#15162=DIRECTION('',(0.,0.,1.));
#15163=DIRECTION('',(1.,0.,0.));
#15164=DIRECTION('',(0.,0.,-1.));
#15165=DIRECTION('',(1.,0.,0.));
#15166=DIRECTION('center_axis',(0.,-0.5,0.866025403784439));
#15167=DIRECTION('ref_axis',(0.,-0.866025403784439,-0.5));
#15168=DIRECTION('',(0.,0.866025403784439,0.5));
#15169=DIRECTION('',(0.,-0.866025403784439,-0.5));
#15170=DIRECTION('',(1.,0.,0.));
#15171=DIRECTION('center_axis',(0.,0.5,0.866025403784439));
#15172=DIRECTION('ref_axis',(0.,-0.866025403784439,0.5));
#15173=DIRECTION('',(0.,0.866025403784439,-0.5));
#15174=DIRECTION('',(0.,-0.866025403784439,0.5));
#15175=DIRECTION('',(-1.,0.,0.));
#15176=DIRECTION('center_axis',(0.,1.,0.));
#15177=DIRECTION('ref_axis',(0.,0.,1.));
#15178=DIRECTION('',(0.,0.,-1.));
#15179=DIRECTION('',(0.,0.,1.));
#15180=DIRECTION('',(1.,0.,0.));
#15181=DIRECTION('center_axis',(0.,0.5,-0.866025403784439));
#15182=DIRECTION('ref_axis',(0.,0.866025403784439,0.5));
#15183=DIRECTION('',(0.,-0.866025403784439,-0.5));
#15184=DIRECTION('',(0.,0.866025403784439,0.5));
#15185=DIRECTION('',(1.,0.,0.));
#15186=DIRECTION('center_axis',(0.,-0.5,-0.866025403784439));
#15187=DIRECTION('ref_axis',(0.,0.866025403784439,-0.5));
#15188=DIRECTION('',(0.,-0.866025403784439,0.5));
#15189=DIRECTION('',(0.,0.866025403784439,-0.5));
#15190=DIRECTION('center_axis',(0.,-1.,0.));
#15191=DIRECTION('ref_axis',(0.,0.,-1.));
#15192=DIRECTION('',(0.,0.,1.));
#15193=DIRECTION('',(1.,0.,0.));
#15194=DIRECTION('',(0.,0.,-1.));
#15195=DIRECTION('',(1.,0.,0.));
#15196=DIRECTION('center_axis',(0.,-0.5,0.866025403784439));
#15197=DIRECTION('ref_axis',(0.,-0.866025403784439,-0.5));
#15198=DIRECTION('',(0.,0.866025403784439,0.5));
#15199=DIRECTION('',(0.,-0.866025403784439,-0.5));
#15200=DIRECTION('',(1.,0.,0.));
#15201=DIRECTION('center_axis',(0.,0.5,0.866025403784439));
#15202=DIRECTION('ref_axis',(0.,-0.866025403784439,0.5));
#15203=DIRECTION('',(0.,0.866025403784439,-0.5));
#15204=DIRECTION('',(0.,-0.866025403784439,0.5));
#15205=DIRECTION('',(-1.,0.,0.));
#15206=DIRECTION('center_axis',(0.,1.,0.));
#15207=DIRECTION('ref_axis',(0.,0.,1.));
#15208=DIRECTION('',(0.,0.,-1.));
#15209=DIRECTION('',(0.,0.,1.));
#15210=DIRECTION('',(1.,0.,0.));
#15211=DIRECTION('center_axis',(0.,0.5,-0.866025403784439));
#15212=DIRECTION('ref_axis',(0.,0.866025403784439,0.5));
#15213=DIRECTION('',(0.,-0.866025403784439,-0.5));
#15214=DIRECTION('',(0.,0.866025403784439,0.5));
#15215=DIRECTION('',(1.,0.,0.));
#15216=DIRECTION('center_axis',(0.,-0.5,-0.866025403784439));
#15217=DIRECTION('ref_axis',(0.,0.866025403784439,-0.5));
#15218=DIRECTION('',(0.,-0.866025403784439,0.5));
#15219=DIRECTION('',(0.,0.866025403784439,-0.5));
#15220=DIRECTION('center_axis',(0.,-1.,0.));
#15221=DIRECTION('ref_axis',(0.,0.,-1.));
#15222=DIRECTION('',(0.,0.,1.));
#15223=DIRECTION('',(1.,0.,0.));
#15224=DIRECTION('',(0.,0.,-1.));
#15225=DIRECTION('',(1.,0.,0.));
#15226=DIRECTION('center_axis',(0.,-0.5,0.866025403784439));
#15227=DIRECTION('ref_axis',(0.,-0.866025403784439,-0.5));
#15228=DIRECTION('',(0.,0.866025403784439,0.5));
#15229=DIRECTION('',(0.,-0.866025403784439,-0.5));
#15230=DIRECTION('',(1.,0.,0.));
#15231=DIRECTION('center_axis',(0.,0.5,0.866025403784439));
#15232=DIRECTION('ref_axis',(0.,-0.866025403784439,0.5));
#15233=DIRECTION('',(0.,0.866025403784439,-0.5));
#15234=DIRECTION('',(0.,-0.866025403784439,0.5));
#15235=DIRECTION('',(-1.,0.,0.));
#15236=DIRECTION('center_axis',(0.,1.,0.));
#15237=DIRECTION('ref_axis',(0.,0.,1.));
#15238=DIRECTION('',(0.,0.,-1.));
#15239=DIRECTION('',(0.,0.,1.));
#15240=DIRECTION('',(1.,0.,0.));
#15241=DIRECTION('center_axis',(0.,0.5,-0.866025403784439));
#15242=DIRECTION('ref_axis',(0.,0.866025403784439,0.5));
#15243=DIRECTION('',(0.,-0.866025403784439,-0.5));
#15244=DIRECTION('',(0.,0.866025403784439,0.5));
#15245=DIRECTION('',(1.,0.,0.));
#15246=DIRECTION('center_axis',(0.,-0.5,-0.866025403784439));
#15247=DIRECTION('ref_axis',(0.,0.866025403784439,-0.5));
#15248=DIRECTION('',(0.,-0.866025403784439,0.5));
#15249=DIRECTION('',(0.,0.866025403784439,-0.5));
#15250=DIRECTION('center_axis',(0.,-1.,0.));
#15251=DIRECTION('ref_axis',(0.,0.,-1.));
#15252=DIRECTION('',(0.,0.,1.));
#15253=DIRECTION('',(1.,0.,0.));
#15254=DIRECTION('',(0.,0.,-1.));
#15255=DIRECTION('',(1.,0.,0.));
#15256=DIRECTION('center_axis',(0.,-0.5,0.866025403784438));
#15257=DIRECTION('ref_axis',(0.,-0.866025403784438,-0.5));
#15258=DIRECTION('',(0.,0.866025403784438,0.5));
#15259=DIRECTION('',(0.,-0.866025403784438,-0.5));
#15260=DIRECTION('',(1.,0.,0.));
#15261=DIRECTION('center_axis',(0.,0.5,0.866025403784438));
#15262=DIRECTION('ref_axis',(0.,-0.866025403784438,0.5));
#15263=DIRECTION('',(0.,0.866025403784438,-0.5));
#15264=DIRECTION('',(0.,-0.866025403784438,0.5));
#15265=DIRECTION('',(-1.,0.,0.));
#15266=DIRECTION('center_axis',(0.,1.,0.));
#15267=DIRECTION('ref_axis',(0.,0.,1.));
#15268=DIRECTION('',(0.,0.,-1.));
#15269=DIRECTION('',(0.,0.,1.));
#15270=DIRECTION('',(1.,0.,0.));
#15271=DIRECTION('center_axis',(0.,0.5,-0.866025403784439));
#15272=DIRECTION('ref_axis',(0.,0.866025403784439,0.5));
#15273=DIRECTION('',(0.,-0.866025403784439,-0.5));
#15274=DIRECTION('',(0.,0.866025403784439,0.5));
#15275=DIRECTION('',(1.,0.,0.));
#15276=DIRECTION('center_axis',(0.,-0.5,-0.866025403784439));
#15277=DIRECTION('ref_axis',(0.,0.866025403784439,-0.5));
#15278=DIRECTION('',(0.,-0.866025403784439,0.5));
#15279=DIRECTION('',(0.,0.866025403784439,-0.5));
#15280=DIRECTION('center_axis',(0.,-1.,0.));
#15281=DIRECTION('ref_axis',(0.,0.,-1.));
#15282=DIRECTION('',(0.,0.,1.));
#15283=DIRECTION('',(1.,0.,0.));
#15284=DIRECTION('',(0.,0.,-1.));
#15285=DIRECTION('',(1.,0.,0.));
#15286=DIRECTION('center_axis',(0.,-0.5,0.866025403784438));
#15287=DIRECTION('ref_axis',(0.,-0.866025403784438,-0.5));
#15288=DIRECTION('',(0.,0.866025403784438,0.5));
#15289=DIRECTION('',(0.,-0.866025403784438,-0.5));
#15290=DIRECTION('',(1.,0.,0.));
#15291=DIRECTION('center_axis',(0.,0.5,0.866025403784438));
#15292=DIRECTION('ref_axis',(0.,-0.866025403784438,0.5));
#15293=DIRECTION('',(0.,0.866025403784438,-0.5));
#15294=DIRECTION('',(0.,-0.866025403784438,0.5));
#15295=DIRECTION('',(-1.,0.,0.));
#15296=DIRECTION('center_axis',(0.,1.,0.));
#15297=DIRECTION('ref_axis',(0.,0.,1.));
#15298=DIRECTION('',(0.,0.,-1.));
#15299=DIRECTION('',(0.,0.,1.));
#15300=DIRECTION('',(1.,0.,0.));
#15301=DIRECTION('center_axis',(0.,0.5,-0.866025403784439));
#15302=DIRECTION('ref_axis',(0.,0.866025403784439,0.5));
#15303=DIRECTION('',(0.,-0.866025403784439,-0.5));
#15304=DIRECTION('',(0.,0.866025403784439,0.5));
#15305=DIRECTION('',(1.,0.,0.));
#15306=DIRECTION('center_axis',(0.,-0.5,-0.866025403784439));
#15307=DIRECTION('ref_axis',(0.,0.866025403784439,-0.5));
#15308=DIRECTION('',(0.,-0.866025403784439,0.5));
#15309=DIRECTION('',(0.,0.866025403784439,-0.5));
#15310=DIRECTION('center_axis',(0.,-1.,0.));
#15311=DIRECTION('ref_axis',(0.,0.,-1.));
#15312=DIRECTION('',(0.,0.,1.));
#15313=DIRECTION('',(1.,0.,0.));
#15314=DIRECTION('',(0.,0.,-1.));
#15315=DIRECTION('',(1.,0.,0.));
#15316=DIRECTION('center_axis',(0.,-0.5,0.866025403784438));
#15317=DIRECTION('ref_axis',(0.,-0.866025403784438,-0.5));
#15318=DIRECTION('',(0.,0.866025403784438,0.5));
#15319=DIRECTION('',(0.,-0.866025403784438,-0.5));
#15320=DIRECTION('',(1.,0.,0.));
#15321=DIRECTION('center_axis',(0.,0.5,0.866025403784438));
#15322=DIRECTION('ref_axis',(0.,-0.866025403784438,0.5));
#15323=DIRECTION('',(0.,0.866025403784438,-0.5));
#15324=DIRECTION('',(0.,-0.866025403784438,0.5));
#15325=DIRECTION('',(-1.,0.,0.));
#15326=DIRECTION('center_axis',(0.,1.,0.));
#15327=DIRECTION('ref_axis',(0.,0.,1.));
#15328=DIRECTION('',(0.,0.,-1.));
#15329=DIRECTION('',(0.,0.,1.));
#15330=DIRECTION('',(1.,0.,0.));
#15331=DIRECTION('center_axis',(0.,0.5,-0.866025403784439));
#15332=DIRECTION('ref_axis',(0.,0.866025403784439,0.5));
#15333=DIRECTION('',(0.,-0.866025403784439,-0.5));
#15334=DIRECTION('',(0.,0.866025403784439,0.5));
#15335=DIRECTION('',(1.,0.,0.));
#15336=DIRECTION('center_axis',(0.,-0.5,-0.866025403784439));
#15337=DIRECTION('ref_axis',(0.,0.866025403784439,-0.5));
#15338=DIRECTION('',(0.,-0.866025403784439,0.5));
#15339=DIRECTION('',(0.,0.866025403784439,-0.5));
#15340=DIRECTION('center_axis',(-0.5,0.,-0.866025403784439));
#15341=DIRECTION('ref_axis',(-0.866025403784439,0.,0.5));
#15342=DIRECTION('',(0.866025403784439,0.,-0.5));
#15343=DIRECTION('',(0.,1.,0.));
#15344=DIRECTION('',(-0.866025403784439,0.,0.5));
#15345=DIRECTION('',(0.,1.,0.));
#15346=DIRECTION('center_axis',(0.5,0.,-0.866025403784439));
#15347=DIRECTION('ref_axis',(-0.866025403784439,0.,-0.5));
#15348=DIRECTION('',(0.866025403784439,0.,0.5));
#15349=DIRECTION('',(-0.866025403784439,0.,-0.5));
#15350=DIRECTION('',(0.,1.,0.));
#15351=DIRECTION('center_axis',(1.,0.,0.));
#15352=DIRECTION('ref_axis',(0.,0.,-1.));
#15353=DIRECTION('',(0.,0.,1.));
#15354=DIRECTION('',(0.,0.,-1.));
#15355=DIRECTION('',(0.,-1.,0.));
#15356=DIRECTION('center_axis',(0.5,0.,0.866025403784438));
#15357=DIRECTION('ref_axis',(0.866025403784438,0.,-0.5));
#15358=DIRECTION('',(-0.866025403784438,0.,0.5));
#15359=DIRECTION('',(0.866025403784438,0.,-0.5));
#15360=DIRECTION('',(0.,1.,0.));
#15361=DIRECTION('center_axis',(-0.5,0.,0.866025403784438));
#15362=DIRECTION('ref_axis',(0.866025403784438,0.,0.5));
#15363=DIRECTION('',(-0.866025403784438,0.,-0.5));
#15364=DIRECTION('',(0.866025403784438,0.,0.5));
#15365=DIRECTION('',(0.,1.,0.));
#15366=DIRECTION('center_axis',(-1.,0.,0.));
#15367=DIRECTION('ref_axis',(0.,0.,1.));
#15368=DIRECTION('',(0.,0.,-1.));
#15369=DIRECTION('',(0.,0.,1.));
#15370=DIRECTION('center_axis',(-0.5,0.,-0.866025403784439));
#15371=DIRECTION('ref_axis',(-0.866025403784439,0.,0.5));
#15372=DIRECTION('',(0.866025403784439,0.,-0.5));
#15373=DIRECTION('',(0.,1.,0.));
#15374=DIRECTION('',(-0.866025403784439,0.,0.5));
#15375=DIRECTION('',(0.,1.,0.));
#15376=DIRECTION('center_axis',(0.5,0.,-0.866025403784439));
#15377=DIRECTION('ref_axis',(-0.866025403784439,0.,-0.5));
#15378=DIRECTION('',(0.866025403784439,0.,0.5));
#15379=DIRECTION('',(-0.866025403784439,0.,-0.5));
#15380=DIRECTION('',(0.,1.,0.));
#15381=DIRECTION('center_axis',(1.,0.,0.));
#15382=DIRECTION('ref_axis',(0.,0.,-1.));
#15383=DIRECTION('',(0.,0.,1.));
#15384=DIRECTION('',(0.,0.,-1.));
#15385=DIRECTION('',(0.,-1.,0.));
#15386=DIRECTION('center_axis',(0.5,0.,0.866025403784438));
#15387=DIRECTION('ref_axis',(0.866025403784438,0.,-0.5));
#15388=DIRECTION('',(-0.866025403784438,0.,0.5));
#15389=DIRECTION('',(0.866025403784438,0.,-0.5));
#15390=DIRECTION('',(0.,1.,0.));
#15391=DIRECTION('center_axis',(-0.5,0.,0.866025403784438));
#15392=DIRECTION('ref_axis',(0.866025403784438,0.,0.5));
#15393=DIRECTION('',(-0.866025403784438,0.,-0.5));
#15394=DIRECTION('',(0.866025403784438,0.,0.5));
#15395=DIRECTION('',(0.,1.,0.));
#15396=DIRECTION('center_axis',(-1.,0.,0.));
#15397=DIRECTION('ref_axis',(0.,0.,1.));
#15398=DIRECTION('',(0.,0.,-1.));
#15399=DIRECTION('',(0.,0.,1.));
#15400=DIRECTION('center_axis',(-0.5,0.,-0.866025403784439));
#15401=DIRECTION('ref_axis',(-0.866025403784439,0.,0.5));
#15402=DIRECTION('',(0.866025403784439,0.,-0.5));
#15403=DIRECTION('',(0.,1.,0.));
#15404=DIRECTION('',(-0.866025403784439,0.,0.5));
#15405=DIRECTION('',(0.,1.,0.));
#15406=DIRECTION('center_axis',(0.5,0.,-0.866025403784439));
#15407=DIRECTION('ref_axis',(-0.866025403784439,0.,-0.5));
#15408=DIRECTION('',(0.866025403784439,0.,0.5));
#15409=DIRECTION('',(-0.866025403784439,0.,-0.5));
#15410=DIRECTION('',(0.,1.,0.));
#15411=DIRECTION('center_axis',(1.,0.,0.));
#15412=DIRECTION('ref_axis',(0.,0.,-1.));
#15413=DIRECTION('',(0.,0.,1.));
#15414=DIRECTION('',(0.,0.,-1.));
#15415=DIRECTION('',(0.,-1.,0.));
#15416=DIRECTION('center_axis',(0.5,0.,0.866025403784438));
#15417=DIRECTION('ref_axis',(0.866025403784438,0.,-0.5));
#15418=DIRECTION('',(-0.866025403784438,0.,0.5));
#15419=DIRECTION('',(0.866025403784438,0.,-0.5));
#15420=DIRECTION('',(0.,1.,0.));
#15421=DIRECTION('center_axis',(-0.5,0.,0.866025403784438));
#15422=DIRECTION('ref_axis',(0.866025403784438,0.,0.5));
#15423=DIRECTION('',(-0.866025403784438,0.,-0.5));
#15424=DIRECTION('',(0.866025403784438,0.,0.5));
#15425=DIRECTION('',(0.,1.,0.));
#15426=DIRECTION('center_axis',(-1.,0.,0.));
#15427=DIRECTION('ref_axis',(0.,0.,1.));
#15428=DIRECTION('',(0.,0.,-1.));
#15429=DIRECTION('',(0.,0.,1.));
#15430=DIRECTION('center_axis',(-0.5,0.,-0.866025403784439));
#15431=DIRECTION('ref_axis',(-0.866025403784439,0.,0.5));
#15432=DIRECTION('',(0.866025403784439,0.,-0.5));
#15433=DIRECTION('',(0.,1.,0.));
#15434=DIRECTION('',(-0.866025403784439,0.,0.5));
#15435=DIRECTION('',(0.,1.,0.));
#15436=DIRECTION('center_axis',(0.5,0.,-0.866025403784439));
#15437=DIRECTION('ref_axis',(-0.866025403784439,0.,-0.5));
#15438=DIRECTION('',(0.866025403784439,0.,0.5));
#15439=DIRECTION('',(-0.866025403784439,0.,-0.5));
#15440=DIRECTION('',(0.,1.,0.));
#15441=DIRECTION('center_axis',(1.,0.,0.));
#15442=DIRECTION('ref_axis',(0.,0.,-1.));
#15443=DIRECTION('',(0.,0.,1.));
#15444=DIRECTION('',(0.,0.,-1.));
#15445=DIRECTION('',(0.,-1.,0.));
#15446=DIRECTION('center_axis',(0.5,0.,0.866025403784438));
#15447=DIRECTION('ref_axis',(0.866025403784438,0.,-0.5));
#15448=DIRECTION('',(-0.866025403784438,0.,0.5));
#15449=DIRECTION('',(0.866025403784438,0.,-0.5));
#15450=DIRECTION('',(0.,1.,0.));
#15451=DIRECTION('center_axis',(-0.5,0.,0.866025403784438));
#15452=DIRECTION('ref_axis',(0.866025403784438,0.,0.5));
#15453=DIRECTION('',(-0.866025403784438,0.,-0.5));
#15454=DIRECTION('',(0.866025403784438,0.,0.5));
#15455=DIRECTION('',(0.,1.,0.));
#15456=DIRECTION('center_axis',(-1.,0.,0.));
#15457=DIRECTION('ref_axis',(0.,0.,1.));
#15458=DIRECTION('',(0.,0.,-1.));
#15459=DIRECTION('',(0.,0.,1.));
#15460=DIRECTION('center_axis',(-0.5,0.,-0.866025403784439));
#15461=DIRECTION('ref_axis',(-0.866025403784439,0.,0.5));
#15462=DIRECTION('',(0.866025403784439,0.,-0.5));
#15463=DIRECTION('',(0.,1.,0.));
#15464=DIRECTION('',(-0.866025403784439,0.,0.5));
#15465=DIRECTION('',(0.,1.,0.));
#15466=DIRECTION('center_axis',(0.5,0.,-0.866025403784439));
#15467=DIRECTION('ref_axis',(-0.866025403784439,0.,-0.5));
#15468=DIRECTION('',(0.866025403784439,0.,0.5));
#15469=DIRECTION('',(-0.866025403784439,0.,-0.5));
#15470=DIRECTION('',(0.,1.,0.));
#15471=DIRECTION('center_axis',(1.,0.,0.));
#15472=DIRECTION('ref_axis',(0.,0.,-1.));
#15473=DIRECTION('',(0.,0.,1.));
#15474=DIRECTION('',(0.,0.,-1.));
#15475=DIRECTION('',(0.,-1.,0.));
#15476=DIRECTION('center_axis',(0.5,0.,0.866025403784438));
#15477=DIRECTION('ref_axis',(0.866025403784438,0.,-0.5));
#15478=DIRECTION('',(-0.866025403784438,0.,0.5));
#15479=DIRECTION('',(0.866025403784438,0.,-0.5));
#15480=DIRECTION('',(0.,1.,0.));
#15481=DIRECTION('center_axis',(-0.5,0.,0.866025403784438));
#15482=DIRECTION('ref_axis',(0.866025403784438,0.,0.5));
#15483=DIRECTION('',(-0.866025403784438,0.,-0.5));
#15484=DIRECTION('',(0.866025403784438,0.,0.5));
#15485=DIRECTION('',(0.,1.,0.));
#15486=DIRECTION('center_axis',(-1.,0.,0.));
#15487=DIRECTION('ref_axis',(0.,0.,1.));
#15488=DIRECTION('',(0.,0.,-1.));
#15489=DIRECTION('',(0.,0.,1.));
#15490=DIRECTION('center_axis',(-0.5,0.,-0.866025403784439));
#15491=DIRECTION('ref_axis',(-0.866025403784439,0.,0.5));
#15492=DIRECTION('',(0.866025403784439,0.,-0.5));
#15493=DIRECTION('',(0.,1.,0.));
#15494=DIRECTION('',(-0.866025403784439,0.,0.5));
#15495=DIRECTION('',(0.,1.,0.));
#15496=DIRECTION('center_axis',(0.5,0.,-0.866025403784439));
#15497=DIRECTION('ref_axis',(-0.866025403784439,0.,-0.5));
#15498=DIRECTION('',(0.866025403784439,0.,0.5));
#15499=DIRECTION('',(-0.866025403784439,0.,-0.5));
#15500=DIRECTION('',(0.,1.,0.));
#15501=DIRECTION('center_axis',(1.,0.,0.));
#15502=DIRECTION('ref_axis',(0.,0.,-1.));
#15503=DIRECTION('',(0.,0.,1.));
#15504=DIRECTION('',(0.,0.,-1.));
#15505=DIRECTION('',(0.,-1.,0.));
#15506=DIRECTION('center_axis',(0.5,0.,0.866025403784438));
#15507=DIRECTION('ref_axis',(0.866025403784438,0.,-0.5));
#15508=DIRECTION('',(-0.866025403784438,0.,0.5));
#15509=DIRECTION('',(0.866025403784438,0.,-0.5));
#15510=DIRECTION('',(0.,1.,0.));
#15511=DIRECTION('center_axis',(-0.5,0.,0.866025403784438));
#15512=DIRECTION('ref_axis',(0.866025403784438,0.,0.5));
#15513=DIRECTION('',(-0.866025403784438,0.,-0.5));
#15514=DIRECTION('',(0.866025403784438,0.,0.5));
#15515=DIRECTION('',(0.,1.,0.));
#15516=DIRECTION('center_axis',(-1.,0.,0.));
#15517=DIRECTION('ref_axis',(0.,0.,1.));
#15518=DIRECTION('',(0.,0.,-1.));
#15519=DIRECTION('',(0.,0.,1.));
#15520=DIRECTION('center_axis',(-0.5,0.,-0.866025403784439));
#15521=DIRECTION('ref_axis',(-0.866025403784439,0.,0.5));
#15522=DIRECTION('',(0.866025403784439,0.,-0.5));
#15523=DIRECTION('',(0.,1.,0.));
#15524=DIRECTION('',(-0.866025403784439,0.,0.5));
#15525=DIRECTION('',(0.,1.,0.));
#15526=DIRECTION('center_axis',(0.5,0.,-0.866025403784439));
#15527=DIRECTION('ref_axis',(-0.866025403784439,0.,-0.5));
#15528=DIRECTION('',(0.866025403784439,0.,0.5));
#15529=DIRECTION('',(-0.866025403784439,0.,-0.5));
#15530=DIRECTION('',(0.,1.,0.));
#15531=DIRECTION('center_axis',(1.,0.,0.));
#15532=DIRECTION('ref_axis',(0.,0.,-1.));
#15533=DIRECTION('',(0.,0.,1.));
#15534=DIRECTION('',(0.,0.,-1.));
#15535=DIRECTION('',(0.,-1.,0.));
#15536=DIRECTION('center_axis',(0.5,0.,0.866025403784439));
#15537=DIRECTION('ref_axis',(0.866025403784439,0.,-0.5));
#15538=DIRECTION('',(-0.866025403784439,0.,0.5));
#15539=DIRECTION('',(0.866025403784439,0.,-0.5));
#15540=DIRECTION('',(0.,1.,0.));
#15541=DIRECTION('center_axis',(-0.5,0.,0.866025403784439));
#15542=DIRECTION('ref_axis',(0.866025403784439,0.,0.5));
#15543=DIRECTION('',(-0.866025403784439,0.,-0.5));
#15544=DIRECTION('',(0.866025403784439,0.,0.5));
#15545=DIRECTION('',(0.,1.,0.));
#15546=DIRECTION('center_axis',(-1.,0.,0.));
#15547=DIRECTION('ref_axis',(0.,0.,1.));
#15548=DIRECTION('',(0.,0.,-1.));
#15549=DIRECTION('',(0.,0.,1.));
#15550=DIRECTION('center_axis',(-0.5,0.,-0.866025403784439));
#15551=DIRECTION('ref_axis',(-0.866025403784439,0.,0.5));
#15552=DIRECTION('',(0.866025403784439,0.,-0.5));
#15553=DIRECTION('',(0.,1.,0.));
#15554=DIRECTION('',(-0.866025403784439,0.,0.5));
#15555=DIRECTION('',(0.,1.,0.));
#15556=DIRECTION('center_axis',(0.5,0.,-0.866025403784439));
#15557=DIRECTION('ref_axis',(-0.866025403784439,0.,-0.5));
#15558=DIRECTION('',(0.866025403784439,0.,0.5));
#15559=DIRECTION('',(-0.866025403784439,0.,-0.5));
#15560=DIRECTION('',(0.,1.,0.));
#15561=DIRECTION('center_axis',(1.,0.,0.));
#15562=DIRECTION('ref_axis',(0.,0.,-1.));
#15563=DIRECTION('',(0.,0.,1.));
#15564=DIRECTION('',(0.,0.,-1.));
#15565=DIRECTION('',(0.,-1.,0.));
#15566=DIRECTION('center_axis',(0.5,0.,0.866025403784439));
#15567=DIRECTION('ref_axis',(0.866025403784439,0.,-0.5));
#15568=DIRECTION('',(-0.866025403784439,0.,0.5));
#15569=DIRECTION('',(0.866025403784439,0.,-0.5));
#15570=DIRECTION('',(0.,1.,0.));
#15571=DIRECTION('center_axis',(-0.5,0.,0.866025403784439));
#15572=DIRECTION('ref_axis',(0.866025403784439,0.,0.5));
#15573=DIRECTION('',(-0.866025403784439,0.,-0.5));
#15574=DIRECTION('',(0.866025403784439,0.,0.5));
#15575=DIRECTION('',(0.,1.,0.));
#15576=DIRECTION('center_axis',(-1.,0.,0.));
#15577=DIRECTION('ref_axis',(0.,0.,1.));
#15578=DIRECTION('',(0.,0.,-1.));
#15579=DIRECTION('',(0.,0.,1.));
#15580=DIRECTION('center_axis',(-0.5,0.,-0.866025403784439));
#15581=DIRECTION('ref_axis',(-0.866025403784439,0.,0.5));
#15582=DIRECTION('',(0.866025403784439,0.,-0.5));
#15583=DIRECTION('',(0.,1.,0.));
#15584=DIRECTION('',(-0.866025403784439,0.,0.5));
#15585=DIRECTION('',(0.,1.,0.));
#15586=DIRECTION('center_axis',(0.5,0.,-0.866025403784439));
#15587=DIRECTION('ref_axis',(-0.866025403784439,0.,-0.5));
#15588=DIRECTION('',(0.866025403784439,0.,0.5));
#15589=DIRECTION('',(-0.866025403784439,0.,-0.5));
#15590=DIRECTION('',(0.,1.,0.));
#15591=DIRECTION('center_axis',(1.,0.,0.));
#15592=DIRECTION('ref_axis',(0.,0.,-1.));
#15593=DIRECTION('',(0.,0.,1.));
#15594=DIRECTION('',(0.,0.,-1.));
#15595=DIRECTION('',(0.,-1.,0.));
#15596=DIRECTION('center_axis',(0.5,0.,0.866025403784439));
#15597=DIRECTION('ref_axis',(0.866025403784439,0.,-0.5));
#15598=DIRECTION('',(-0.866025403784439,0.,0.5));
#15599=DIRECTION('',(0.866025403784439,0.,-0.5));
#15600=DIRECTION('',(0.,1.,0.));
#15601=DIRECTION('center_axis',(-0.5,0.,0.866025403784439));
#15602=DIRECTION('ref_axis',(0.866025403784439,0.,0.5));
#15603=DIRECTION('',(-0.866025403784439,0.,-0.5));
#15604=DIRECTION('',(0.866025403784439,0.,0.5));
#15605=DIRECTION('',(0.,1.,0.));
#15606=DIRECTION('center_axis',(-1.,0.,0.));
#15607=DIRECTION('ref_axis',(0.,0.,1.));
#15608=DIRECTION('',(0.,0.,-1.));
#15609=DIRECTION('',(0.,0.,1.));
#15610=DIRECTION('center_axis',(-0.5,0.,-0.866025403784439));
#15611=DIRECTION('ref_axis',(-0.866025403784439,0.,0.5));
#15612=DIRECTION('',(0.866025403784439,0.,-0.5));
#15613=DIRECTION('',(0.,1.,0.));
#15614=DIRECTION('',(-0.866025403784439,0.,0.5));
#15615=DIRECTION('',(0.,1.,0.));
#15616=DIRECTION('center_axis',(0.5,0.,-0.866025403784439));
#15617=DIRECTION('ref_axis',(-0.866025403784439,0.,-0.5));
#15618=DIRECTION('',(0.866025403784439,0.,0.5));
#15619=DIRECTION('',(-0.866025403784439,0.,-0.5));
#15620=DIRECTION('',(0.,1.,0.));
#15621=DIRECTION('center_axis',(1.,0.,0.));
#15622=DIRECTION('ref_axis',(0.,0.,-1.));
#15623=DIRECTION('',(0.,0.,1.));
#15624=DIRECTION('',(0.,0.,-1.));
#15625=DIRECTION('',(0.,-1.,0.));
#15626=DIRECTION('center_axis',(0.5,0.,0.866025403784439));
#15627=DIRECTION('ref_axis',(0.866025403784439,0.,-0.5));
#15628=DIRECTION('',(-0.866025403784439,0.,0.5));
#15629=DIRECTION('',(0.866025403784439,0.,-0.5));
#15630=DIRECTION('',(0.,1.,0.));
#15631=DIRECTION('center_axis',(-0.5,0.,0.866025403784439));
#15632=DIRECTION('ref_axis',(0.866025403784439,0.,0.5));
#15633=DIRECTION('',(-0.866025403784439,0.,-0.5));
#15634=DIRECTION('',(0.866025403784439,0.,0.5));
#15635=DIRECTION('',(0.,1.,0.));
#15636=DIRECTION('center_axis',(-1.,0.,0.));
#15637=DIRECTION('ref_axis',(0.,0.,1.));
#15638=DIRECTION('',(0.,0.,-1.));
#15639=DIRECTION('',(0.,0.,1.));
#15640=DIRECTION('center_axis',(-0.5,0.,-0.866025403784439));
#15641=DIRECTION('ref_axis',(-0.866025403784439,0.,0.5));
#15642=DIRECTION('',(0.866025403784439,0.,-0.5));
#15643=DIRECTION('',(0.,1.,0.));
#15644=DIRECTION('',(-0.866025403784439,0.,0.5));
#15645=DIRECTION('',(0.,1.,0.));
#15646=DIRECTION('center_axis',(0.5,0.,-0.866025403784439));
#15647=DIRECTION('ref_axis',(-0.866025403784439,0.,-0.5));
#15648=DIRECTION('',(0.866025403784439,0.,0.5));
#15649=DIRECTION('',(-0.866025403784439,0.,-0.5));
#15650=DIRECTION('',(0.,1.,0.));
#15651=DIRECTION('center_axis',(1.,0.,0.));
#15652=DIRECTION('ref_axis',(0.,0.,-1.));
#15653=DIRECTION('',(0.,0.,1.));
#15654=DIRECTION('',(0.,0.,-1.));
#15655=DIRECTION('',(0.,-1.,0.));
#15656=DIRECTION('center_axis',(0.5,0.,0.866025403784439));
#15657=DIRECTION('ref_axis',(0.866025403784439,0.,-0.5));
#15658=DIRECTION('',(-0.866025403784439,0.,0.5));
#15659=DIRECTION('',(0.866025403784439,0.,-0.5));
#15660=DIRECTION('',(0.,1.,0.));
#15661=DIRECTION('center_axis',(-0.5,0.,0.866025403784439));
#15662=DIRECTION('ref_axis',(0.866025403784439,0.,0.5));
#15663=DIRECTION('',(-0.866025403784439,0.,-0.5));
#15664=DIRECTION('',(0.866025403784439,0.,0.5));
#15665=DIRECTION('',(0.,1.,0.));
#15666=DIRECTION('center_axis',(-1.,0.,0.));
#15667=DIRECTION('ref_axis',(0.,0.,1.));
#15668=DIRECTION('',(0.,0.,-1.));
#15669=DIRECTION('',(0.,0.,1.));
#15670=DIRECTION('center_axis',(-0.5,0.,-0.866025403784439));
#15671=DIRECTION('ref_axis',(-0.866025403784439,0.,0.5));
#15672=DIRECTION('',(0.866025403784439,0.,-0.5));
#15673=DIRECTION('',(0.,1.,0.));
#15674=DIRECTION('',(-0.866025403784439,0.,0.5));
#15675=DIRECTION('',(0.,1.,0.));
#15676=DIRECTION('center_axis',(0.5,0.,-0.866025403784439));
#15677=DIRECTION('ref_axis',(-0.866025403784439,0.,-0.5));
#15678=DIRECTION('',(0.866025403784439,0.,0.5));
#15679=DIRECTION('',(-0.866025403784439,0.,-0.5));
#15680=DIRECTION('',(0.,1.,0.));
#15681=DIRECTION('center_axis',(1.,0.,0.));
#15682=DIRECTION('ref_axis',(0.,0.,-1.));
#15683=DIRECTION('',(0.,0.,1.));
#15684=DIRECTION('',(0.,0.,-1.));
#15685=DIRECTION('',(0.,-1.,0.));
#15686=DIRECTION('center_axis',(0.5,0.,0.866025403784439));
#15687=DIRECTION('ref_axis',(0.866025403784439,0.,-0.5));
#15688=DIRECTION('',(-0.866025403784439,0.,0.5));
#15689=DIRECTION('',(0.866025403784439,0.,-0.5));
#15690=DIRECTION('',(0.,1.,0.));
#15691=DIRECTION('center_axis',(-0.5,0.,0.866025403784439));
#15692=DIRECTION('ref_axis',(0.866025403784439,0.,0.5));
#15693=DIRECTION('',(-0.866025403784439,0.,-0.5));
#15694=DIRECTION('',(0.866025403784439,0.,0.5));
#15695=DIRECTION('',(0.,1.,0.));
#15696=DIRECTION('center_axis',(-1.,0.,0.));
#15697=DIRECTION('ref_axis',(0.,0.,1.));
#15698=DIRECTION('',(0.,0.,-1.));
#15699=DIRECTION('',(0.,0.,1.));
#15700=DIRECTION('center_axis',(-0.5,0.,-0.866025403784439));
#15701=DIRECTION('ref_axis',(-0.866025403784439,0.,0.5));
#15702=DIRECTION('',(0.866025403784439,0.,-0.5));
#15703=DIRECTION('',(0.,1.,0.));
#15704=DIRECTION('',(-0.866025403784439,0.,0.5));
#15705=DIRECTION('',(0.,1.,0.));
#15706=DIRECTION('center_axis',(0.5,0.,-0.866025403784439));
#15707=DIRECTION('ref_axis',(-0.866025403784439,0.,-0.5));
#15708=DIRECTION('',(0.866025403784439,0.,0.5));
#15709=DIRECTION('',(-0.866025403784439,0.,-0.5));
#15710=DIRECTION('',(0.,1.,0.));
#15711=DIRECTION('center_axis',(1.,0.,0.));
#15712=DIRECTION('ref_axis',(0.,0.,-1.));
#15713=DIRECTION('',(0.,0.,1.));
#15714=DIRECTION('',(0.,0.,-1.));
#15715=DIRECTION('',(0.,-1.,0.));
#15716=DIRECTION('center_axis',(0.5,0.,0.866025403784439));
#15717=DIRECTION('ref_axis',(0.866025403784439,0.,-0.5));
#15718=DIRECTION('',(-0.866025403784439,0.,0.5));
#15719=DIRECTION('',(0.866025403784439,0.,-0.5));
#15720=DIRECTION('',(0.,1.,0.));
#15721=DIRECTION('center_axis',(-0.5,0.,0.866025403784439));
#15722=DIRECTION('ref_axis',(0.866025403784439,0.,0.5));
#15723=DIRECTION('',(-0.866025403784439,0.,-0.5));
#15724=DIRECTION('',(0.866025403784439,0.,0.5));
#15725=DIRECTION('',(0.,1.,0.));
#15726=DIRECTION('center_axis',(-1.,0.,0.));
#15727=DIRECTION('ref_axis',(0.,0.,1.));
#15728=DIRECTION('',(0.,0.,-1.));
#15729=DIRECTION('',(0.,0.,1.));
#15730=DIRECTION('center_axis',(-0.5,0.,-0.866025403784439));
#15731=DIRECTION('ref_axis',(-0.866025403784439,0.,0.5));
#15732=DIRECTION('',(0.866025403784439,0.,-0.5));
#15733=DIRECTION('',(0.,1.,0.));
#15734=DIRECTION('',(-0.866025403784439,0.,0.5));
#15735=DIRECTION('',(0.,1.,0.));
#15736=DIRECTION('center_axis',(0.5,0.,-0.866025403784439));
#15737=DIRECTION('ref_axis',(-0.866025403784439,0.,-0.5));
#15738=DIRECTION('',(0.866025403784439,0.,0.5));
#15739=DIRECTION('',(-0.866025403784439,0.,-0.5));
#15740=DIRECTION('',(0.,1.,0.));
#15741=DIRECTION('center_axis',(1.,0.,0.));
#15742=DIRECTION('ref_axis',(0.,0.,-1.));
#15743=DIRECTION('',(0.,0.,1.));
#15744=DIRECTION('',(0.,0.,-1.));
#15745=DIRECTION('',(0.,-1.,0.));
#15746=DIRECTION('center_axis',(0.5,0.,0.866025403784439));
#15747=DIRECTION('ref_axis',(0.866025403784439,0.,-0.5));
#15748=DIRECTION('',(-0.866025403784439,0.,0.5));
#15749=DIRECTION('',(0.866025403784439,0.,-0.5));
#15750=DIRECTION('',(0.,1.,0.));
#15751=DIRECTION('center_axis',(-0.5,0.,0.866025403784439));
#15752=DIRECTION('ref_axis',(0.866025403784439,0.,0.5));
#15753=DIRECTION('',(-0.866025403784439,0.,-0.5));
#15754=DIRECTION('',(0.866025403784439,0.,0.5));
#15755=DIRECTION('',(0.,1.,0.));
#15756=DIRECTION('center_axis',(-1.,0.,0.));
#15757=DIRECTION('ref_axis',(0.,0.,1.));
#15758=DIRECTION('',(0.,0.,-1.));
#15759=DIRECTION('',(0.,0.,1.));
#15760=DIRECTION('center_axis',(-0.5,0.,-0.866025403784439));
#15761=DIRECTION('ref_axis',(-0.866025403784439,0.,0.5));
#15762=DIRECTION('',(0.866025403784439,0.,-0.5));
#15763=DIRECTION('',(0.,1.,0.));
#15764=DIRECTION('',(-0.866025403784439,0.,0.5));
#15765=DIRECTION('',(0.,1.,0.));
#15766=DIRECTION('center_axis',(0.5,0.,-0.866025403784439));
#15767=DIRECTION('ref_axis',(-0.866025403784439,0.,-0.5));
#15768=DIRECTION('',(0.866025403784439,0.,0.5));
#15769=DIRECTION('',(-0.866025403784439,0.,-0.5));
#15770=DIRECTION('',(0.,1.,0.));
#15771=DIRECTION('center_axis',(1.,0.,0.));
#15772=DIRECTION('ref_axis',(0.,0.,-1.));
#15773=DIRECTION('',(0.,0.,1.));
#15774=DIRECTION('',(0.,0.,-1.));
#15775=DIRECTION('',(0.,-1.,0.));
#15776=DIRECTION('center_axis',(0.5,0.,0.866025403784439));
#15777=DIRECTION('ref_axis',(0.866025403784439,0.,-0.5));
#15778=DIRECTION('',(-0.866025403784439,0.,0.5));
#15779=DIRECTION('',(0.866025403784439,0.,-0.5));
#15780=DIRECTION('',(0.,1.,0.));
#15781=DIRECTION('center_axis',(-0.5,0.,0.866025403784439));
#15782=DIRECTION('ref_axis',(0.866025403784439,0.,0.5));
#15783=DIRECTION('',(-0.866025403784439,0.,-0.5));
#15784=DIRECTION('',(0.866025403784439,0.,0.5));
#15785=DIRECTION('',(0.,1.,0.));
#15786=DIRECTION('center_axis',(-1.,0.,0.));
#15787=DIRECTION('ref_axis',(0.,0.,1.));
#15788=DIRECTION('',(0.,0.,-1.));
#15789=DIRECTION('',(0.,0.,1.));
#15790=DIRECTION('center_axis',(-0.5,0.,-0.866025403784439));
#15791=DIRECTION('ref_axis',(-0.866025403784439,0.,0.5));
#15792=DIRECTION('',(0.866025403784439,0.,-0.5));
#15793=DIRECTION('',(0.,1.,0.));
#15794=DIRECTION('',(-0.866025403784439,0.,0.5));
#15795=DIRECTION('',(0.,1.,0.));
#15796=DIRECTION('center_axis',(0.5,0.,-0.866025403784439));
#15797=DIRECTION('ref_axis',(-0.866025403784439,0.,-0.5));
#15798=DIRECTION('',(0.866025403784439,0.,0.5));
#15799=DIRECTION('',(-0.866025403784439,0.,-0.5));
#15800=DIRECTION('',(0.,1.,0.));
#15801=DIRECTION('center_axis',(1.,0.,0.));
#15802=DIRECTION('ref_axis',(0.,0.,-1.));
#15803=DIRECTION('',(0.,0.,1.));
#15804=DIRECTION('',(0.,0.,-1.));
#15805=DIRECTION('',(0.,-1.,0.));
#15806=DIRECTION('center_axis',(0.5,0.,0.866025403784439));
#15807=DIRECTION('ref_axis',(0.866025403784439,0.,-0.5));
#15808=DIRECTION('',(-0.866025403784439,0.,0.5));
#15809=DIRECTION('',(0.866025403784439,0.,-0.5));
#15810=DIRECTION('',(0.,1.,0.));
#15811=DIRECTION('center_axis',(-0.5,0.,0.866025403784439));
#15812=DIRECTION('ref_axis',(0.866025403784439,0.,0.5));
#15813=DIRECTION('',(-0.866025403784439,0.,-0.5));
#15814=DIRECTION('',(0.866025403784439,0.,0.5));
#15815=DIRECTION('',(0.,1.,0.));
#15816=DIRECTION('center_axis',(-1.,0.,0.));
#15817=DIRECTION('ref_axis',(0.,0.,1.));
#15818=DIRECTION('',(0.,0.,-1.));
#15819=DIRECTION('',(0.,0.,1.));
#15820=DIRECTION('center_axis',(-0.5,0.,-0.866025403784439));
#15821=DIRECTION('ref_axis',(-0.866025403784439,0.,0.5));
#15822=DIRECTION('',(0.866025403784439,0.,-0.5));
#15823=DIRECTION('',(0.,1.,0.));
#15824=DIRECTION('',(-0.866025403784439,0.,0.5));
#15825=DIRECTION('',(0.,1.,0.));
#15826=DIRECTION('center_axis',(0.5,0.,-0.866025403784439));
#15827=DIRECTION('ref_axis',(-0.866025403784439,0.,-0.5));
#15828=DIRECTION('',(0.866025403784439,0.,0.5));
#15829=DIRECTION('',(-0.866025403784439,0.,-0.5));
#15830=DIRECTION('',(0.,1.,0.));
#15831=DIRECTION('center_axis',(1.,0.,0.));
#15832=DIRECTION('ref_axis',(0.,0.,-1.));
#15833=DIRECTION('',(0.,0.,1.));
#15834=DIRECTION('',(0.,0.,-1.));
#15835=DIRECTION('',(0.,-1.,0.));
#15836=DIRECTION('center_axis',(0.5,0.,0.866025403784439));
#15837=DIRECTION('ref_axis',(0.866025403784439,0.,-0.5));
#15838=DIRECTION('',(-0.866025403784439,0.,0.5));
#15839=DIRECTION('',(0.866025403784439,0.,-0.5));
#15840=DIRECTION('',(0.,1.,0.));
#15841=DIRECTION('center_axis',(-0.5,0.,0.866025403784439));
#15842=DIRECTION('ref_axis',(0.866025403784439,0.,0.5));
#15843=DIRECTION('',(-0.866025403784439,0.,-0.5));
#15844=DIRECTION('',(0.866025403784439,0.,0.5));
#15845=DIRECTION('',(0.,1.,0.));
#15846=DIRECTION('center_axis',(-1.,0.,0.));
#15847=DIRECTION('ref_axis',(0.,0.,1.));
#15848=DIRECTION('',(0.,0.,-1.));
#15849=DIRECTION('',(0.,0.,1.));
#15850=DIRECTION('center_axis',(-0.5,0.,-0.866025403784439));
#15851=DIRECTION('ref_axis',(-0.866025403784439,0.,0.5));
#15852=DIRECTION('',(0.866025403784439,0.,-0.5));
#15853=DIRECTION('',(0.,1.,0.));
#15854=DIRECTION('',(-0.866025403784439,0.,0.5));
#15855=DIRECTION('',(0.,1.,0.));
#15856=DIRECTION('center_axis',(0.5,0.,-0.866025403784439));
#15857=DIRECTION('ref_axis',(-0.866025403784439,0.,-0.5));
#15858=DIRECTION('',(0.866025403784439,0.,0.5));
#15859=DIRECTION('',(-0.866025403784439,0.,-0.5));
#15860=DIRECTION('',(0.,1.,0.));
#15861=DIRECTION('center_axis',(1.,0.,0.));
#15862=DIRECTION('ref_axis',(0.,0.,-1.));
#15863=DIRECTION('',(0.,0.,1.));
#15864=DIRECTION('',(0.,0.,-1.));
#15865=DIRECTION('',(0.,-1.,0.));
#15866=DIRECTION('center_axis',(0.5,0.,0.866025403784439));
#15867=DIRECTION('ref_axis',(0.866025403784439,0.,-0.5));
#15868=DIRECTION('',(-0.866025403784439,0.,0.5));
#15869=DIRECTION('',(0.866025403784439,0.,-0.5));
#15870=DIRECTION('',(0.,1.,0.));
#15871=DIRECTION('center_axis',(-0.5,0.,0.866025403784439));
#15872=DIRECTION('ref_axis',(0.866025403784439,0.,0.5));
#15873=DIRECTION('',(-0.866025403784439,0.,-0.5));
#15874=DIRECTION('',(0.866025403784439,0.,0.5));
#15875=DIRECTION('',(0.,1.,0.));
#15876=DIRECTION('center_axis',(-1.,0.,0.));
#15877=DIRECTION('ref_axis',(0.,0.,1.));
#15878=DIRECTION('',(0.,0.,-1.));
#15879=DIRECTION('',(0.,0.,1.));
#15880=DIRECTION('center_axis',(-0.5,0.,-0.866025403784439));
#15881=DIRECTION('ref_axis',(-0.866025403784439,0.,0.5));
#15882=DIRECTION('',(0.866025403784439,0.,-0.5));
#15883=DIRECTION('',(0.,1.,0.));
#15884=DIRECTION('',(-0.866025403784439,0.,0.5));
#15885=DIRECTION('',(0.,1.,0.));
#15886=DIRECTION('center_axis',(0.5,0.,-0.866025403784439));
#15887=DIRECTION('ref_axis',(-0.866025403784439,0.,-0.5));
#15888=DIRECTION('',(0.866025403784439,0.,0.5));
#15889=DIRECTION('',(-0.866025403784439,0.,-0.5));
#15890=DIRECTION('',(0.,1.,0.));
#15891=DIRECTION('center_axis',(1.,0.,0.));
#15892=DIRECTION('ref_axis',(0.,0.,-1.));
#15893=DIRECTION('',(0.,0.,1.));
#15894=DIRECTION('',(0.,0.,-1.));
#15895=DIRECTION('',(0.,-1.,0.));
#15896=DIRECTION('center_axis',(0.5,0.,0.866025403784439));
#15897=DIRECTION('ref_axis',(0.866025403784439,0.,-0.5));
#15898=DIRECTION('',(-0.866025403784439,0.,0.5));
#15899=DIRECTION('',(0.866025403784439,0.,-0.5));
#15900=DIRECTION('',(0.,1.,0.));
#15901=DIRECTION('center_axis',(-0.5,0.,0.866025403784439));
#15902=DIRECTION('ref_axis',(0.866025403784439,0.,0.5));
#15903=DIRECTION('',(-0.866025403784439,0.,-0.5));
#15904=DIRECTION('',(0.866025403784439,0.,0.5));
#15905=DIRECTION('',(0.,1.,0.));
#15906=DIRECTION('center_axis',(-1.,0.,0.));
#15907=DIRECTION('ref_axis',(0.,0.,1.));
#15908=DIRECTION('',(0.,0.,-1.));
#15909=DIRECTION('',(0.,0.,1.));
#15910=DIRECTION('center_axis',(-0.5,0.,-0.866025403784439));
#15911=DIRECTION('ref_axis',(-0.866025403784439,0.,0.5));
#15912=DIRECTION('',(0.866025403784439,0.,-0.5));
#15913=DIRECTION('',(0.,1.,0.));
#15914=DIRECTION('',(-0.866025403784439,0.,0.5));
#15915=DIRECTION('',(0.,1.,0.));
#15916=DIRECTION('center_axis',(0.5,0.,-0.866025403784439));
#15917=DIRECTION('ref_axis',(-0.866025403784439,0.,-0.5));
#15918=DIRECTION('',(0.866025403784439,0.,0.5));
#15919=DIRECTION('',(-0.866025403784439,0.,-0.5));
#15920=DIRECTION('',(0.,1.,0.));
#15921=DIRECTION('center_axis',(1.,0.,0.));
#15922=DIRECTION('ref_axis',(0.,0.,-1.));
#15923=DIRECTION('',(0.,0.,1.));
#15924=DIRECTION('',(0.,0.,-1.));
#15925=DIRECTION('',(0.,-1.,0.));
#15926=DIRECTION('center_axis',(0.5,0.,0.866025403784439));
#15927=DIRECTION('ref_axis',(0.866025403784439,0.,-0.5));
#15928=DIRECTION('',(-0.866025403784439,0.,0.5));
#15929=DIRECTION('',(0.866025403784439,0.,-0.5));
#15930=DIRECTION('',(0.,1.,0.));
#15931=DIRECTION('center_axis',(-0.5,0.,0.866025403784439));
#15932=DIRECTION('ref_axis',(0.866025403784439,0.,0.5));
#15933=DIRECTION('',(-0.866025403784439,0.,-0.5));
#15934=DIRECTION('',(0.866025403784439,0.,0.5));
#15935=DIRECTION('',(0.,1.,0.));
#15936=DIRECTION('center_axis',(-1.,0.,0.));
#15937=DIRECTION('ref_axis',(0.,0.,1.));
#15938=DIRECTION('',(0.,0.,-1.));
#15939=DIRECTION('',(0.,0.,1.));
#15940=DIRECTION('center_axis',(-0.5,0.,-0.866025403784439));
#15941=DIRECTION('ref_axis',(-0.866025403784439,0.,0.5));
#15942=DIRECTION('',(0.866025403784439,0.,-0.5));
#15943=DIRECTION('',(0.,1.,0.));
#15944=DIRECTION('',(-0.866025403784439,0.,0.5));
#15945=DIRECTION('',(0.,1.,0.));
#15946=DIRECTION('center_axis',(0.5,0.,-0.866025403784439));
#15947=DIRECTION('ref_axis',(-0.866025403784439,0.,-0.5));
#15948=DIRECTION('',(0.866025403784439,0.,0.5));
#15949=DIRECTION('',(-0.866025403784439,0.,-0.5));
#15950=DIRECTION('',(0.,1.,0.));
#15951=DIRECTION('center_axis',(1.,0.,0.));
#15952=DIRECTION('ref_axis',(0.,0.,-1.));
#15953=DIRECTION('',(0.,0.,1.));
#15954=DIRECTION('',(0.,0.,-1.));
#15955=DIRECTION('',(0.,-1.,0.));
#15956=DIRECTION('center_axis',(0.5,0.,0.866025403784439));
#15957=DIRECTION('ref_axis',(0.866025403784439,0.,-0.5));
#15958=DIRECTION('',(-0.866025403784439,0.,0.5));
#15959=DIRECTION('',(0.866025403784439,0.,-0.5));
#15960=DIRECTION('',(0.,1.,0.));
#15961=DIRECTION('center_axis',(-0.5,0.,0.866025403784439));
#15962=DIRECTION('ref_axis',(0.866025403784439,0.,0.5));
#15963=DIRECTION('',(-0.866025403784439,0.,-0.5));
#15964=DIRECTION('',(0.866025403784439,0.,0.5));
#15965=DIRECTION('',(0.,1.,0.));
#15966=DIRECTION('center_axis',(-1.,0.,0.));
#15967=DIRECTION('ref_axis',(0.,0.,1.));
#15968=DIRECTION('',(0.,0.,-1.));
#15969=DIRECTION('',(0.,0.,1.));
#15970=DIRECTION('center_axis',(-0.5,0.,-0.866025403784439));
#15971=DIRECTION('ref_axis',(-0.866025403784439,0.,0.5));
#15972=DIRECTION('',(0.866025403784439,0.,-0.5));
#15973=DIRECTION('',(0.,1.,0.));
#15974=DIRECTION('',(-0.866025403784439,0.,0.5));
#15975=DIRECTION('',(0.,1.,0.));
#15976=DIRECTION('center_axis',(0.5,0.,-0.866025403784439));
#15977=DIRECTION('ref_axis',(-0.866025403784439,0.,-0.5));
#15978=DIRECTION('',(0.866025403784439,0.,0.5));
#15979=DIRECTION('',(-0.866025403784439,0.,-0.5));
#15980=DIRECTION('',(0.,1.,0.));
#15981=DIRECTION('center_axis',(1.,0.,0.));
#15982=DIRECTION('ref_axis',(0.,0.,-1.));
#15983=DIRECTION('',(0.,0.,1.));
#15984=DIRECTION('',(0.,0.,-1.));
#15985=DIRECTION('',(0.,-1.,0.));
#15986=DIRECTION('center_axis',(0.5,0.,0.866025403784439));
#15987=DIRECTION('ref_axis',(0.866025403784439,0.,-0.5));
#15988=DIRECTION('',(-0.866025403784439,0.,0.5));
#15989=DIRECTION('',(0.866025403784439,0.,-0.5));
#15990=DIRECTION('',(0.,1.,0.));
#15991=DIRECTION('center_axis',(-0.5,0.,0.866025403784439));
#15992=DIRECTION('ref_axis',(0.866025403784439,0.,0.5));
#15993=DIRECTION('',(-0.866025403784439,0.,-0.5));
#15994=DIRECTION('',(0.866025403784439,0.,0.5));
#15995=DIRECTION('',(0.,1.,0.));
#15996=DIRECTION('center_axis',(-1.,0.,0.));
#15997=DIRECTION('ref_axis',(0.,0.,1.));
#15998=DIRECTION('',(0.,0.,-1.));
#15999=DIRECTION('',(0.,0.,1.));
#16000=DIRECTION('center_axis',(-0.5,0.,-0.866025403784439));
#16001=DIRECTION('ref_axis',(-0.866025403784439,0.,0.5));
#16002=DIRECTION('',(0.866025403784439,0.,-0.5));
#16003=DIRECTION('',(0.,1.,0.));
#16004=DIRECTION('',(-0.866025403784439,0.,0.5));
#16005=DIRECTION('',(0.,1.,0.));
#16006=DIRECTION('center_axis',(0.5,0.,-0.866025403784439));
#16007=DIRECTION('ref_axis',(-0.866025403784439,0.,-0.5));
#16008=DIRECTION('',(0.866025403784439,0.,0.5));
#16009=DIRECTION('',(-0.866025403784439,0.,-0.5));
#16010=DIRECTION('',(0.,1.,0.));
#16011=DIRECTION('center_axis',(1.,0.,0.));
#16012=DIRECTION('ref_axis',(0.,0.,-1.));
#16013=DIRECTION('',(0.,0.,1.));
#16014=DIRECTION('',(0.,0.,-1.));
#16015=DIRECTION('',(0.,-1.,0.));
#16016=DIRECTION('center_axis',(0.5,0.,0.866025403784439));
#16017=DIRECTION('ref_axis',(0.866025403784439,0.,-0.5));
#16018=DIRECTION('',(-0.866025403784439,0.,0.5));
#16019=DIRECTION('',(0.866025403784439,0.,-0.5));
#16020=DIRECTION('',(0.,1.,0.));
#16021=DIRECTION('center_axis',(-0.5,0.,0.866025403784439));
#16022=DIRECTION('ref_axis',(0.866025403784439,0.,0.5));
#16023=DIRECTION('',(-0.866025403784439,0.,-0.5));
#16024=DIRECTION('',(0.866025403784439,0.,0.5));
#16025=DIRECTION('',(0.,1.,0.));
#16026=DIRECTION('center_axis',(-1.,0.,0.));
#16027=DIRECTION('ref_axis',(0.,0.,1.));
#16028=DIRECTION('',(0.,0.,-1.));
#16029=DIRECTION('',(0.,0.,1.));
#16030=DIRECTION('center_axis',(-0.5,0.,-0.866025403784439));
#16031=DIRECTION('ref_axis',(-0.866025403784439,0.,0.5));
#16032=DIRECTION('',(0.866025403784439,0.,-0.5));
#16033=DIRECTION('',(0.,1.,0.));
#16034=DIRECTION('',(-0.866025403784439,0.,0.5));
#16035=DIRECTION('',(0.,1.,0.));
#16036=DIRECTION('center_axis',(0.5,0.,-0.866025403784439));
#16037=DIRECTION('ref_axis',(-0.866025403784439,0.,-0.5));
#16038=DIRECTION('',(0.866025403784439,0.,0.5));
#16039=DIRECTION('',(-0.866025403784439,0.,-0.5));
#16040=DIRECTION('',(0.,1.,0.));
#16041=DIRECTION('center_axis',(1.,0.,0.));
#16042=DIRECTION('ref_axis',(0.,0.,-1.));
#16043=DIRECTION('',(0.,0.,1.));
#16044=DIRECTION('',(0.,0.,-1.));
#16045=DIRECTION('',(0.,-1.,0.));
#16046=DIRECTION('center_axis',(0.5,0.,0.866025403784439));
#16047=DIRECTION('ref_axis',(0.866025403784439,0.,-0.5));
#16048=DIRECTION('',(-0.866025403784439,0.,0.5));
#16049=DIRECTION('',(0.866025403784439,0.,-0.5));
#16050=DIRECTION('',(0.,1.,0.));
#16051=DIRECTION('center_axis',(-0.5,0.,0.866025403784439));
#16052=DIRECTION('ref_axis',(0.866025403784439,0.,0.5));
#16053=DIRECTION('',(-0.866025403784439,0.,-0.5));
#16054=DIRECTION('',(0.866025403784439,0.,0.5));
#16055=DIRECTION('',(0.,1.,0.));
#16056=DIRECTION('center_axis',(-1.,0.,0.));
#16057=DIRECTION('ref_axis',(0.,0.,1.));
#16058=DIRECTION('',(0.,0.,-1.));
#16059=DIRECTION('',(0.,0.,1.));
#16060=DIRECTION('center_axis',(-0.5,0.,-0.866025403784439));
#16061=DIRECTION('ref_axis',(-0.866025403784439,0.,0.5));
#16062=DIRECTION('',(0.866025403784439,0.,-0.5));
#16063=DIRECTION('',(0.,1.,0.));
#16064=DIRECTION('',(-0.866025403784439,0.,0.5));
#16065=DIRECTION('',(0.,1.,0.));
#16066=DIRECTION('center_axis',(0.5,0.,-0.866025403784439));
#16067=DIRECTION('ref_axis',(-0.866025403784439,0.,-0.5));
#16068=DIRECTION('',(0.866025403784439,0.,0.5));
#16069=DIRECTION('',(-0.866025403784439,0.,-0.5));
#16070=DIRECTION('',(0.,1.,0.));
#16071=DIRECTION('center_axis',(1.,0.,0.));
#16072=DIRECTION('ref_axis',(0.,0.,-1.));
#16073=DIRECTION('',(0.,0.,1.));
#16074=DIRECTION('',(0.,0.,-1.));
#16075=DIRECTION('',(0.,-1.,0.));
#16076=DIRECTION('center_axis',(0.5,0.,0.866025403784439));
#16077=DIRECTION('ref_axis',(0.866025403784439,0.,-0.5));
#16078=DIRECTION('',(-0.866025403784439,0.,0.5));
#16079=DIRECTION('',(0.866025403784439,0.,-0.5));
#16080=DIRECTION('',(0.,1.,0.));
#16081=DIRECTION('center_axis',(-0.5,0.,0.866025403784439));
#16082=DIRECTION('ref_axis',(0.866025403784439,0.,0.5));
#16083=DIRECTION('',(-0.866025403784439,0.,-0.5));
#16084=DIRECTION('',(0.866025403784439,0.,0.5));
#16085=DIRECTION('',(0.,1.,0.));
#16086=DIRECTION('center_axis',(-1.,0.,0.));
#16087=DIRECTION('ref_axis',(0.,0.,1.));
#16088=DIRECTION('',(0.,0.,-1.));
#16089=DIRECTION('',(0.,0.,1.));
#16090=DIRECTION('center_axis',(-0.5,0.,-0.866025403784439));
#16091=DIRECTION('ref_axis',(-0.866025403784439,0.,0.5));
#16092=DIRECTION('',(0.866025403784439,0.,-0.5));
#16093=DIRECTION('',(0.,1.,0.));
#16094=DIRECTION('',(-0.866025403784439,0.,0.5));
#16095=DIRECTION('',(0.,1.,0.));
#16096=DIRECTION('center_axis',(0.5,0.,-0.866025403784439));
#16097=DIRECTION('ref_axis',(-0.866025403784439,0.,-0.5));
#16098=DIRECTION('',(0.866025403784439,0.,0.5));
#16099=DIRECTION('',(-0.866025403784439,0.,-0.5));
#16100=DIRECTION('',(0.,1.,0.));
#16101=DIRECTION('center_axis',(1.,0.,0.));
#16102=DIRECTION('ref_axis',(0.,0.,-1.));
#16103=DIRECTION('',(0.,0.,1.));
#16104=DIRECTION('',(0.,0.,-1.));
#16105=DIRECTION('',(0.,-1.,0.));
#16106=DIRECTION('center_axis',(0.5,0.,0.866025403784439));
#16107=DIRECTION('ref_axis',(0.866025403784439,0.,-0.5));
#16108=DIRECTION('',(-0.866025403784439,0.,0.5));
#16109=DIRECTION('',(0.866025403784439,0.,-0.5));
#16110=DIRECTION('',(0.,1.,0.));
#16111=DIRECTION('center_axis',(-0.5,0.,0.866025403784439));
#16112=DIRECTION('ref_axis',(0.866025403784439,0.,0.5));
#16113=DIRECTION('',(-0.866025403784439,0.,-0.5));
#16114=DIRECTION('',(0.866025403784439,0.,0.5));
#16115=DIRECTION('',(0.,1.,0.));
#16116=DIRECTION('center_axis',(-1.,0.,0.));
#16117=DIRECTION('ref_axis',(0.,0.,1.));
#16118=DIRECTION('',(0.,0.,-1.));
#16119=DIRECTION('',(0.,0.,1.));
#16120=DIRECTION('center_axis',(-0.5,0.,-0.866025403784439));
#16121=DIRECTION('ref_axis',(-0.866025403784439,0.,0.5));
#16122=DIRECTION('',(0.866025403784439,0.,-0.5));
#16123=DIRECTION('',(0.,1.,0.));
#16124=DIRECTION('',(-0.866025403784439,0.,0.5));
#16125=DIRECTION('',(0.,1.,0.));
#16126=DIRECTION('center_axis',(0.5,0.,-0.866025403784439));
#16127=DIRECTION('ref_axis',(-0.866025403784439,0.,-0.5));
#16128=DIRECTION('',(0.866025403784439,0.,0.5));
#16129=DIRECTION('',(-0.866025403784439,0.,-0.5));
#16130=DIRECTION('',(0.,1.,0.));
#16131=DIRECTION('center_axis',(1.,0.,0.));
#16132=DIRECTION('ref_axis',(0.,0.,-1.));
#16133=DIRECTION('',(0.,0.,1.));
#16134=DIRECTION('',(0.,0.,-1.));
#16135=DIRECTION('',(0.,-1.,0.));
#16136=DIRECTION('center_axis',(0.5,0.,0.866025403784439));
#16137=DIRECTION('ref_axis',(0.866025403784439,0.,-0.5));
#16138=DIRECTION('',(-0.866025403784439,0.,0.5));
#16139=DIRECTION('',(0.866025403784439,0.,-0.5));
#16140=DIRECTION('',(0.,1.,0.));
#16141=DIRECTION('center_axis',(-0.5,0.,0.866025403784439));
#16142=DIRECTION('ref_axis',(0.866025403784439,0.,0.5));
#16143=DIRECTION('',(-0.866025403784439,0.,-0.5));
#16144=DIRECTION('',(0.866025403784439,0.,0.5));
#16145=DIRECTION('',(0.,1.,0.));
#16146=DIRECTION('center_axis',(-1.,0.,0.));
#16147=DIRECTION('ref_axis',(0.,0.,1.));
#16148=DIRECTION('',(0.,0.,-1.));
#16149=DIRECTION('',(0.,0.,1.));
#16150=DIRECTION('center_axis',(-0.5,0.,-0.866025403784439));
#16151=DIRECTION('ref_axis',(-0.866025403784439,0.,0.5));
#16152=DIRECTION('',(0.866025403784439,0.,-0.5));
#16153=DIRECTION('',(0.,1.,0.));
#16154=DIRECTION('',(-0.866025403784439,0.,0.5));
#16155=DIRECTION('',(0.,1.,0.));
#16156=DIRECTION('center_axis',(0.5,0.,-0.866025403784439));
#16157=DIRECTION('ref_axis',(-0.866025403784439,0.,-0.5));
#16158=DIRECTION('',(0.866025403784439,0.,0.5));
#16159=DIRECTION('',(-0.866025403784439,0.,-0.5));
#16160=DIRECTION('',(0.,1.,0.));
#16161=DIRECTION('center_axis',(1.,0.,0.));
#16162=DIRECTION('ref_axis',(0.,0.,-1.));
#16163=DIRECTION('',(0.,0.,1.));
#16164=DIRECTION('',(0.,0.,-1.));
#16165=DIRECTION('',(0.,-1.,0.));
#16166=DIRECTION('center_axis',(0.5,0.,0.866025403784439));
#16167=DIRECTION('ref_axis',(0.866025403784439,0.,-0.5));
#16168=DIRECTION('',(-0.866025403784439,0.,0.5));
#16169=DIRECTION('',(0.866025403784439,0.,-0.5));
#16170=DIRECTION('',(0.,1.,0.));
#16171=DIRECTION('center_axis',(-0.5,0.,0.866025403784439));
#16172=DIRECTION('ref_axis',(0.866025403784439,0.,0.5));
#16173=DIRECTION('',(-0.866025403784439,0.,-0.5));
#16174=DIRECTION('',(0.866025403784439,0.,0.5));
#16175=DIRECTION('',(0.,1.,0.));
#16176=DIRECTION('center_axis',(-1.,0.,0.));
#16177=DIRECTION('ref_axis',(0.,0.,1.));
#16178=DIRECTION('',(0.,0.,-1.));
#16179=DIRECTION('',(0.,0.,1.));
#16180=DIRECTION('center_axis',(-0.5,0.,-0.866025403784439));
#16181=DIRECTION('ref_axis',(-0.866025403784439,0.,0.5));
#16182=DIRECTION('',(0.866025403784439,0.,-0.5));
#16183=DIRECTION('',(0.,1.,0.));
#16184=DIRECTION('',(-0.866025403784439,0.,0.5));
#16185=DIRECTION('',(0.,1.,0.));
#16186=DIRECTION('center_axis',(0.5,0.,-0.866025403784439));
#16187=DIRECTION('ref_axis',(-0.866025403784439,0.,-0.5));
#16188=DIRECTION('',(0.866025403784439,0.,0.5));
#16189=DIRECTION('',(-0.866025403784439,0.,-0.5));
#16190=DIRECTION('',(0.,1.,0.));
#16191=DIRECTION('center_axis',(1.,0.,0.));
#16192=DIRECTION('ref_axis',(0.,0.,-1.));
#16193=DIRECTION('',(0.,0.,1.));
#16194=DIRECTION('',(0.,0.,-1.));
#16195=DIRECTION('',(0.,-1.,0.));
#16196=DIRECTION('center_axis',(0.5,0.,0.866025403784439));
#16197=DIRECTION('ref_axis',(0.866025403784439,0.,-0.5));
#16198=DIRECTION('',(-0.866025403784439,0.,0.5));
#16199=DIRECTION('',(0.866025403784439,0.,-0.5));
#16200=DIRECTION('',(0.,1.,0.));
#16201=DIRECTION('center_axis',(-0.5,0.,0.866025403784439));
#16202=DIRECTION('ref_axis',(0.866025403784439,0.,0.5));
#16203=DIRECTION('',(-0.866025403784439,0.,-0.5));
#16204=DIRECTION('',(0.866025403784439,0.,0.5));
#16205=DIRECTION('',(0.,1.,0.));
#16206=DIRECTION('center_axis',(-1.,0.,0.));
#16207=DIRECTION('ref_axis',(0.,0.,1.));
#16208=DIRECTION('',(0.,0.,-1.));
#16209=DIRECTION('',(0.,0.,1.));
#16210=DIRECTION('center_axis',(-0.5,0.,-0.866025403784439));
#16211=DIRECTION('ref_axis',(-0.866025403784439,0.,0.5));
#16212=DIRECTION('',(0.866025403784439,0.,-0.5));
#16213=DIRECTION('',(0.,1.,0.));
#16214=DIRECTION('',(-0.866025403784439,0.,0.5));
#16215=DIRECTION('',(0.,1.,0.));
#16216=DIRECTION('center_axis',(0.5,0.,-0.866025403784439));
#16217=DIRECTION('ref_axis',(-0.866025403784439,0.,-0.5));
#16218=DIRECTION('',(0.866025403784439,0.,0.5));
#16219=DIRECTION('',(-0.866025403784439,0.,-0.5));
#16220=DIRECTION('',(0.,1.,0.));
#16221=DIRECTION('center_axis',(1.,0.,0.));
#16222=DIRECTION('ref_axis',(0.,0.,-1.));
#16223=DIRECTION('',(0.,0.,1.));
#16224=DIRECTION('',(0.,0.,-1.));
#16225=DIRECTION('',(0.,-1.,0.));
#16226=DIRECTION('center_axis',(0.5,0.,0.866025403784439));
#16227=DIRECTION('ref_axis',(0.866025403784439,0.,-0.5));
#16228=DIRECTION('',(-0.866025403784439,0.,0.5));
#16229=DIRECTION('',(0.866025403784439,0.,-0.5));
#16230=DIRECTION('',(0.,1.,0.));
#16231=DIRECTION('center_axis',(-0.5,0.,0.866025403784439));
#16232=DIRECTION('ref_axis',(0.866025403784439,0.,0.5));
#16233=DIRECTION('',(-0.866025403784439,0.,-0.5));
#16234=DIRECTION('',(0.866025403784439,0.,0.5));
#16235=DIRECTION('',(0.,1.,0.));
#16236=DIRECTION('center_axis',(-1.,0.,0.));
#16237=DIRECTION('ref_axis',(0.,0.,1.));
#16238=DIRECTION('',(0.,0.,-1.));
#16239=DIRECTION('',(0.,0.,1.));
#16240=DIRECTION('center_axis',(-0.5,0.,-0.866025403784439));
#16241=DIRECTION('ref_axis',(-0.866025403784439,0.,0.5));
#16242=DIRECTION('',(0.866025403784439,0.,-0.5));
#16243=DIRECTION('',(0.,1.,0.));
#16244=DIRECTION('',(-0.866025403784439,0.,0.5));
#16245=DIRECTION('',(0.,1.,0.));
#16246=DIRECTION('center_axis',(0.5,0.,-0.866025403784439));
#16247=DIRECTION('ref_axis',(-0.866025403784439,0.,-0.5));
#16248=DIRECTION('',(0.866025403784439,0.,0.5));
#16249=DIRECTION('',(-0.866025403784439,0.,-0.5));
#16250=DIRECTION('',(0.,1.,0.));
#16251=DIRECTION('center_axis',(1.,0.,0.));
#16252=DIRECTION('ref_axis',(0.,0.,-1.));
#16253=DIRECTION('',(0.,0.,1.));
#16254=DIRECTION('',(0.,0.,-1.));
#16255=DIRECTION('',(0.,-1.,0.));
#16256=DIRECTION('center_axis',(0.5,0.,0.866025403784439));
#16257=DIRECTION('ref_axis',(0.866025403784439,0.,-0.5));
#16258=DIRECTION('',(-0.866025403784439,0.,0.5));
#16259=DIRECTION('',(0.866025403784439,0.,-0.5));
#16260=DIRECTION('',(0.,1.,0.));
#16261=DIRECTION('center_axis',(-0.5,0.,0.866025403784439));
#16262=DIRECTION('ref_axis',(0.866025403784439,0.,0.5));
#16263=DIRECTION('',(-0.866025403784439,0.,-0.5));
#16264=DIRECTION('',(0.866025403784439,0.,0.5));
#16265=DIRECTION('',(0.,1.,0.));
#16266=DIRECTION('center_axis',(-1.,0.,0.));
#16267=DIRECTION('ref_axis',(0.,0.,1.));
#16268=DIRECTION('',(0.,0.,-1.));
#16269=DIRECTION('',(0.,0.,1.));
#16270=DIRECTION('center_axis',(-0.5,0.,-0.866025403784439));
#16271=DIRECTION('ref_axis',(-0.866025403784439,0.,0.5));
#16272=DIRECTION('',(0.866025403784439,0.,-0.5));
#16273=DIRECTION('',(0.,1.,0.));
#16274=DIRECTION('',(-0.866025403784439,0.,0.5));
#16275=DIRECTION('',(0.,1.,0.));
#16276=DIRECTION('center_axis',(0.5,0.,-0.866025403784439));
#16277=DIRECTION('ref_axis',(-0.866025403784439,0.,-0.5));
#16278=DIRECTION('',(0.866025403784439,0.,0.5));
#16279=DIRECTION('',(-0.866025403784439,0.,-0.5));
#16280=DIRECTION('',(0.,1.,0.));
#16281=DIRECTION('center_axis',(1.,0.,0.));
#16282=DIRECTION('ref_axis',(0.,0.,-1.));
#16283=DIRECTION('',(0.,0.,1.));
#16284=DIRECTION('',(0.,0.,-1.));
#16285=DIRECTION('',(0.,-1.,0.));
#16286=DIRECTION('center_axis',(0.5,0.,0.866025403784439));
#16287=DIRECTION('ref_axis',(0.866025403784439,0.,-0.5));
#16288=DIRECTION('',(-0.866025403784439,0.,0.5));
#16289=DIRECTION('',(0.866025403784439,0.,-0.5));
#16290=DIRECTION('',(0.,1.,0.));
#16291=DIRECTION('center_axis',(-0.5,0.,0.866025403784439));
#16292=DIRECTION('ref_axis',(0.866025403784439,0.,0.5));
#16293=DIRECTION('',(-0.866025403784439,0.,-0.5));
#16294=DIRECTION('',(0.866025403784439,0.,0.5));
#16295=DIRECTION('',(0.,1.,0.));
#16296=DIRECTION('center_axis',(-1.,0.,0.));
#16297=DIRECTION('ref_axis',(0.,0.,1.));
#16298=DIRECTION('',(0.,0.,-1.));
#16299=DIRECTION('',(0.,0.,1.));
#16300=DIRECTION('center_axis',(-0.5,0.,-0.866025403784439));
#16301=DIRECTION('ref_axis',(-0.866025403784439,0.,0.5));
#16302=DIRECTION('',(0.866025403784439,0.,-0.5));
#16303=DIRECTION('',(0.,1.,0.));
#16304=DIRECTION('',(-0.866025403784439,0.,0.5));
#16305=DIRECTION('',(0.,1.,0.));
#16306=DIRECTION('center_axis',(0.5,0.,-0.866025403784439));
#16307=DIRECTION('ref_axis',(-0.866025403784439,0.,-0.5));
#16308=DIRECTION('',(0.866025403784439,0.,0.5));
#16309=DIRECTION('',(-0.866025403784439,0.,-0.5));
#16310=DIRECTION('',(0.,1.,0.));
#16311=DIRECTION('center_axis',(1.,0.,0.));
#16312=DIRECTION('ref_axis',(0.,0.,-1.));
#16313=DIRECTION('',(0.,0.,1.));
#16314=DIRECTION('',(0.,0.,-1.));
#16315=DIRECTION('',(0.,-1.,0.));
#16316=DIRECTION('center_axis',(0.5,0.,0.866025403784438));
#16317=DIRECTION('ref_axis',(0.866025403784438,0.,-0.5));
#16318=DIRECTION('',(-0.866025403784438,0.,0.5));
#16319=DIRECTION('',(0.866025403784438,0.,-0.5));
#16320=DIRECTION('',(0.,1.,0.));
#16321=DIRECTION('center_axis',(-0.5,0.,0.866025403784438));
#16322=DIRECTION('ref_axis',(0.866025403784438,0.,0.5));
#16323=DIRECTION('',(-0.866025403784438,0.,-0.5));
#16324=DIRECTION('',(0.866025403784438,0.,0.5));
#16325=DIRECTION('',(0.,1.,0.));
#16326=DIRECTION('center_axis',(-1.,0.,0.));
#16327=DIRECTION('ref_axis',(0.,0.,1.));
#16328=DIRECTION('',(0.,0.,-1.));
#16329=DIRECTION('',(0.,0.,1.));
#16330=DIRECTION('center_axis',(-0.5,0.,-0.866025403784439));
#16331=DIRECTION('ref_axis',(-0.866025403784439,0.,0.5));
#16332=DIRECTION('',(0.866025403784439,0.,-0.5));
#16333=DIRECTION('',(0.,1.,0.));
#16334=DIRECTION('',(-0.866025403784439,0.,0.5));
#16335=DIRECTION('',(0.,1.,0.));
#16336=DIRECTION('center_axis',(0.5,0.,-0.866025403784439));
#16337=DIRECTION('ref_axis',(-0.866025403784439,0.,-0.5));
#16338=DIRECTION('',(0.866025403784439,0.,0.5));
#16339=DIRECTION('',(-0.866025403784439,0.,-0.5));
#16340=DIRECTION('',(0.,1.,0.));
#16341=DIRECTION('center_axis',(1.,0.,0.));
#16342=DIRECTION('ref_axis',(0.,0.,-1.));
#16343=DIRECTION('',(0.,0.,1.));
#16344=DIRECTION('',(0.,0.,-1.));
#16345=DIRECTION('',(0.,-1.,0.));
#16346=DIRECTION('center_axis',(0.5,0.,0.866025403784438));
#16347=DIRECTION('ref_axis',(0.866025403784438,0.,-0.5));
#16348=DIRECTION('',(-0.866025403784438,0.,0.5));
#16349=DIRECTION('',(0.866025403784438,0.,-0.5));
#16350=DIRECTION('',(0.,1.,0.));
#16351=DIRECTION('center_axis',(-0.5,0.,0.866025403784438));
#16352=DIRECTION('ref_axis',(0.866025403784438,0.,0.5));
#16353=DIRECTION('',(-0.866025403784438,0.,-0.5));
#16354=DIRECTION('',(0.866025403784438,0.,0.5));
#16355=DIRECTION('',(0.,1.,0.));
#16356=DIRECTION('center_axis',(-1.,0.,0.));
#16357=DIRECTION('ref_axis',(0.,0.,1.));
#16358=DIRECTION('',(0.,0.,-1.));
#16359=DIRECTION('',(0.,0.,1.));
#16360=DIRECTION('center_axis',(-0.5,0.,-0.866025403784439));
#16361=DIRECTION('ref_axis',(-0.866025403784439,0.,0.5));
#16362=DIRECTION('',(0.866025403784439,0.,-0.5));
#16363=DIRECTION('',(0.,1.,0.));
#16364=DIRECTION('',(-0.866025403784439,0.,0.5));
#16365=DIRECTION('',(0.,1.,0.));
#16366=DIRECTION('center_axis',(0.5,0.,-0.866025403784439));
#16367=DIRECTION('ref_axis',(-0.866025403784439,0.,-0.5));
#16368=DIRECTION('',(0.866025403784439,0.,0.5));
#16369=DIRECTION('',(-0.866025403784439,0.,-0.5));
#16370=DIRECTION('',(0.,1.,0.));
#16371=DIRECTION('center_axis',(1.,0.,0.));
#16372=DIRECTION('ref_axis',(0.,0.,-1.));
#16373=DIRECTION('',(0.,0.,1.));
#16374=DIRECTION('',(0.,0.,-1.));
#16375=DIRECTION('',(0.,-1.,0.));
#16376=DIRECTION('center_axis',(0.5,0.,0.866025403784438));
#16377=DIRECTION('ref_axis',(0.866025403784438,0.,-0.5));
#16378=DIRECTION('',(-0.866025403784438,0.,0.5));
#16379=DIRECTION('',(0.866025403784438,0.,-0.5));
#16380=DIRECTION('',(0.,1.,0.));
#16381=DIRECTION('center_axis',(-0.5,0.,0.866025403784438));
#16382=DIRECTION('ref_axis',(0.866025403784438,0.,0.5));
#16383=DIRECTION('',(-0.866025403784438,0.,-0.5));
#16384=DIRECTION('',(0.866025403784438,0.,0.5));
#16385=DIRECTION('',(0.,1.,0.));
#16386=DIRECTION('center_axis',(-1.,0.,0.));
#16387=DIRECTION('ref_axis',(0.,0.,1.));
#16388=DIRECTION('',(0.,0.,-1.));
#16389=DIRECTION('',(0.,0.,1.));
#16390=DIRECTION('center_axis',(-0.5,0.,-0.866025403784439));
#16391=DIRECTION('ref_axis',(-0.866025403784439,0.,0.5));
#16392=DIRECTION('',(0.866025403784439,0.,-0.5));
#16393=DIRECTION('',(0.,1.,0.));
#16394=DIRECTION('',(-0.866025403784439,0.,0.5));
#16395=DIRECTION('',(0.,1.,0.));
#16396=DIRECTION('center_axis',(0.5,0.,-0.866025403784439));
#16397=DIRECTION('ref_axis',(-0.866025403784439,0.,-0.5));
#16398=DIRECTION('',(0.866025403784439,0.,0.5));
#16399=DIRECTION('',(-0.866025403784439,0.,-0.5));
#16400=DIRECTION('',(0.,1.,0.));
#16401=DIRECTION('center_axis',(1.,0.,0.));
#16402=DIRECTION('ref_axis',(0.,0.,-1.));
#16403=DIRECTION('',(0.,0.,1.));
#16404=DIRECTION('',(0.,0.,-1.));
#16405=DIRECTION('',(0.,-1.,0.));
#16406=DIRECTION('center_axis',(0.5,0.,0.866025403784438));
#16407=DIRECTION('ref_axis',(0.866025403784438,0.,-0.5));
#16408=DIRECTION('',(-0.866025403784438,0.,0.5));
#16409=DIRECTION('',(0.866025403784438,0.,-0.5));
#16410=DIRECTION('',(0.,1.,0.));
#16411=DIRECTION('center_axis',(-0.5,0.,0.866025403784438));
#16412=DIRECTION('ref_axis',(0.866025403784438,0.,0.5));
#16413=DIRECTION('',(-0.866025403784438,0.,-0.5));
#16414=DIRECTION('',(0.866025403784438,0.,0.5));
#16415=DIRECTION('',(0.,1.,0.));
#16416=DIRECTION('center_axis',(-1.,0.,0.));
#16417=DIRECTION('ref_axis',(0.,0.,1.));
#16418=DIRECTION('',(0.,0.,-1.));
#16419=DIRECTION('',(0.,0.,1.));
#16420=DIRECTION('center_axis',(-0.5,0.,-0.866025403784439));
#16421=DIRECTION('ref_axis',(-0.866025403784439,0.,0.5));
#16422=DIRECTION('',(0.866025403784439,0.,-0.5));
#16423=DIRECTION('',(0.,1.,0.));
#16424=DIRECTION('',(-0.866025403784439,0.,0.5));
#16425=DIRECTION('',(0.,1.,0.));
#16426=DIRECTION('center_axis',(0.5,0.,-0.866025403784439));
#16427=DIRECTION('ref_axis',(-0.866025403784439,0.,-0.5));
#16428=DIRECTION('',(0.866025403784439,0.,0.5));
#16429=DIRECTION('',(-0.866025403784439,0.,-0.5));
#16430=DIRECTION('',(0.,1.,0.));
#16431=DIRECTION('center_axis',(1.,0.,0.));
#16432=DIRECTION('ref_axis',(0.,0.,-1.));
#16433=DIRECTION('',(0.,0.,1.));
#16434=DIRECTION('',(0.,0.,-1.));
#16435=DIRECTION('',(0.,-1.,0.));
#16436=DIRECTION('center_axis',(0.5,0.,0.866025403784438));
#16437=DIRECTION('ref_axis',(0.866025403784438,0.,-0.5));
#16438=DIRECTION('',(-0.866025403784438,0.,0.5));
#16439=DIRECTION('',(0.866025403784438,0.,-0.5));
#16440=DIRECTION('',(0.,1.,0.));
#16441=DIRECTION('center_axis',(-0.5,0.,0.866025403784438));
#16442=DIRECTION('ref_axis',(0.866025403784438,0.,0.5));
#16443=DIRECTION('',(-0.866025403784438,0.,-0.5));
#16444=DIRECTION('',(0.866025403784438,0.,0.5));
#16445=DIRECTION('',(0.,1.,0.));
#16446=DIRECTION('center_axis',(-1.,0.,0.));
#16447=DIRECTION('ref_axis',(0.,0.,1.));
#16448=DIRECTION('',(0.,0.,-1.));
#16449=DIRECTION('',(0.,0.,1.));
#16450=DIRECTION('center_axis',(-0.5,0.,-0.866025403784439));
#16451=DIRECTION('ref_axis',(-0.866025403784439,0.,0.5));
#16452=DIRECTION('',(0.866025403784439,0.,-0.5));
#16453=DIRECTION('',(0.,1.,0.));
#16454=DIRECTION('',(-0.866025403784439,0.,0.5));
#16455=DIRECTION('',(0.,1.,0.));
#16456=DIRECTION('center_axis',(0.5,0.,-0.866025403784439));
#16457=DIRECTION('ref_axis',(-0.866025403784439,0.,-0.5));
#16458=DIRECTION('',(0.866025403784439,0.,0.5));
#16459=DIRECTION('',(-0.866025403784439,0.,-0.5));
#16460=DIRECTION('',(0.,1.,0.));
#16461=DIRECTION('center_axis',(1.,0.,0.));
#16462=DIRECTION('ref_axis',(0.,0.,-1.));
#16463=DIRECTION('',(0.,0.,1.));
#16464=DIRECTION('',(0.,0.,-1.));
#16465=DIRECTION('',(0.,-1.,0.));
#16466=DIRECTION('center_axis',(0.5,0.,0.866025403784438));
#16467=DIRECTION('ref_axis',(0.866025403784438,0.,-0.5));
#16468=DIRECTION('',(-0.866025403784438,0.,0.5));
#16469=DIRECTION('',(0.866025403784438,0.,-0.5));
#16470=DIRECTION('',(0.,1.,0.));
#16471=DIRECTION('center_axis',(-0.5,0.,0.866025403784438));
#16472=DIRECTION('ref_axis',(0.866025403784438,0.,0.5));
#16473=DIRECTION('',(-0.866025403784438,0.,-0.5));
#16474=DIRECTION('',(0.866025403784438,0.,0.5));
#16475=DIRECTION('',(0.,1.,0.));
#16476=DIRECTION('center_axis',(-1.,0.,0.));
#16477=DIRECTION('ref_axis',(0.,0.,1.));
#16478=DIRECTION('',(0.,0.,-1.));
#16479=DIRECTION('',(0.,0.,1.));
#16480=DIRECTION('center_axis',(-0.5,0.,-0.866025403784439));
#16481=DIRECTION('ref_axis',(-0.866025403784439,0.,0.5));
#16482=DIRECTION('',(0.866025403784439,0.,-0.5));
#16483=DIRECTION('',(0.,1.,0.));
#16484=DIRECTION('',(-0.866025403784439,0.,0.5));
#16485=DIRECTION('',(0.,1.,0.));
#16486=DIRECTION('center_axis',(0.5,0.,-0.866025403784439));
#16487=DIRECTION('ref_axis',(-0.866025403784439,0.,-0.5));
#16488=DIRECTION('',(0.866025403784439,0.,0.5));
#16489=DIRECTION('',(-0.866025403784439,0.,-0.5));
#16490=DIRECTION('',(0.,1.,0.));
#16491=DIRECTION('center_axis',(1.,0.,0.));
#16492=DIRECTION('ref_axis',(0.,0.,-1.));
#16493=DIRECTION('',(0.,0.,1.));
#16494=DIRECTION('',(0.,0.,-1.));
#16495=DIRECTION('',(0.,-1.,0.));
#16496=DIRECTION('center_axis',(0.5,0.,0.866025403784438));
#16497=DIRECTION('ref_axis',(0.866025403784438,0.,-0.5));
#16498=DIRECTION('',(-0.866025403784438,0.,0.5));
#16499=DIRECTION('',(0.866025403784438,0.,-0.5));
#16500=DIRECTION('',(0.,1.,0.));
#16501=DIRECTION('center_axis',(-0.5,0.,0.866025403784438));
#16502=DIRECTION('ref_axis',(0.866025403784438,0.,0.5));
#16503=DIRECTION('',(-0.866025403784438,0.,-0.5));
#16504=DIRECTION('',(0.866025403784438,0.,0.5));
#16505=DIRECTION('',(0.,1.,0.));
#16506=DIRECTION('center_axis',(-1.,0.,0.));
#16507=DIRECTION('ref_axis',(0.,0.,1.));
#16508=DIRECTION('',(0.,0.,-1.));
#16509=DIRECTION('',(0.,0.,1.));
#16510=DIRECTION('center_axis',(0.,1.,0.));
#16511=DIRECTION('ref_axis',(1.,0.,0.));
#16512=DIRECTION('center_axis',(0.,1.,0.));
#16513=DIRECTION('ref_axis',(1.,0.,0.));
#16514=DIRECTION('',(0.,1.,0.));
#16515=DIRECTION('center_axis',(0.,-1.,0.));
#16516=DIRECTION('ref_axis',(1.,0.,0.));
#16517=DIRECTION('center_axis',(1.,0.,0.));
#16518=DIRECTION('ref_axis',(0.,0.,-1.));
#16519=DIRECTION('',(0.,0.,-1.));
#16520=DIRECTION('',(0.,1.,0.));
#16521=DIRECTION('',(0.,0.,1.));
#16522=DIRECTION('',(0.,1.,0.));
#16523=DIRECTION('center_axis',(0.,0.,-1.));
#16524=DIRECTION('ref_axis',(-1.,0.,0.));
#16525=DIRECTION('',(-1.,0.,0.));
#16526=DIRECTION('',(1.,0.,0.));
#16527=DIRECTION('',(0.,1.,0.));
#16528=DIRECTION('center_axis',(-1.,0.,0.));
#16529=DIRECTION('ref_axis',(0.,0.,1.));
#16530=DIRECTION('',(0.,0.,1.));
#16531=DIRECTION('',(0.,0.,-1.));
#16532=DIRECTION('',(0.,-1.,0.));
#16533=DIRECTION('center_axis',(0.,0.,1.));
#16534=DIRECTION('ref_axis',(1.,0.,0.));
#16535=DIRECTION('',(1.,0.,0.));
#16536=DIRECTION('',(-1.,0.,0.));
#16537=DIRECTION('center_axis',(1.,0.,0.));
#16538=DIRECTION('ref_axis',(0.,0.,-1.));
#16539=DIRECTION('',(0.,0.,-1.));
#16540=DIRECTION('',(0.,1.,0.));
#16541=DIRECTION('',(0.,0.,1.));
#16542=DIRECTION('',(0.,1.,0.));
#16543=DIRECTION('center_axis',(0.,0.,-1.));
#16544=DIRECTION('ref_axis',(-1.,0.,0.));
#16545=DIRECTION('',(-1.,0.,0.));
#16546=DIRECTION('',(1.,0.,0.));
#16547=DIRECTION('',(0.,1.,0.));
#16548=DIRECTION('center_axis',(-1.,0.,0.));
#16549=DIRECTION('ref_axis',(0.,0.,1.));
#16550=DIRECTION('',(0.,0.,1.));
#16551=DIRECTION('',(0.,0.,-1.));
#16552=DIRECTION('',(0.,-1.,0.));
#16553=DIRECTION('center_axis',(0.,0.,1.));
#16554=DIRECTION('ref_axis',(1.,0.,0.));
#16555=DIRECTION('',(1.,0.,0.));
#16556=DIRECTION('',(-1.,0.,0.));
#16557=DIRECTION('center_axis',(0.,1.,0.));
#16558=DIRECTION('ref_axis',(1.,0.,0.));
#16559=DIRECTION('center_axis',(0.,1.,0.));
#16560=DIRECTION('ref_axis',(1.,0.,0.));
#16561=DIRECTION('',(0.,1.,0.));
#16562=DIRECTION('center_axis',(0.,-1.,0.));
#16563=DIRECTION('ref_axis',(1.,0.,0.));
#16564=DIRECTION('center_axis',(0.,0.,-1.));
#16565=DIRECTION('ref_axis',(1.,0.,0.));
#16566=DIRECTION('center_axis',(0.,0.,-1.));
#16567=DIRECTION('ref_axis',(1.,0.,0.));
#16568=DIRECTION('',(0.,0.,-1.));
#16569=DIRECTION('center_axis',(0.,0.,-1.));
#16570=DIRECTION('ref_axis',(1.,0.,0.));
#16571=DIRECTION('center_axis',(0.,0.,1.));
#16572=DIRECTION('ref_axis',(1.,0.,0.));
#16573=DIRECTION('center_axis',(0.,0.,-1.));
#16574=DIRECTION('ref_axis',(1.,0.,0.));
#16575=DIRECTION('center_axis',(0.,0.,-1.));
#16576=DIRECTION('ref_axis',(1.,0.,0.));
#16577=DIRECTION('',(0.,0.,-1.));
#16578=DIRECTION('center_axis',(0.,0.,-1.));
#16579=DIRECTION('ref_axis',(1.,0.,0.));
#16580=DIRECTION('center_axis',(0.,0.,1.));
#16581=DIRECTION('ref_axis',(1.,0.,0.));
#16582=DIRECTION('center_axis',(0.,0.,-1.));
#16583=DIRECTION('ref_axis',(1.,0.,0.));
#16584=DIRECTION('center_axis',(0.,0.,-1.));
#16585=DIRECTION('ref_axis',(1.,0.,0.));
#16586=DIRECTION('',(0.,0.,-1.));
#16587=DIRECTION('center_axis',(0.,0.,-1.));
#16588=DIRECTION('ref_axis',(1.,0.,0.));
#16589=DIRECTION('center_axis',(0.,0.,1.));
#16590=DIRECTION('ref_axis',(1.,0.,0.));
#16591=DIRECTION('center_axis',(0.,0.,-1.));
#16592=DIRECTION('ref_axis',(1.,0.,0.));
#16593=DIRECTION('center_axis',(0.,0.,-1.));
#16594=DIRECTION('ref_axis',(1.,0.,0.));
#16595=DIRECTION('',(0.,0.,-1.));
#16596=DIRECTION('center_axis',(0.,0.,-1.));
#16597=DIRECTION('ref_axis',(1.,0.,0.));
#16598=DIRECTION('center_axis',(0.,0.,1.));
#16599=DIRECTION('ref_axis',(1.,0.,0.));
#16600=DIRECTION('center_axis',(0.,0.,1.));
#16601=DIRECTION('ref_axis',(1.,0.,0.));
#16602=DIRECTION('',(0.,0.,1.));
#16603=DIRECTION('center_axis',(0.,0.,-1.));
#16604=DIRECTION('ref_axis',(1.,0.,0.));
#16605=DIRECTION('',(0.,0.,1.));
#16606=DIRECTION('center_axis',(0.,0.,1.));
#16607=DIRECTION('ref_axis',(1.,0.,0.));
#16608=DIRECTION('center_axis',(0.,0.,1.));
#16609=DIRECTION('ref_axis',(-0.707106781186547,-0.707106781186548,0.));
#16610=DIRECTION('center_axis',(0.,0.,1.));
#16611=DIRECTION('ref_axis',(1.,0.,0.));
#16612=DIRECTION('center_axis',(0.,0.,-1.));
#16613=DIRECTION('ref_axis',(1.,0.,0.));
#16614=DIRECTION('center_axis',(0.,0.,1.));
#16615=DIRECTION('ref_axis',(1.,0.,0.));
#16616=DIRECTION('center_axis',(1.,0.,0.));
#16617=DIRECTION('ref_axis',(0.,1.,0.));
#16618=DIRECTION('',(0.,0.,1.));
#16619=DIRECTION('',(0.,1.,0.));
#16620=DIRECTION('',(0.,0.,1.));
#16621=DIRECTION('',(0.,-1.,0.));
#16622=DIRECTION('center_axis',(0.,1.,0.));
#16623=DIRECTION('ref_axis',(-1.,0.,0.));
#16624=DIRECTION('',(0.,0.,1.));
#16625=DIRECTION('',(-1.,0.,0.));
#16626=DIRECTION('',(0.,0.,1.));
#16627=DIRECTION('',(1.,0.,0.));
#16628=DIRECTION('center_axis',(0.,0.,1.));
#16629=DIRECTION('ref_axis',(1.,0.,0.));
#16630=DIRECTION('',(0.,1.,0.));
#16631=DIRECTION('center_axis',(0.,0.,1.));
#16632=DIRECTION('ref_axis',(1.,0.,0.));
#16633=DIRECTION('',(-1.,0.,0.));
#16634=DIRECTION('center_axis',(0.,0.,-1.));
#16635=DIRECTION('ref_axis',(1.,0.,0.));
#16636=DIRECTION('',(0.,-1.,0.));
#16637=DIRECTION('center_axis',(0.,0.,-1.));
#16638=DIRECTION('ref_axis',(1.,0.,0.));
#16639=DIRECTION('',(1.,0.,0.));
#16640=DIRECTION('center_axis',(0.,0.,-1.));
#16641=DIRECTION('ref_axis',(1.,0.,0.));
#16642=DIRECTION('center_axis',(0.,0.,1.));
#16643=DIRECTION('ref_axis',(1.,0.,0.));
#16644=DIRECTION('',(0.,0.,1.));
#16645=DIRECTION('center_axis',(0.,0.,-1.));
#16646=DIRECTION('ref_axis',(1.,0.,0.));
#16647=DIRECTION('',(0.,0.,1.));
#16648=DIRECTION('center_axis',(0.,0.,1.));
#16649=DIRECTION('ref_axis',(1.,0.,0.));
#16650=DIRECTION('center_axis',(0.,0.,1.));
#16651=DIRECTION('ref_axis',(1.,0.,0.));
#16652=DIRECTION('center_axis',(0.,0.,1.));
#16653=DIRECTION('ref_axis',(1.,0.,0.));
#16654=DIRECTION('center_axis',(0.,0.,1.));
#16655=DIRECTION('ref_axis',(1.,0.,0.));
#16656=DIRECTION('center_axis',(-1.,0.,0.));
#16657=DIRECTION('ref_axis',(0.,-1.,0.));
#16658=DIRECTION('',(0.,0.,1.));
#16659=DIRECTION('',(0.,0.,1.));
#16660=DIRECTION('',(0.,1.,0.));
#16661=DIRECTION('center_axis',(0.,0.,1.));
#16662=DIRECTION('ref_axis',(1.,0.,0.));
#16663=DIRECTION('',(0.,-1.,0.));
#16664=DIRECTION('',(1.,0.,0.));
#16665=DIRECTION('center_axis',(0.,-1.,0.));
#16666=DIRECTION('ref_axis',(1.,0.,0.));
#16667=DIRECTION('',(0.,0.,1.));
#16668=DIRECTION('',(0.,0.,1.));
#16669=DIRECTION('',(-1.,0.,0.));
#16670=DIRECTION('center_axis',(0.,0.,1.));
#16671=DIRECTION('ref_axis',(1.,0.,0.));
#16672=DIRECTION('',(0.,0.,1.));
#16673=DIRECTION('center_axis',(0.,0.,-1.));
#16674=DIRECTION('ref_axis',(1.,0.,0.));
#16675=DIRECTION('',(0.,0.,1.));
#16676=DIRECTION('center_axis',(0.,0.,1.));
#16677=DIRECTION('ref_axis',(1.,0.,0.));
#16678=DIRECTION('center_axis',(0.,0.,1.));
#16679=DIRECTION('ref_axis',(-0.707106781186548,0.707106781186547,0.));
#16680=DIRECTION('center_axis',(0.,0.,1.));
#16681=DIRECTION('ref_axis',(1.,0.,0.));
#16682=DIRECTION('center_axis',(0.,0.,1.));
#16683=DIRECTION('ref_axis',(1.,0.,0.));
#16684=DIRECTION('center_axis',(0.,-1.,0.));
#16685=DIRECTION('ref_axis',(1.,0.,0.));
#16686=DIRECTION('',(-1.,0.,0.));
#16687=DIRECTION('',(0.,0.,1.));
#16688=DIRECTION('center_axis',(1.,0.,0.));
#16689=DIRECTION('ref_axis',(0.,1.,0.));
#16690=DIRECTION('',(0.,1.,0.));
#16691=DIRECTION('',(0.,0.,1.));
#16692=DIRECTION('',(0.,-1.,0.));
#16693=DIRECTION('center_axis',(0.,0.,1.));
#16694=DIRECTION('ref_axis',(1.,0.,0.));
#16695=DIRECTION('',(1.,0.,0.));
#16696=DIRECTION('center_axis',(0.,0.,1.));
#16697=DIRECTION('ref_axis',(1.,0.,0.));
#16698=DIRECTION('',(0.,0.,1.));
#16699=DIRECTION('',(0.,0.,1.));
#16700=DIRECTION('center_axis',(0.,0.,1.));
#16701=DIRECTION('ref_axis',(1.,0.,0.));
#16702=DIRECTION('center_axis',(0.,0.,1.));
#16703=DIRECTION('ref_axis',(1.,0.,0.));
#16704=DIRECTION('center_axis',(0.,0.,1.));
#16705=DIRECTION('ref_axis',(1.,0.,0.));
#16706=DIRECTION('center_axis',(0.,0.,-1.));
#16707=DIRECTION('ref_axis',(1.,0.,0.));
#16708=DIRECTION('center_axis',(0.,0.,1.));
#16709=DIRECTION('ref_axis',(1.,0.,0.));
#16710=DIRECTION('center_axis',(-1.,0.,0.));
#16711=DIRECTION('ref_axis',(0.,-1.,0.));
#16712=DIRECTION('',(0.,-1.,0.));
#16713=DIRECTION('',(0.,0.,1.));
#16714=DIRECTION('',(0.,1.,0.));
#16715=DIRECTION('center_axis',(0.,0.,1.));
#16716=DIRECTION('ref_axis',(1.,0.,0.));
#16717=DIRECTION('',(-1.,0.,0.));
#16718=DIRECTION('center_axis',(0.,1.,0.));
#16719=DIRECTION('ref_axis',(-1.,0.,0.));
#16720=DIRECTION('',(1.,0.,0.));
#16721=DIRECTION('',(0.,0.,1.));
#16722=DIRECTION('center_axis',(0.,0.,1.));
#16723=DIRECTION('ref_axis',(-0.707106781186548,-0.707106781186547,0.));
#16724=DIRECTION('',(0.,-0.707106781186547,0.707106781186548));
#16725=DIRECTION('center_axis',(0.,0.,-1.));
#16726=DIRECTION('ref_axis',(-0.707106781186548,-0.707106781186547,0.));
#16727=DIRECTION('',(0.707106781186548,-1.57009245868377E-16,-0.707106781186547));
#16728=DIRECTION('center_axis',(0.,0.,1.));
#16729=DIRECTION('ref_axis',(-0.707106781186548,-0.707106781186547,0.));
#16730=DIRECTION('center_axis',(0.,-0.707106781186547,-0.707106781186548));
#16731=DIRECTION('ref_axis',(-1.,0.,0.));
#16732=DIRECTION('',(0.,-0.707106781186548,0.707106781186547));
#16733=DIRECTION('',(-1.,0.,0.));
#16734=DIRECTION('',(1.,0.,0.));
#16735=DIRECTION('center_axis',(0.,0.,1.));
#16736=DIRECTION('ref_axis',(0.707106781186548,-0.707106781186547,0.));
#16737=DIRECTION('',(0.707106781186545,0.,0.70710678118655));
#16738=DIRECTION('center_axis',(0.,0.,-1.));
#16739=DIRECTION('ref_axis',(0.707106781186548,-0.707106781186547,0.));
#16740=DIRECTION('center_axis',(0.,0.,1.));
#16741=DIRECTION('ref_axis',(0.707106781186548,-0.707106781186547,0.));
#16742=DIRECTION('center_axis',(0.707106781186545,0.,-0.70710678118655));
#16743=DIRECTION('ref_axis',(-0.70710678118655,0.,-0.707106781186545));
#16744=DIRECTION('',(0.70710678118655,0.,0.707106781186545));
#16745=DIRECTION('',(0.,-1.,0.));
#16746=DIRECTION('',(0.,1.,0.));
#16747=DIRECTION('center_axis',(0.,0.,1.));
#16748=DIRECTION('ref_axis',(0.707106781186549,0.707106781186546,0.));
#16749=DIRECTION('',(0.,0.707106781186546,0.707106781186549));
#16750=DIRECTION('center_axis',(0.,0.,-1.));
#16751=DIRECTION('ref_axis',(0.707106781186549,0.707106781186546,0.));
#16752=DIRECTION('center_axis',(0.,0.,1.));
#16753=DIRECTION('ref_axis',(0.707106781186549,0.707106781186546,0.));
#16754=DIRECTION('center_axis',(0.,0.707106781186548,-0.707106781186548));
#16755=DIRECTION('ref_axis',(-1.,0.,0.));
#16756=DIRECTION('',(0.,0.707106781186547,0.707106781186547));
#16757=DIRECTION('',(1.,0.,0.));
#16758=DIRECTION('',(-1.,0.,0.));
#16759=DIRECTION('center_axis',(0.,0.,1.));
#16760=DIRECTION('ref_axis',(-0.707106781186548,0.707106781186547,0.));
#16761=DIRECTION('',(-0.707106781186547,0.,0.707106781186548));
#16762=DIRECTION('center_axis',(0.,0.,-1.));
#16763=DIRECTION('ref_axis',(-0.707106781186548,0.707106781186547,0.));
#16764=DIRECTION('center_axis',(0.,0.,1.));
#16765=DIRECTION('ref_axis',(-0.707106781186548,0.707106781186547,0.));
#16766=DIRECTION('center_axis',(-0.707106781186547,0.,-0.707106781186548));
#16767=DIRECTION('ref_axis',(-0.707106781186548,0.,0.707106781186547));
#16768=DIRECTION('',(0.,1.,0.));
#16769=DIRECTION('',(0.,-1.,0.));
#16770=DIRECTION('center_axis',(0.,1.,0.));
#16771=DIRECTION('ref_axis',(-1.,0.,0.));
#16772=DIRECTION('',(0.,0.,-1.));
#16773=DIRECTION('',(-1.,0.,0.));
#16774=DIRECTION('',(0.,0.,1.));
#16775=DIRECTION('center_axis',(0.,0.,1.));
#16776=DIRECTION('ref_axis',(-0.707106781186548,0.707106781186547,0.));
#16777=DIRECTION('',(0.,0.,1.));
#16778=DIRECTION('center_axis',(0.,0.,-1.));
#16779=DIRECTION('ref_axis',(-0.707106781186548,0.707106781186547,0.));
#16780=DIRECTION('center_axis',(-1.,0.,0.));
#16781=DIRECTION('ref_axis',(0.,-1.,0.));
#16782=DIRECTION('',(0.,0.,-1.));
#16783=DIRECTION('',(0.,-1.,0.));
#16784=DIRECTION('center_axis',(0.,0.,1.));
#16785=DIRECTION('ref_axis',(-0.707106781186548,-0.707106781186547,0.));
#16786=DIRECTION('',(0.,0.,1.));
#16787=DIRECTION('center_axis',(0.,0.,-1.));
#16788=DIRECTION('ref_axis',(-0.707106781186548,-0.707106781186547,0.));
#16789=DIRECTION('center_axis',(0.,0.,1.));
#16790=DIRECTION('ref_axis',(1.,0.,0.));
#16791=DIRECTION('center_axis',(0.,-1.,0.));
#16792=DIRECTION('ref_axis',(1.,0.,0.));
#16793=DIRECTION('',(-1.,0.,0.));
#16794=DIRECTION('center_axis',(-1.,0.,0.));
#16795=DIRECTION('ref_axis',(0.,-1.,0.));
#16796=DIRECTION('',(0.,1.,0.));
#16797=DIRECTION('center_axis',(0.,1.,0.));
#16798=DIRECTION('ref_axis',(-1.,0.,0.));
#16799=DIRECTION('',(1.,0.,0.));
#16800=DIRECTION('center_axis',(1.,0.,0.));
#16801=DIRECTION('ref_axis',(0.,1.,0.));
#16802=DIRECTION('',(0.,-1.,0.));
#16803=DIRECTION('center_axis',(0.,0.,1.));
#16804=DIRECTION('ref_axis',(1.,0.,0.));
#16805=DIRECTION('',(1.,0.,0.));
#16806=DIRECTION('center_axis',(0.,0.,-1.));
#16807=DIRECTION('ref_axis',(0.707106781186548,-0.707106781186547,0.));
#16808=DIRECTION('',(0.,1.,0.));
#16809=DIRECTION('center_axis',(0.,0.,-1.));
#16810=DIRECTION('ref_axis',(0.707106781186549,0.707106781186546,0.));
#16811=DIRECTION('center_axis',(0.,0.,1.));
#16812=DIRECTION('ref_axis',(0.707106781186548,-0.707106781186547,0.));
#16813=DIRECTION('',(0.,0.,1.));
#16814=DIRECTION('',(0.,0.,-1.));
#16815=DIRECTION('center_axis',(1.,0.,0.));
#16816=DIRECTION('ref_axis',(0.,1.,0.));
#16817=DIRECTION('',(0.,0.,-1.));
#16818=DIRECTION('center_axis',(0.,0.,1.));
#16819=DIRECTION('ref_axis',(0.707106781186549,0.707106781186546,0.));
#16820=DIRECTION('center_axis',(0.,-1.,0.));
#16821=DIRECTION('ref_axis',(1.,0.,0.));
#16822=DIRECTION('',(0.,0.,1.));
#16823=DIRECTION('',(1.,0.,0.));
#16824=DIRECTION('',(0.,0.,1.));
#16825=DIRECTION('',(1.,0.,0.));
#16826=DIRECTION('',(0.,0.,1.));
#16827=DIRECTION('',(1.,0.,0.));
#16828=CARTESIAN_POINT('',(0.,0.,0.));
#16829=CARTESIAN_POINT('',(0.,0.,0.));
#16830=CARTESIAN_POINT('Origin',(45.,0.25,2.4));
#16831=CARTESIAN_POINT('',(53.,0.25,4.9));
#16832=CARTESIAN_POINT('',(53.,0.25,2.4));
#16833=CARTESIAN_POINT('',(53.,0.25,2.4));
#16834=CARTESIAN_POINT('',(37.,0.25,4.9));
#16835=CARTESIAN_POINT('Origin',(45.,0.25,4.9));
#16836=CARTESIAN_POINT('',(37.,0.249999999999999,2.4));
#16837=CARTESIAN_POINT('',(37.,0.25,2.4));
#16838=CARTESIAN_POINT('Origin',(45.,0.25,2.4));
#16839=CARTESIAN_POINT('Origin',(100.,0.25,2.4));
#16840=CARTESIAN_POINT('',(108.,0.25,4.9));
#16841=CARTESIAN_POINT('',(108.,0.25,2.4));
#16842=CARTESIAN_POINT('',(108.,0.25,2.4));
#16843=CARTESIAN_POINT('',(92.,0.25,4.9));
#16844=CARTESIAN_POINT('Origin',(100.,0.25,4.9));
#16845=CARTESIAN_POINT('',(92.,0.249999999999999,2.4));
#16846=CARTESIAN_POINT('',(92.,0.25,2.4));
#16847=CARTESIAN_POINT('Origin',(100.,0.25,2.4));
#16848=CARTESIAN_POINT('Origin',(75.,39.,2.4));
#16849=CARTESIAN_POINT('',(0.25,0.250000000000004,2.4));
#16850=CARTESIAN_POINT('',(0.25,0.25,2.4));
#16851=CARTESIAN_POINT('',(0.25,77.75,2.4));
#16852=CARTESIAN_POINT('',(0.25,77.75,2.4));
#16853=CARTESIAN_POINT('',(149.75,77.75,2.4));
#16854=CARTESIAN_POINT('',(149.75,77.75,2.4));
#16855=CARTESIAN_POINT('',(149.75,0.25,2.4));
#16856=CARTESIAN_POINT('',(149.75,0.25,2.4));
#16857=CARTESIAN_POINT('',(0.25,0.25,2.4));
#16858=CARTESIAN_POINT('',(0.25,0.25,2.4));
#16859=CARTESIAN_POINT('Origin',(0.25,0.25,2.4));
#16860=CARTESIAN_POINT('',(0.25,0.250000000000004,4.9));
#16861=CARTESIAN_POINT('',(0.25,0.25,4.9));
#16862=CARTESIAN_POINT('',(0.25,0.250000000000004,2.4));
#16863=CARTESIAN_POINT('Origin',(0.25,0.25,2.4));
#16864=CARTESIAN_POINT('',(149.75,0.250000000000004,4.9));
#16865=CARTESIAN_POINT('',(149.75,0.25,2.4));
#16866=CARTESIAN_POINT('',(0.25,0.25,4.9));
#16867=CARTESIAN_POINT('Origin',(109.4,76.5,4.9));
#16868=CARTESIAN_POINT('',(140.5,76.5,4.9));
#16869=CARTESIAN_POINT('',(140.5,76.5,10.9));
#16870=CARTESIAN_POINT('',(140.5,76.5,4.9));
#16871=CARTESIAN_POINT('',(142.1,76.5,10.9));
#16872=CARTESIAN_POINT('',(103.45,76.5,10.9));
#16873=CARTESIAN_POINT('',(142.1,76.5,4.9));
#16874=CARTESIAN_POINT('',(142.1,76.5,4.9));
#16875=CARTESIAN_POINT('',(109.4,76.5,4.9));
#16876=CARTESIAN_POINT('Origin',(109.4,76.5,4.9));
#16877=CARTESIAN_POINT('',(109.9,76.5,10.9));
#16878=CARTESIAN_POINT('',(109.9,76.5,4.9));
#16879=CARTESIAN_POINT('',(109.9,76.5,4.9));
#16880=CARTESIAN_POINT('',(111.5,76.5,10.9));
#16881=CARTESIAN_POINT('',(103.45,76.5,10.9));
#16882=CARTESIAN_POINT('',(111.5,76.5,4.9));
#16883=CARTESIAN_POINT('',(111.5,76.5,4.9));
#16884=CARTESIAN_POINT('',(109.4,76.5,4.9));
#16885=CARTESIAN_POINT('Origin',(111.5,5.5,4.9));
#16886=CARTESIAN_POINT('',(111.5,32.1,4.9));
#16887=CARTESIAN_POINT('',(111.5,32.1,10.9));
#16888=CARTESIAN_POINT('',(111.5,32.1,4.9));
#16889=CARTESIAN_POINT('',(111.5,22.25,4.9));
#16890=CARTESIAN_POINT('',(111.5,76.5,10.9));
#16891=CARTESIAN_POINT('Origin',(111.5,5.5,4.9));
#16892=CARTESIAN_POINT('',(111.5,9.9,10.9));
#16893=CARTESIAN_POINT('',(111.5,9.9,4.9));
#16894=CARTESIAN_POINT('',(111.5,9.9,4.9));
#16895=CARTESIAN_POINT('',(111.5,5.5,10.9));
#16896=CARTESIAN_POINT('',(111.5,76.5,10.9));
#16897=CARTESIAN_POINT('',(111.5,5.5,4.9));
#16898=CARTESIAN_POINT('',(111.5,5.5,4.9));
#16899=CARTESIAN_POINT('',(111.5,22.25,4.9));
#16900=CARTESIAN_POINT('Origin',(109.9,78.1,4.9));
#16901=CARTESIAN_POINT('',(109.9,32.1,4.9));
#16902=CARTESIAN_POINT('',(109.9,58.55,4.9));
#16903=CARTESIAN_POINT('',(109.9,32.1,10.9));
#16904=CARTESIAN_POINT('',(109.9,32.1,4.9));
#16905=CARTESIAN_POINT('',(109.9,78.1,10.9));
#16906=CARTESIAN_POINT('Origin',(109.9,78.1,4.9));
#16907=CARTESIAN_POINT('',(109.9,9.9,4.9));
#16908=CARTESIAN_POINT('',(109.9,9.9,10.9));
#16909=CARTESIAN_POINT('',(109.9,9.9,4.9));
#16910=CARTESIAN_POINT('',(109.9,3.9,4.9));
#16911=CARTESIAN_POINT('',(109.9,58.55,4.9));
#16912=CARTESIAN_POINT('',(109.9,3.9,10.9));
#16913=CARTESIAN_POINT('',(109.9,3.9,4.9));
#16914=CARTESIAN_POINT('',(109.9,78.1,10.9));
#16915=CARTESIAN_POINT('Origin',(140.5,5.5,4.9));
#16916=CARTESIAN_POINT('',(140.5,5.5,4.9));
#16917=CARTESIAN_POINT('',(107.75,5.5,4.9));
#16918=CARTESIAN_POINT('',(140.5,5.5,10.9));
#16919=CARTESIAN_POINT('',(111.5,5.5,10.9));
#16920=CARTESIAN_POINT('',(140.5,5.5,4.9));
#16921=CARTESIAN_POINT('Origin',(140.5,76.5,4.9));
#16922=CARTESIAN_POINT('',(140.5,57.75,4.9));
#16923=CARTESIAN_POINT('',(140.5,5.5,10.9));
#16924=CARTESIAN_POINT('Origin',(142.1,3.9,4.9));
#16925=CARTESIAN_POINT('',(142.1,3.9,10.9));
#16926=CARTESIAN_POINT('',(142.1,3.9,10.9));
#16927=CARTESIAN_POINT('',(142.1,3.9,4.9));
#16928=CARTESIAN_POINT('',(142.1,3.9,4.9));
#16929=CARTESIAN_POINT('',(142.1,21.45,4.9));
#16930=CARTESIAN_POINT('Origin',(109.9,3.9,4.9));
#16931=CARTESIAN_POINT('',(92.45,3.9,4.9));
#16932=CARTESIAN_POINT('',(109.9,3.9,10.9));
#16933=CARTESIAN_POINT('Origin',(109.9,78.1,4.9));
#16934=CARTESIAN_POINT('',(109.9,11.5,10.9));
#16935=CARTESIAN_POINT('',(109.9,11.5,4.9));
#16936=CARTESIAN_POINT('',(109.9,11.5,4.9));
#16937=CARTESIAN_POINT('',(109.9,30.5,10.9));
#16938=CARTESIAN_POINT('',(109.9,78.1,10.9));
#16939=CARTESIAN_POINT('',(109.9,30.5,4.9));
#16940=CARTESIAN_POINT('',(109.9,30.5,4.9));
#16941=CARTESIAN_POINT('',(109.9,58.55,4.9));
#16942=CARTESIAN_POINT('Origin',(110.5,11.5,4.9));
#16943=CARTESIAN_POINT('',(84.5,11.5,4.9));
#16944=CARTESIAN_POINT('',(92.75,11.5,4.9));
#16945=CARTESIAN_POINT('',(84.5,11.5,10.9));
#16946=CARTESIAN_POINT('',(84.5,11.5,4.9));
#16947=CARTESIAN_POINT('',(84.5,11.5,10.9));
#16948=CARTESIAN_POINT('Origin',(82.9,9.9,4.9));
#16949=CARTESIAN_POINT('',(112.1,9.9,4.9));
#16950=CARTESIAN_POINT('',(78.95,9.9,4.9));
#16951=CARTESIAN_POINT('',(112.1,9.9,10.9));
#16952=CARTESIAN_POINT('',(112.1,9.9,4.9));
#16953=CARTESIAN_POINT('',(82.9,9.9,10.9));
#16954=CARTESIAN_POINT('Origin',(82.9,9.9,4.9));
#16955=CARTESIAN_POINT('',(82.9,9.9,10.9));
#16956=CARTESIAN_POINT('',(82.9,9.9,10.9));
#16957=CARTESIAN_POINT('',(82.9,9.9,4.9));
#16958=CARTESIAN_POINT('',(82.9,9.9,4.9));
#16959=CARTESIAN_POINT('',(78.95,9.9,4.9));
#16960=CARTESIAN_POINT('Origin',(84.5,30.5,4.9));
#16961=CARTESIAN_POINT('',(101.5,30.5,10.9));
#16962=CARTESIAN_POINT('',(110.5,30.5,10.9));
#16963=CARTESIAN_POINT('',(101.5,30.5,4.9));
#16964=CARTESIAN_POINT('',(101.5,30.5,4.9));
#16965=CARTESIAN_POINT('',(79.75,30.5,4.9));
#16966=CARTESIAN_POINT('Origin',(112.1,32.1,4.9));
#16967=CARTESIAN_POINT('',(101.5,32.1,4.9));
#16968=CARTESIAN_POINT('',(93.55,32.1,4.9));
#16969=CARTESIAN_POINT('',(101.5,32.1,10.9));
#16970=CARTESIAN_POINT('',(101.5,32.1,4.9));
#16971=CARTESIAN_POINT('',(112.1,32.1,10.9));
#16972=CARTESIAN_POINT('Origin',(75.,39.,4.9));
#16973=CARTESIAN_POINT('',(0.25,0.25,4.9));
#16974=CARTESIAN_POINT('',(149.75,77.75,4.9));
#16975=CARTESIAN_POINT('',(149.75,0.25,4.9));
#16976=CARTESIAN_POINT('',(0.25,77.75,4.9));
#16977=CARTESIAN_POINT('',(149.75,77.75,4.9));
#16978=CARTESIAN_POINT('',(0.25,77.75,4.9));
#16979=CARTESIAN_POINT('',(11.5,37.5,4.9));
#16980=CARTESIAN_POINT('',(62.5,37.5,4.9));
#16981=CARTESIAN_POINT('',(68.75,37.5,4.9));
#16982=CARTESIAN_POINT('',(62.5,76.5,4.9));
#16983=CARTESIAN_POINT('',(62.5,57.75,4.9));
#16984=CARTESIAN_POINT('',(64.1,76.5,4.9));
#16985=CARTESIAN_POINT('',(9.4,76.5,4.9));
#16986=CARTESIAN_POINT('',(64.1,35.9,4.9));
#16987=CARTESIAN_POINT('',(64.1,37.45,4.9));
#16988=CARTESIAN_POINT('',(9.9,35.9,4.9));
#16989=CARTESIAN_POINT('',(42.45,35.9,4.9));
#16990=CARTESIAN_POINT('',(9.9,76.5,4.9));
#16991=CARTESIAN_POINT('',(9.9,58.55,4.9));
#16992=CARTESIAN_POINT('',(11.5,76.5,4.9));
#16993=CARTESIAN_POINT('',(9.4,76.5,4.9));
#16994=CARTESIAN_POINT('',(11.5,38.25,4.9));
#16995=CARTESIAN_POINT('',(21.,30.5,4.9));
#16996=CARTESIAN_POINT('',(11.5,30.5,4.9));
#16997=CARTESIAN_POINT('',(43.25,30.5,4.9));
#16998=CARTESIAN_POINT('',(11.5,11.5,4.9));
#16999=CARTESIAN_POINT('',(11.5,25.25,4.9));
#17000=CARTESIAN_POINT('',(38.5,11.5,4.9));
#17001=CARTESIAN_POINT('',(56.75,11.5,4.9));
#17002=CARTESIAN_POINT('',(38.5,30.5,4.9));
#17003=CARTESIAN_POINT('',(38.5,34.75,4.9));
#17004=CARTESIAN_POINT('',(29.,30.5,4.9));
#17005=CARTESIAN_POINT('',(43.25,30.5,4.9));
#17006=CARTESIAN_POINT('',(29.,32.1,4.9));
#17007=CARTESIAN_POINT('',(29.,30.3,4.9));
#17008=CARTESIAN_POINT('',(40.1,32.1,4.9));
#17009=CARTESIAN_POINT('',(57.55,32.1,4.9));
#17010=CARTESIAN_POINT('',(40.1,9.9,4.9));
#17011=CARTESIAN_POINT('',(40.1,24.45,4.9));
#17012=CARTESIAN_POINT('',(9.9,9.9,4.9));
#17013=CARTESIAN_POINT('',(42.45,9.9,4.9));
#17014=CARTESIAN_POINT('',(9.9,32.1,4.9));
#17015=CARTESIAN_POINT('',(9.9,35.55,4.9));
#17016=CARTESIAN_POINT('',(21.,32.1,4.9));
#17017=CARTESIAN_POINT('',(57.55,32.1,4.9));
#17018=CARTESIAN_POINT('',(21.,32.6,4.9));
#17019=CARTESIAN_POINT('',(58.5,30.5,4.9));
#17020=CARTESIAN_POINT('',(49.5,30.5,4.9));
#17021=CARTESIAN_POINT('',(62.25,30.5,4.9));
#17022=CARTESIAN_POINT('',(49.5,11.5,4.9));
#17023=CARTESIAN_POINT('',(49.5,25.25,4.9));
#17024=CARTESIAN_POINT('',(75.5,11.5,4.9));
#17025=CARTESIAN_POINT('',(75.25,11.5,4.9));
#17026=CARTESIAN_POINT('',(75.5,30.5,4.9));
#17027=CARTESIAN_POINT('',(75.5,34.75,4.9));
#17028=CARTESIAN_POINT('',(66.5,30.5,4.9));
#17029=CARTESIAN_POINT('',(62.25,30.5,4.9));
#17030=CARTESIAN_POINT('',(66.5,32.1,4.9));
#17031=CARTESIAN_POINT('',(66.5,30.3,4.9));
#17032=CARTESIAN_POINT('',(77.1,32.1,4.9));
#17033=CARTESIAN_POINT('',(76.05,32.1,4.9));
#17034=CARTESIAN_POINT('',(77.1,9.9,4.9));
#17035=CARTESIAN_POINT('',(77.1,24.45,4.9));
#17036=CARTESIAN_POINT('',(47.9,9.9,4.9));
#17037=CARTESIAN_POINT('',(61.45,9.9,4.9));
#17038=CARTESIAN_POINT('',(47.9,32.1,4.9));
#17039=CARTESIAN_POINT('',(47.9,35.55,4.9));
#17040=CARTESIAN_POINT('',(58.5,32.1,4.9));
#17041=CARTESIAN_POINT('',(76.05,32.1,4.9));
#17042=CARTESIAN_POINT('',(58.5,32.6,4.9));
#17043=CARTESIAN_POINT('',(112.1,32.1,4.9));
#17044=CARTESIAN_POINT('',(93.55,32.1,4.9));
#17045=CARTESIAN_POINT('',(112.1,24.45,4.9));
#17046=CARTESIAN_POINT('',(82.9,32.1,4.9));
#17047=CARTESIAN_POINT('',(82.9,35.55,4.9));
#17048=CARTESIAN_POINT('',(93.5,32.1,4.9));
#17049=CARTESIAN_POINT('',(93.55,32.1,4.9));
#17050=CARTESIAN_POINT('',(93.5,30.5,4.9));
#17051=CARTESIAN_POINT('',(93.5,32.6,4.9));
#17052=CARTESIAN_POINT('',(84.5,30.5,4.9));
#17053=CARTESIAN_POINT('',(79.75,30.5,4.9));
#17054=CARTESIAN_POINT('',(84.5,25.25,4.9));
#17055=CARTESIAN_POINT('',(101.5,30.3,4.9));
#17056=CARTESIAN_POINT('Origin',(9.4,76.5,4.9));
#17057=CARTESIAN_POINT('',(62.5,76.5,16.9));
#17058=CARTESIAN_POINT('',(62.5,76.5,4.9));
#17059=CARTESIAN_POINT('',(64.1,76.5,16.9));
#17060=CARTESIAN_POINT('',(23.2,76.5,16.9));
#17061=CARTESIAN_POINT('',(64.1,76.5,4.9));
#17062=CARTESIAN_POINT('Origin',(9.4,76.5,4.9));
#17063=CARTESIAN_POINT('',(11.5,76.5,16.9));
#17064=CARTESIAN_POINT('',(11.5,76.5,4.9));
#17065=CARTESIAN_POINT('',(9.9,76.5,16.9));
#17066=CARTESIAN_POINT('',(9.9,76.5,4.9));
#17067=CARTESIAN_POINT('',(23.2,76.5,16.9));
#17068=CARTESIAN_POINT('Origin',(37.,57.,16.9));
#17069=CARTESIAN_POINT('',(9.9,35.9,16.9));
#17070=CARTESIAN_POINT('',(9.9,78.1,16.9));
#17071=CARTESIAN_POINT('',(64.1,35.9,16.9));
#17072=CARTESIAN_POINT('',(9.9,35.9,16.9));
#17073=CARTESIAN_POINT('',(64.1,35.9,16.9));
#17074=CARTESIAN_POINT('',(62.5,37.5,16.9));
#17075=CARTESIAN_POINT('',(62.5,37.5,16.9));
#17076=CARTESIAN_POINT('',(11.5,37.5,16.9));
#17077=CARTESIAN_POINT('',(11.5,37.5,16.9));
#17078=CARTESIAN_POINT('',(11.5,76.5,16.9));
#17079=CARTESIAN_POINT('Origin',(9.9,78.1,4.9));
#17080=CARTESIAN_POINT('',(9.9,35.9,4.9));
#17081=CARTESIAN_POINT('Origin',(62.5,37.5,4.9));
#17082=CARTESIAN_POINT('',(11.5,37.5,4.9));
#17083=CARTESIAN_POINT('',(62.5,37.5,4.9));
#17084=CARTESIAN_POINT('Origin',(62.5,76.5,4.9));
#17085=CARTESIAN_POINT('Origin',(11.5,37.5,4.9));
#17086=CARTESIAN_POINT('Origin',(64.1,35.9,4.9));
#17087=CARTESIAN_POINT('',(64.1,35.9,4.9));
#17088=CARTESIAN_POINT('Origin',(9.9,35.9,4.9));
#17089=CARTESIAN_POINT('Origin',(93.5,32.6,4.9));
#17090=CARTESIAN_POINT('',(93.5,30.5,10.9));
#17091=CARTESIAN_POINT('',(93.5,30.5,4.9));
#17092=CARTESIAN_POINT('',(93.5,32.1,10.9));
#17093=CARTESIAN_POINT('',(93.5,32.1,4.9));
#17094=CARTESIAN_POINT('',(93.5,26.8,10.9));
#17095=CARTESIAN_POINT('Origin',(101.5,30.3,4.9));
#17096=CARTESIAN_POINT('',(101.5,25.65,10.9));
#17097=CARTESIAN_POINT('Origin',(84.5,30.5,4.9));
#17098=CARTESIAN_POINT('',(84.5,30.5,10.9));
#17099=CARTESIAN_POINT('',(110.5,30.5,10.9));
#17100=CARTESIAN_POINT('',(84.5,30.5,4.9));
#17101=CARTESIAN_POINT('Origin',(112.1,32.1,4.9));
#17102=CARTESIAN_POINT('',(82.9,32.1,10.9));
#17103=CARTESIAN_POINT('',(82.9,32.1,4.9));
#17104=CARTESIAN_POINT('',(112.1,32.1,10.9));
#17105=CARTESIAN_POINT('Origin',(84.5,11.5,4.9));
#17106=CARTESIAN_POINT('',(84.5,30.5,10.9));
#17107=CARTESIAN_POINT('Origin',(112.1,32.1,4.9));
#17108=CARTESIAN_POINT('',(112.1,32.1,10.9));
#17109=CARTESIAN_POINT('',(112.1,32.1,10.9));
#17110=CARTESIAN_POINT('',(112.1,32.1,4.9));
#17111=CARTESIAN_POINT('Origin',(112.1,9.9,4.9));
#17112=CARTESIAN_POINT('',(112.1,9.9,10.9));
#17113=CARTESIAN_POINT('Origin',(82.9,32.1,4.9));
#17114=CARTESIAN_POINT('',(82.9,32.1,10.9));
#17115=CARTESIAN_POINT('Origin',(97.5,21.,10.9));
#17116=CARTESIAN_POINT('Origin',(58.5,32.6,4.9));
#17117=CARTESIAN_POINT('',(58.5,30.5,10.9));
#17118=CARTESIAN_POINT('',(58.5,30.5,4.9));
#17119=CARTESIAN_POINT('',(58.5,32.1,10.9));
#17120=CARTESIAN_POINT('',(58.5,32.1,4.9));
#17121=CARTESIAN_POINT('',(58.5,26.8,10.9));
#17122=CARTESIAN_POINT('Origin',(66.5,30.3,4.9));
#17123=CARTESIAN_POINT('',(66.5,30.5,10.9));
#17124=CARTESIAN_POINT('',(66.5,30.5,4.9));
#17125=CARTESIAN_POINT('',(66.5,32.1,10.9));
#17126=CARTESIAN_POINT('',(66.5,25.65,10.9));
#17127=CARTESIAN_POINT('',(66.5,32.1,4.9));
#17128=CARTESIAN_POINT('Origin',(49.5,30.5,4.9));
#17129=CARTESIAN_POINT('',(49.5,30.5,10.9));
#17130=CARTESIAN_POINT('',(75.5,30.5,10.9));
#17131=CARTESIAN_POINT('',(49.5,30.5,4.9));
#17132=CARTESIAN_POINT('Origin',(49.5,30.5,4.9));
#17133=CARTESIAN_POINT('',(75.5,30.5,10.9));
#17134=CARTESIAN_POINT('',(75.5,30.5,4.9));
#17135=CARTESIAN_POINT('',(75.5,30.5,10.9));
#17136=CARTESIAN_POINT('Origin',(77.1,32.1,4.9));
#17137=CARTESIAN_POINT('',(47.9,32.1,10.9));
#17138=CARTESIAN_POINT('',(47.9,32.1,4.9));
#17139=CARTESIAN_POINT('',(77.1,32.1,10.9));
#17140=CARTESIAN_POINT('Origin',(75.5,11.5,4.9));
#17141=CARTESIAN_POINT('',(49.5,11.5,10.9));
#17142=CARTESIAN_POINT('',(49.5,11.5,4.9));
#17143=CARTESIAN_POINT('',(75.5,11.5,10.9));
#17144=CARTESIAN_POINT('',(49.5,11.5,10.9));
#17145=CARTESIAN_POINT('',(75.5,11.5,4.9));
#17146=CARTESIAN_POINT('Origin',(75.5,30.5,4.9));
#17147=CARTESIAN_POINT('',(75.5,11.5,10.9));
#17148=CARTESIAN_POINT('Origin',(49.5,11.5,4.9));
#17149=CARTESIAN_POINT('',(49.5,30.5,10.9));
#17150=CARTESIAN_POINT('Origin',(77.1,32.1,4.9));
#17151=CARTESIAN_POINT('',(77.1,32.1,10.9));
#17152=CARTESIAN_POINT('',(77.1,32.1,10.9));
#17153=CARTESIAN_POINT('',(77.1,32.1,4.9));
#17154=CARTESIAN_POINT('Origin',(77.1,9.9,4.9));
#17155=CARTESIAN_POINT('',(77.1,9.9,10.9));
#17156=CARTESIAN_POINT('',(77.1,9.9,10.9));
#17157=CARTESIAN_POINT('',(77.1,9.9,4.9));
#17158=CARTESIAN_POINT('Origin',(47.9,9.9,4.9));
#17159=CARTESIAN_POINT('',(47.9,9.9,10.9));
#17160=CARTESIAN_POINT('',(47.9,9.9,10.9));
#17161=CARTESIAN_POINT('',(47.9,9.9,4.9));
#17162=CARTESIAN_POINT('Origin',(47.9,32.1,4.9));
#17163=CARTESIAN_POINT('',(47.9,32.1,10.9));
#17164=CARTESIAN_POINT('Origin',(62.5,21.,10.9));
#17165=CARTESIAN_POINT('Origin',(21.,32.6,4.9));
#17166=CARTESIAN_POINT('',(21.,30.5,10.9));
#17167=CARTESIAN_POINT('',(21.,30.5,4.9));
#17168=CARTESIAN_POINT('',(21.,32.1,10.9));
#17169=CARTESIAN_POINT('',(21.,32.1,4.9));
#17170=CARTESIAN_POINT('',(21.,26.8,10.9));
#17171=CARTESIAN_POINT('Origin',(29.,30.3,4.9));
#17172=CARTESIAN_POINT('',(29.,30.5,10.9));
#17173=CARTESIAN_POINT('',(29.,30.5,4.9));
#17174=CARTESIAN_POINT('',(29.,32.1,10.9));
#17175=CARTESIAN_POINT('',(29.,25.65,10.9));
#17176=CARTESIAN_POINT('',(29.,32.1,4.9));
#17177=CARTESIAN_POINT('Origin',(11.5,30.5,4.9));
#17178=CARTESIAN_POINT('',(11.5,30.5,10.9));
#17179=CARTESIAN_POINT('',(38.5,30.5,10.9));
#17180=CARTESIAN_POINT('',(11.5,30.5,4.9));
#17181=CARTESIAN_POINT('Origin',(11.5,30.5,4.9));
#17182=CARTESIAN_POINT('',(38.5,30.5,10.9));
#17183=CARTESIAN_POINT('',(38.5,30.5,4.9));
#17184=CARTESIAN_POINT('',(38.5,30.5,10.9));
#17185=CARTESIAN_POINT('Origin',(40.1,32.1,4.9));
#17186=CARTESIAN_POINT('',(9.9,32.1,10.9));
#17187=CARTESIAN_POINT('',(9.9,32.1,4.9));
#17188=CARTESIAN_POINT('',(40.1,32.1,10.9));
#17189=CARTESIAN_POINT('Origin',(38.5,11.5,4.9));
#17190=CARTESIAN_POINT('',(11.5,11.5,10.9));
#17191=CARTESIAN_POINT('',(11.5,11.5,4.9));
#17192=CARTESIAN_POINT('',(38.5,11.5,10.9));
#17193=CARTESIAN_POINT('',(11.5,11.5,10.9));
#17194=CARTESIAN_POINT('',(38.5,11.5,4.9));
#17195=CARTESIAN_POINT('Origin',(38.5,30.5,4.9));
#17196=CARTESIAN_POINT('',(38.5,11.5,10.9));
#17197=CARTESIAN_POINT('Origin',(11.5,11.5,4.9));
#17198=CARTESIAN_POINT('',(11.5,30.5,10.9));
#17199=CARTESIAN_POINT('Origin',(40.1,32.1,4.9));
#17200=CARTESIAN_POINT('',(40.1,32.1,10.9));
#17201=CARTESIAN_POINT('',(40.1,32.1,10.9));
#17202=CARTESIAN_POINT('',(40.1,32.1,4.9));
#17203=CARTESIAN_POINT('Origin',(40.1,9.9,4.9));
#17204=CARTESIAN_POINT('',(40.1,9.9,10.9));
#17205=CARTESIAN_POINT('',(40.1,9.9,10.9));
#17206=CARTESIAN_POINT('',(40.1,9.9,4.9));
#17207=CARTESIAN_POINT('Origin',(9.9,9.9,4.9));
#17208=CARTESIAN_POINT('',(9.9,9.9,10.9));
#17209=CARTESIAN_POINT('',(9.9,9.9,10.9));
#17210=CARTESIAN_POINT('',(9.9,9.9,4.9));
#17211=CARTESIAN_POINT('Origin',(9.9,32.1,4.9));
#17212=CARTESIAN_POINT('',(9.9,32.1,10.9));
#17213=CARTESIAN_POINT('Origin',(25.,21.,10.9));
#17214=CARTESIAN_POINT('Origin',(149.75,77.75,2.4));
#17215=CARTESIAN_POINT('',(0.25,77.75,2.4));
#17216=CARTESIAN_POINT('',(149.75,77.75,2.4));
#17217=CARTESIAN_POINT('Origin',(149.75,0.25,2.4));
#17218=CARTESIAN_POINT('Origin',(0.25,0.25,2.4));
#17219=CARTESIAN_POINT('Origin',(0.25,77.75,2.4));
#17220=CARTESIAN_POINT('',(0.,0.,0.));
#17221=CARTESIAN_POINT('Origin',(4.,74.,35.4));
#17222=CARTESIAN_POINT('',(0.9,74.,35.4));
#17223=CARTESIAN_POINT('Origin',(4.,74.,35.4));
#17224=CARTESIAN_POINT('',(0.9,74.,32.4));
#17225=CARTESIAN_POINT('',(0.9,74.,35.4));
#17226=CARTESIAN_POINT('Origin',(4.,74.,32.4));
#17227=CARTESIAN_POINT('Origin',(146.,4.,35.4));
#17228=CARTESIAN_POINT('',(142.9,4.,35.4));
#17229=CARTESIAN_POINT('Origin',(146.,4.,35.4));
#17230=CARTESIAN_POINT('',(142.9,4.,32.4));
#17231=CARTESIAN_POINT('',(142.9,4.,35.4));
#17232=CARTESIAN_POINT('Origin',(146.,4.,32.4));
#17233=CARTESIAN_POINT('Origin',(4.,4.,35.4));
#17234=CARTESIAN_POINT('',(0.9,4.,35.4));
#17235=CARTESIAN_POINT('Origin',(4.,4.,35.4));
#17236=CARTESIAN_POINT('',(0.9,4.,32.4));
#17237=CARTESIAN_POINT('',(0.9,4.,35.4));
#17238=CARTESIAN_POINT('Origin',(4.,4.,32.4));
#17239=CARTESIAN_POINT('Origin',(146.,74.,35.4));
#17240=CARTESIAN_POINT('',(142.9,74.,35.4));
#17241=CARTESIAN_POINT('Origin',(146.,74.,35.4));
#17242=CARTESIAN_POINT('',(142.9,74.,32.4));
#17243=CARTESIAN_POINT('',(142.9,74.,35.4));
#17244=CARTESIAN_POINT('Origin',(146.,74.,32.4));
#17245=CARTESIAN_POINT('Origin',(4.,74.,32.4));
#17246=CARTESIAN_POINT('',(0.67584597228107,77.6,32.4));
#17247=CARTESIAN_POINT('',(0.67584597228107,77.6,28.4));
#17248=CARTESIAN_POINT('',(0.67584597228107,77.6,32.4));
#17249=CARTESIAN_POINT('',(0.4,77.3241540277189,32.4));
#17250=CARTESIAN_POINT('Origin',(4.,74.,32.4));
#17251=CARTESIAN_POINT('',(0.4,77.3241540277189,28.4));
#17252=CARTESIAN_POINT('',(0.4,77.3241540277189,32.4));
#17253=CARTESIAN_POINT('Origin',(4.,74.,28.4));
#17254=CARTESIAN_POINT('Origin',(4.,74.,32.4));
#17255=CARTESIAN_POINT('',(2.,69.526746150731,28.4));
#17256=CARTESIAN_POINT('',(2.,69.526746150731,32.4));
#17257=CARTESIAN_POINT('',(2.,69.526746150731,32.4));
#17258=CARTESIAN_POINT('',(0.4,70.6758459722811,28.4));
#17259=CARTESIAN_POINT('Origin',(4.,74.,28.4));
#17260=CARTESIAN_POINT('',(0.4,70.6758459722811,32.4));
#17261=CARTESIAN_POINT('',(0.4,70.6758459722811,32.4));
#17262=CARTESIAN_POINT('Origin',(4.,74.,32.4));
#17263=CARTESIAN_POINT('Origin',(4.,74.,32.4));
#17264=CARTESIAN_POINT('',(8.47325384926901,76.,32.4));
#17265=CARTESIAN_POINT('',(8.47325384926901,76.,28.4));
#17266=CARTESIAN_POINT('',(8.47325384926901,76.,32.4));
#17267=CARTESIAN_POINT('',(7.32415402771893,77.6,32.4));
#17268=CARTESIAN_POINT('Origin',(4.,74.,32.4));
#17269=CARTESIAN_POINT('',(7.32415402771893,77.6,28.4));
#17270=CARTESIAN_POINT('',(7.32415402771893,77.6,32.4));
#17271=CARTESIAN_POINT('Origin',(4.,74.,28.4));
#17272=CARTESIAN_POINT('Origin',(146.,4.,32.4));
#17273=CARTESIAN_POINT('',(149.324154027719,0.4,32.4));
#17274=CARTESIAN_POINT('',(149.324154027719,0.4,28.4));
#17275=CARTESIAN_POINT('',(149.324154027719,0.4,32.4));
#17276=CARTESIAN_POINT('',(149.6,0.675845972281078,32.4));
#17277=CARTESIAN_POINT('Origin',(146.,4.,32.4));
#17278=CARTESIAN_POINT('',(149.6,0.675845972281078,28.4));
#17279=CARTESIAN_POINT('',(149.6,0.675845972281078,32.4));
#17280=CARTESIAN_POINT('Origin',(146.,4.,28.4));
#17281=CARTESIAN_POINT('Origin',(146.,4.,32.4));
#17282=CARTESIAN_POINT('',(148.,8.47325384926901,28.4));
#17283=CARTESIAN_POINT('',(148.,8.47325384926901,32.4));
#17284=CARTESIAN_POINT('',(148.,8.47325384926901,32.4));
#17285=CARTESIAN_POINT('',(149.6,7.32415402771892,28.4));
#17286=CARTESIAN_POINT('Origin',(146.,4.,28.4));
#17287=CARTESIAN_POINT('',(149.6,7.32415402771892,32.4));
#17288=CARTESIAN_POINT('',(149.6,7.32415402771892,32.4));
#17289=CARTESIAN_POINT('Origin',(146.,4.,32.4));
#17290=CARTESIAN_POINT('Origin',(146.,4.,32.4));
#17291=CARTESIAN_POINT('',(142.675845972281,0.4,28.4));
#17292=CARTESIAN_POINT('',(142.675845972281,0.4,32.4));
#17293=CARTESIAN_POINT('',(142.675845972281,0.4,32.4));
#17294=CARTESIAN_POINT('',(141.526746150731,2.,28.4));
#17295=CARTESIAN_POINT('Origin',(146.,4.,28.4));
#17296=CARTESIAN_POINT('',(141.526746150731,2.,32.4));
#17297=CARTESIAN_POINT('',(141.526746150731,2.,32.4));
#17298=CARTESIAN_POINT('Origin',(146.,4.,32.4));
#17299=CARTESIAN_POINT('Origin',(4.,4.,32.4));
#17300=CARTESIAN_POINT('',(2.,8.47325384926901,32.4));
#17301=CARTESIAN_POINT('',(2.,8.47325384926901,28.4));
#17302=CARTESIAN_POINT('',(2.,8.47325384926901,32.4));
#17303=CARTESIAN_POINT('',(0.4,7.32415402771893,32.4));
#17304=CARTESIAN_POINT('Origin',(4.,4.,32.4));
#17305=CARTESIAN_POINT('',(0.4,7.32415402771893,28.4));
#17306=CARTESIAN_POINT('',(0.4,7.32415402771893,32.4));
#17307=CARTESIAN_POINT('Origin',(4.,4.,28.4));
#17308=CARTESIAN_POINT('Origin',(4.,4.,32.4));
#17309=CARTESIAN_POINT('',(0.675845972281067,0.4,28.4));
#17310=CARTESIAN_POINT('',(0.675845972281067,0.4,32.4));
#17311=CARTESIAN_POINT('',(0.675845972281067,0.4,32.4));
#17312=CARTESIAN_POINT('',(0.4,0.675845972281067,28.4));
#17313=CARTESIAN_POINT('Origin',(4.,4.,28.4));
#17314=CARTESIAN_POINT('',(0.4,0.675845972281067,32.4));
#17315=CARTESIAN_POINT('',(0.4,0.675845972281067,32.4));
#17316=CARTESIAN_POINT('Origin',(4.,4.,32.4));
#17317=CARTESIAN_POINT('Origin',(4.,4.,32.4));
#17318=CARTESIAN_POINT('',(7.32415402771893,0.4,32.4));
#17319=CARTESIAN_POINT('',(7.32415402771893,0.4,28.4));
#17320=CARTESIAN_POINT('',(7.32415402771893,0.4,32.4));
#17321=CARTESIAN_POINT('',(8.47325384926901,2.,32.4));
#17322=CARTESIAN_POINT('Origin',(4.,4.,32.4));
#17323=CARTESIAN_POINT('',(8.47325384926901,2.,28.4));
#17324=CARTESIAN_POINT('',(8.47325384926901,2.,32.4));
#17325=CARTESIAN_POINT('Origin',(4.,4.,28.4));
#17326=CARTESIAN_POINT('Origin',(146.,74.,32.4));
#17327=CARTESIAN_POINT('',(149.6,77.3241540277189,32.4));
#17328=CARTESIAN_POINT('',(149.6,77.3241540277189,28.4));
#17329=CARTESIAN_POINT('',(149.6,77.3241540277189,32.4));
#17330=CARTESIAN_POINT('',(149.324154027719,77.6,32.4));
#17331=CARTESIAN_POINT('Origin',(146.,74.,32.4));
#17332=CARTESIAN_POINT('',(149.324154027719,77.6,28.4));
#17333=CARTESIAN_POINT('',(149.324154027719,77.6,32.4));
#17334=CARTESIAN_POINT('Origin',(146.,74.,28.4));
#17335=CARTESIAN_POINT('Origin',(146.,74.,32.4));
#17336=CARTESIAN_POINT('',(141.526746150731,76.,28.4));
#17337=CARTESIAN_POINT('',(141.526746150731,76.,32.4));
#17338=CARTESIAN_POINT('',(141.526746150731,76.,32.4));
#17339=CARTESIAN_POINT('',(142.675845972281,77.6,28.4));
#17340=CARTESIAN_POINT('Origin',(146.,74.,28.4));
#17341=CARTESIAN_POINT('',(142.675845972281,77.6,32.4));
#17342=CARTESIAN_POINT('',(142.675845972281,77.6,32.4));
#17343=CARTESIAN_POINT('Origin',(146.,74.,32.4));
#17344=CARTESIAN_POINT('Origin',(146.,74.,32.4));
#17345=CARTESIAN_POINT('',(149.6,70.6758459722811,28.4));
#17346=CARTESIAN_POINT('',(149.6,70.6758459722811,32.4));
#17347=CARTESIAN_POINT('',(149.6,70.6758459722811,32.4));
#17348=CARTESIAN_POINT('',(148.,69.526746150731,28.4));
#17349=CARTESIAN_POINT('Origin',(146.,74.,28.4));
#17350=CARTESIAN_POINT('',(148.,69.526746150731,32.4));
#17351=CARTESIAN_POINT('',(148.,69.526746150731,32.4));
#17352=CARTESIAN_POINT('Origin',(146.,74.,32.4));
#17353=CARTESIAN_POINT('Origin',(149.6,0.4,32.4));
#17354=CARTESIAN_POINT('',(0.4,0.4,32.4));
#17355=CARTESIAN_POINT('',(112.3,0.4,32.4));
#17356=CARTESIAN_POINT('',(0.4,0.4,28.4));
#17357=CARTESIAN_POINT('',(0.4,0.4,32.4));
#17358=CARTESIAN_POINT('',(0.4,0.4,28.4));
#17359=CARTESIAN_POINT('Origin',(149.6,0.4,32.4));
#17360=CARTESIAN_POINT('',(149.6,0.4,28.4));
#17361=CARTESIAN_POINT('',(0.4,0.4,28.4));
#17362=CARTESIAN_POINT('',(149.6,0.4,32.4));
#17363=CARTESIAN_POINT('',(149.6,0.4,32.4));
#17364=CARTESIAN_POINT('',(112.3,0.4,32.4));
#17365=CARTESIAN_POINT('Origin',(149.6,0.4,32.4));
#17366=CARTESIAN_POINT('',(112.3,0.4,32.4));
#17367=CARTESIAN_POINT('',(0.4,0.4,28.4));
#17368=CARTESIAN_POINT('Origin',(0.4,0.4,32.4));
#17369=CARTESIAN_POINT('',(0.4,77.6,28.4));
#17370=CARTESIAN_POINT('',(0.4,19.7,32.4));
#17371=CARTESIAN_POINT('Origin',(0.4,0.4,32.4));
#17372=CARTESIAN_POINT('',(0.4,77.6,32.4));
#17373=CARTESIAN_POINT('',(0.4,19.7,32.4));
#17374=CARTESIAN_POINT('',(0.4,77.6,28.4));
#17375=CARTESIAN_POINT('',(0.4,77.6,32.4));
#17376=CARTESIAN_POINT('',(0.4,77.6,28.4));
#17377=CARTESIAN_POINT('Origin',(149.6,77.6,32.4));
#17378=CARTESIAN_POINT('',(149.6,77.6,28.4));
#17379=CARTESIAN_POINT('',(149.6,0.4,28.4));
#17380=CARTESIAN_POINT('',(149.6,77.6,32.4));
#17381=CARTESIAN_POINT('',(149.6,77.6,32.4));
#17382=CARTESIAN_POINT('',(149.6,58.3,32.4));
#17383=CARTESIAN_POINT('Origin',(149.6,77.6,32.4));
#17384=CARTESIAN_POINT('',(149.6,0.4,28.4));
#17385=CARTESIAN_POINT('',(149.6,58.3,32.4));
#17386=CARTESIAN_POINT('Origin',(149.6,77.6,32.4));
#17387=CARTESIAN_POINT('',(149.6,58.3,32.4));
#17388=CARTESIAN_POINT('',(149.6,0.4,28.4));
#17389=CARTESIAN_POINT('Origin',(148.,76.,32.4));
#17390=CARTESIAN_POINT('',(148.,76.,28.4));
#17391=CARTESIAN_POINT('',(111.5,76.,32.4));
#17392=CARTESIAN_POINT('Origin',(75.,39.,28.4));
#17393=CARTESIAN_POINT('',(149.6,77.6,28.4));
#17394=CARTESIAN_POINT('Origin',(75.,39.,28.4));
#17395=CARTESIAN_POINT('',(149.6,77.6,28.4));
#17396=CARTESIAN_POINT('Origin',(75.,39.,28.4));
#17397=CARTESIAN_POINT('Origin',(75.,39.,28.4));
#17398=CARTESIAN_POINT('Origin',(75.,39.,28.4));
#17399=CARTESIAN_POINT('',(148.,2.,28.4));
#17400=CARTESIAN_POINT('Origin',(75.,39.,28.4));
#17401=CARTESIAN_POINT('',(2.,2.,28.4));
#17402=CARTESIAN_POINT('Origin',(75.,39.,28.4));
#17403=CARTESIAN_POINT('',(149.6,77.6,28.4));
#17404=CARTESIAN_POINT('Origin',(75.,39.,28.4));
#17405=CARTESIAN_POINT('',(2.,76.,28.4));
#17406=CARTESIAN_POINT('',(0.4,77.6,28.4));
#17407=CARTESIAN_POINT('Origin',(0.399999999999991,77.6,32.4));
#17408=CARTESIAN_POINT('',(37.7,77.6,32.4));
#17409=CARTESIAN_POINT('Origin',(0.399999999999991,77.6,32.4));
#17410=CARTESIAN_POINT('',(37.7,77.6,32.4));
#17411=CARTESIAN_POINT('Origin',(0.399999999999991,77.6,32.4));
#17412=CARTESIAN_POINT('',(37.7,77.6,32.4));
#17413=CARTESIAN_POINT('Origin',(148.,2.,32.4));
#17414=CARTESIAN_POINT('',(148.,20.5,32.4));
#17415=CARTESIAN_POINT('Origin',(2.,2.,32.4));
#17416=CARTESIAN_POINT('',(38.5,2.,32.4));
#17417=CARTESIAN_POINT('Origin',(2.,76.,32.4));
#17418=CARTESIAN_POINT('',(2.,57.5,32.4));
#17419=CARTESIAN_POINT('Origin',(0.4,0.4,32.4));
#17420=CARTESIAN_POINT('',(0.4,19.7,32.4));
#17421=CARTESIAN_POINT('Origin',(3.4,3.4,34.4));
#17422=CARTESIAN_POINT('',(-0.599999999999999,3.4,35.4));
#17423=CARTESIAN_POINT('',(-2.6,3.4,33.4));
#17424=CARTESIAN_POINT('',(-0.599999999999999,3.4,35.4));
#17425=CARTESIAN_POINT('',(3.4,-2.6,33.4));
#17426=CARTESIAN_POINT('Origin',(3.4,3.4,33.4));
#17427=CARTESIAN_POINT('',(3.4,-0.600000000000001,35.4));
#17428=CARTESIAN_POINT('',(3.4,-2.6,33.4));
#17429=CARTESIAN_POINT('Origin',(3.4,3.4,35.4));
#17430=CARTESIAN_POINT('Origin',(-1.6,59.8,34.4));
#17431=CARTESIAN_POINT('',(-0.600000000000001,74.6,35.4));
#17432=CARTESIAN_POINT('',(-0.600000000000001,59.8,35.4));
#17433=CARTESIAN_POINT('',(-2.6,74.6,33.4));
#17434=CARTESIAN_POINT('',(-0.600000000000001,74.6,35.4));
#17435=CARTESIAN_POINT('',(-2.6,59.8,33.4));
#17436=CARTESIAN_POINT('Origin',(3.4,74.6,34.4));
#17437=CARTESIAN_POINT('',(3.4,78.6,35.4));
#17438=CARTESIAN_POINT('',(3.4,80.6,33.4));
#17439=CARTESIAN_POINT('',(3.4,78.6,35.4));
#17440=CARTESIAN_POINT('Origin',(3.4,74.6,33.4));
#17441=CARTESIAN_POINT('Origin',(3.4,74.6,35.4));
#17442=CARTESIAN_POINT('Origin',(113.8,79.6,34.4));
#17443=CARTESIAN_POINT('',(146.6,78.6,35.4));
#17444=CARTESIAN_POINT('',(113.8,78.6,35.4));
#17445=CARTESIAN_POINT('',(146.6,80.6,33.4));
#17446=CARTESIAN_POINT('',(146.6,78.6,35.4));
#17447=CARTESIAN_POINT('',(113.8,80.6,33.4));
#17448=CARTESIAN_POINT('Origin',(146.6,74.6,34.4));
#17449=CARTESIAN_POINT('',(150.6,74.6,35.4));
#17450=CARTESIAN_POINT('',(152.6,74.6,33.4));
#17451=CARTESIAN_POINT('',(150.6,74.6,35.4));
#17452=CARTESIAN_POINT('Origin',(146.6,74.6,33.4));
#17453=CARTESIAN_POINT('Origin',(146.6,74.6,35.4));
#17454=CARTESIAN_POINT('Origin',(151.6,18.2,34.4));
#17455=CARTESIAN_POINT('',(150.6,3.4,35.4));
#17456=CARTESIAN_POINT('',(150.6,18.2,35.4));
#17457=CARTESIAN_POINT('',(152.6,3.4,33.4));
#17458=CARTESIAN_POINT('',(150.6,3.4,35.4));
#17459=CARTESIAN_POINT('',(152.6,18.2,33.4));
#17460=CARTESIAN_POINT('Origin',(146.6,3.4,34.4));
#17461=CARTESIAN_POINT('',(146.6,-0.600000000000005,35.4));
#17462=CARTESIAN_POINT('',(146.6,-2.6,33.4));
#17463=CARTESIAN_POINT('',(146.6,-0.600000000000005,35.4));
#17464=CARTESIAN_POINT('Origin',(146.6,3.4,33.4));
#17465=CARTESIAN_POINT('Origin',(146.6,3.4,35.4));
#17466=CARTESIAN_POINT('Origin',(36.2,-1.6,34.4));
#17467=CARTESIAN_POINT('',(36.2,-0.600000000000001,35.4));
#17468=CARTESIAN_POINT('',(36.2,-2.6,33.4));
#17469=CARTESIAN_POINT('Origin',(152.6,-2.6,32.4));
#17470=CARTESIAN_POINT('',(152.6,3.4,32.4));
#17471=CARTESIAN_POINT('',(152.6,3.4,32.4));
#17472=CARTESIAN_POINT('',(152.6,74.6,32.4));
#17473=CARTESIAN_POINT('',(152.6,-2.6,32.4));
#17474=CARTESIAN_POINT('',(152.6,74.6,32.4));
#17475=CARTESIAN_POINT('Origin',(146.6,3.4,32.4));
#17476=CARTESIAN_POINT('',(146.6,-2.6,32.4));
#17477=CARTESIAN_POINT('',(146.6,-2.6,32.4));
#17478=CARTESIAN_POINT('Origin',(146.6,3.4,32.4));
#17479=CARTESIAN_POINT('Origin',(-2.6,-2.6,32.4));
#17480=CARTESIAN_POINT('',(3.4,-2.6,32.4));
#17481=CARTESIAN_POINT('',(3.4,-2.6,32.4));
#17482=CARTESIAN_POINT('',(-2.6,-2.6,32.4));
#17483=CARTESIAN_POINT('Origin',(3.4,3.4,32.4));
#17484=CARTESIAN_POINT('',(-2.6,3.4,32.4));
#17485=CARTESIAN_POINT('',(-2.6,3.4,32.4));
#17486=CARTESIAN_POINT('Origin',(3.4,3.4,32.4));
#17487=CARTESIAN_POINT('Origin',(75.,39.,35.4));
#17488=CARTESIAN_POINT('Origin',(-2.6,80.6,32.4));
#17489=CARTESIAN_POINT('',(-2.6,74.6,32.4));
#17490=CARTESIAN_POINT('',(-2.6,74.6,32.4));
#17491=CARTESIAN_POINT('',(-2.6,80.6,32.4));
#17492=CARTESIAN_POINT('Origin',(146.6,74.6,32.4));
#17493=CARTESIAN_POINT('',(146.6,80.6,32.4));
#17494=CARTESIAN_POINT('Origin',(146.6,74.6,32.4));
#17495=CARTESIAN_POINT('',(146.6,80.6,32.4));
#17496=CARTESIAN_POINT('Origin',(3.4,74.6,32.4));
#17497=CARTESIAN_POINT('',(3.4,80.6,32.4));
#17498=CARTESIAN_POINT('',(3.4,80.6,32.4));
#17499=CARTESIAN_POINT('Origin',(3.4,74.6,32.4));
#17500=CARTESIAN_POINT('Origin',(152.6,80.6,32.4));
#17501=CARTESIAN_POINT('',(152.6,80.6,32.4));
#17502=CARTESIAN_POINT('Origin',(75.,39.,32.4));
#17503=CARTESIAN_POINT('',(0.,0.,0.));
#17504=CARTESIAN_POINT('Origin',(151.3,57.,22.1224318643355));
#17505=CARTESIAN_POINT('',(150.,57.,22.1224318643355));
#17506=CARTESIAN_POINT('',(150.,57.,19.2356805183873));
#17507=CARTESIAN_POINT('',(150.,57.,12.2612159321677));
#17508=CARTESIAN_POINT('',(152.6,57.,22.1224318643355));
#17509=CARTESIAN_POINT('',(151.3,57.,22.1224318643355));
#17510=CARTESIAN_POINT('',(152.6,57.,19.2356805183873));
#17511=CARTESIAN_POINT('',(152.6,57.,11.0612159321677));
#17512=CARTESIAN_POINT('',(151.3,57.,19.2356805183873));
#17513=CARTESIAN_POINT('Origin',(151.3,57.,19.2356805183873));
#17514=CARTESIAN_POINT('',(150.,59.5,17.7923048454133));
#17515=CARTESIAN_POINT('',(150.,39.2700317547305,29.4720824575172));
#17516=CARTESIAN_POINT('',(152.6,59.5,17.7923048454133));
#17517=CARTESIAN_POINT('',(152.6,38.8146469970012,29.734998969977));
#17518=CARTESIAN_POINT('',(151.3,59.5,17.7923048454133));
#17519=CARTESIAN_POINT('Origin',(151.3,59.5,17.7923048454133));
#17520=CARTESIAN_POINT('',(150.,62.,19.2356805183873));
#17521=CARTESIAN_POINT('',(150.,33.8549682452694,2.98613885844309));
#17522=CARTESIAN_POINT('',(152.6,62.,19.2356805183873));
#17523=CARTESIAN_POINT('',(152.6,32.3603530029988,2.1232223459832));
#17524=CARTESIAN_POINT('',(151.3,62.,19.2356805183873));
#17525=CARTESIAN_POINT('Origin',(151.3,62.,19.2356805183873));
#17526=CARTESIAN_POINT('',(150.,62.,22.1224318643355));
#17527=CARTESIAN_POINT('',(150.,62.,10.8178402591937));
#17528=CARTESIAN_POINT('',(152.6,62.,22.1224318643355));
#17529=CARTESIAN_POINT('',(152.6,62.,9.61784025919366));
#17530=CARTESIAN_POINT('',(151.3,62.,22.1224318643355));
#17531=CARTESIAN_POINT('Origin',(151.3,59.5,23.5658075373095));
#17532=CARTESIAN_POINT('',(150.,59.5,23.5658075373095));
#17533=CARTESIAN_POINT('',(150.,32.6049682452694,8.0379537138523));
#17534=CARTESIAN_POINT('',(152.6,59.5,23.5658075373095));
#17535=CARTESIAN_POINT('',(151.3,59.5,23.5658075373095));
#17536=CARTESIAN_POINT('',(152.6,31.1103530029988,7.17503720139241));
#17537=CARTESIAN_POINT('Origin',(151.3,62.,22.1224318643355));
#17538=CARTESIAN_POINT('',(150.,43.0200317547306,33.0805216399523));
#17539=CARTESIAN_POINT('',(152.6,42.5646469970012,33.3434381524122));
#17540=CARTESIAN_POINT('Origin',(151.3,45.,22.1224318643355));
#17541=CARTESIAN_POINT('',(150.,45.,22.1224318643355));
#17542=CARTESIAN_POINT('',(150.,45.,19.2356805183873));
#17543=CARTESIAN_POINT('',(150.,45.,12.2612159321677));
#17544=CARTESIAN_POINT('',(152.6,45.,22.1224318643355));
#17545=CARTESIAN_POINT('',(151.3,45.,22.1224318643355));
#17546=CARTESIAN_POINT('',(152.6,45.,19.2356805183873));
#17547=CARTESIAN_POINT('',(152.6,45.,11.0612159321677));
#17548=CARTESIAN_POINT('',(151.3,45.,19.2356805183873));
#17549=CARTESIAN_POINT('Origin',(151.3,45.,19.2356805183873));
#17550=CARTESIAN_POINT('',(150.,47.5,17.7923048454133));
#17551=CARTESIAN_POINT('',(150.,31.7700317547305,26.8740062461638));
#17552=CARTESIAN_POINT('',(152.6,47.5,17.7923048454133));
#17553=CARTESIAN_POINT('',(152.6,31.3146469970012,27.1369227586237));
#17554=CARTESIAN_POINT('',(151.3,47.5,17.7923048454133));
#17555=CARTESIAN_POINT('Origin',(151.3,47.5,17.7923048454133));
#17556=CARTESIAN_POINT('',(150.,50.,19.2356805183873));
#17557=CARTESIAN_POINT('',(150.,26.3549682452694,5.5842150697964));
#17558=CARTESIAN_POINT('',(152.6,50.,19.2356805183873));
#17559=CARTESIAN_POINT('',(152.6,24.8603530029988,4.72129855733652));
#17560=CARTESIAN_POINT('',(151.3,50.,19.2356805183873));
#17561=CARTESIAN_POINT('Origin',(151.3,50.,19.2356805183873));
#17562=CARTESIAN_POINT('',(150.,50.,22.1224318643355));
#17563=CARTESIAN_POINT('',(150.,50.,10.8178402591937));
#17564=CARTESIAN_POINT('',(152.6,50.,22.1224318643355));
#17565=CARTESIAN_POINT('',(152.6,50.,9.61784025919366));
#17566=CARTESIAN_POINT('',(151.3,50.,22.1224318643355));
#17567=CARTESIAN_POINT('Origin',(151.3,47.5,23.5658075373095));
#17568=CARTESIAN_POINT('',(150.,47.5,23.5658075373095));
#17569=CARTESIAN_POINT('',(150.,25.1049682452695,10.6360299252056));
#17570=CARTESIAN_POINT('',(152.6,47.5,23.5658075373095));
#17571=CARTESIAN_POINT('',(151.3,47.5,23.5658075373095));
#17572=CARTESIAN_POINT('',(152.6,23.6103530029988,9.77311341274573));
#17573=CARTESIAN_POINT('Origin',(151.3,50.,22.1224318643355));
#17574=CARTESIAN_POINT('',(150.,35.5200317547306,30.482445428599));
#17575=CARTESIAN_POINT('',(152.6,35.0646469970012,30.7453619410589));
#17576=CARTESIAN_POINT('Origin',(151.3,33.,22.1224318643355));
#17577=CARTESIAN_POINT('',(150.,33.,22.1224318643355));
#17578=CARTESIAN_POINT('',(150.,33.,19.2356805183873));
#17579=CARTESIAN_POINT('',(150.,33.,12.2612159321677));
#17580=CARTESIAN_POINT('',(152.6,33.,22.1224318643355));
#17581=CARTESIAN_POINT('',(151.3,33.,22.1224318643355));
#17582=CARTESIAN_POINT('',(152.6,33.,19.2356805183873));
#17583=CARTESIAN_POINT('',(152.6,33.,11.0612159321677));
#17584=CARTESIAN_POINT('',(151.3,33.,19.2356805183873));
#17585=CARTESIAN_POINT('Origin',(151.3,33.,19.2356805183873));
#17586=CARTESIAN_POINT('',(150.,35.5,17.7923048454133));
#17587=CARTESIAN_POINT('',(150.,24.2700317547305,24.2759300348105));
#17588=CARTESIAN_POINT('',(152.6,35.5,17.7923048454133));
#17589=CARTESIAN_POINT('',(152.6,23.8146469970012,24.5388465472704));
#17590=CARTESIAN_POINT('',(151.3,35.5,17.7923048454133));
#17591=CARTESIAN_POINT('Origin',(151.3,35.5,17.7923048454133));
#17592=CARTESIAN_POINT('',(150.,38.,19.2356805183873));
#17593=CARTESIAN_POINT('',(150.,18.8549682452694,8.18229128114971));
#17594=CARTESIAN_POINT('',(152.6,38.,19.2356805183873));
#17595=CARTESIAN_POINT('',(152.6,17.3603530029988,7.31937476868983));
#17596=CARTESIAN_POINT('',(151.3,38.,19.2356805183873));
#17597=CARTESIAN_POINT('Origin',(151.3,38.,19.2356805183873));
#17598=CARTESIAN_POINT('',(150.,38.,22.1224318643355));
#17599=CARTESIAN_POINT('',(150.,38.,10.8178402591937));
#17600=CARTESIAN_POINT('',(152.6,38.,22.1224318643355));
#17601=CARTESIAN_POINT('',(152.6,38.,9.61784025919366));
#17602=CARTESIAN_POINT('',(151.3,38.,22.1224318643355));
#17603=CARTESIAN_POINT('Origin',(151.3,35.5,23.5658075373095));
#17604=CARTESIAN_POINT('',(150.,35.5,23.5658075373095));
#17605=CARTESIAN_POINT('',(150.,17.6049682452695,13.2341061365589));
#17606=CARTESIAN_POINT('',(152.6,35.5,23.5658075373095));
#17607=CARTESIAN_POINT('',(151.3,35.5,23.5658075373095));
#17608=CARTESIAN_POINT('',(152.6,16.1103530029988,12.371189624099));
#17609=CARTESIAN_POINT('Origin',(151.3,38.,22.1224318643355));
#17610=CARTESIAN_POINT('',(150.,28.0200317547306,27.8843692172457));
#17611=CARTESIAN_POINT('',(152.6,27.5646469970012,28.1472857297056));
#17612=CARTESIAN_POINT('Origin',(151.3,54.,16.9262794416288));
#17613=CARTESIAN_POINT('',(150.,54.,16.9262794416288));
#17614=CARTESIAN_POINT('',(150.,54.,14.0395280956807));
#17615=CARTESIAN_POINT('',(150.,54.,9.66313972081441));
#17616=CARTESIAN_POINT('',(152.6,54.,16.9262794416288));
#17617=CARTESIAN_POINT('',(151.3,54.,16.9262794416288));
#17618=CARTESIAN_POINT('',(152.6,54.,14.0395280956807));
#17619=CARTESIAN_POINT('',(152.6,54.,8.46313972081441));
#17620=CARTESIAN_POINT('',(151.3,54.,14.0395280956807));
#17621=CARTESIAN_POINT('Origin',(151.3,54.,14.0395280956807));
#17622=CARTESIAN_POINT('',(150.,56.5,12.5961524227066));
#17623=CARTESIAN_POINT('',(150.,36.2700317547305,24.2759300348105));
#17624=CARTESIAN_POINT('',(152.6,56.5,12.5961524227066));
#17625=CARTESIAN_POINT('',(152.6,35.8146469970012,24.5388465472704));
#17626=CARTESIAN_POINT('',(151.3,56.5,12.5961524227066));
#17627=CARTESIAN_POINT('Origin',(151.3,56.5,12.5961524227066));
#17628=CARTESIAN_POINT('',(150.,59.,14.0395280956807));
#17629=CARTESIAN_POINT('',(150.,33.1049682452694,-0.910975458586885));
#17630=CARTESIAN_POINT('',(152.6,59.,14.0395280956807));
#17631=CARTESIAN_POINT('',(152.6,31.6103530029988,-1.77389197104677));
#17632=CARTESIAN_POINT('',(151.3,59.,14.0395280956807));
#17633=CARTESIAN_POINT('Origin',(151.3,59.,14.0395280956807));
#17634=CARTESIAN_POINT('',(150.,59.,16.9262794416288));
#17635=CARTESIAN_POINT('',(150.,59.,8.21976404784035));
#17636=CARTESIAN_POINT('',(152.6,59.,16.9262794416288));
#17637=CARTESIAN_POINT('',(152.6,59.,7.01976404784035));
#17638=CARTESIAN_POINT('',(151.3,59.,16.9262794416288));
#17639=CARTESIAN_POINT('Origin',(151.3,56.5,18.3696551146029));
#17640=CARTESIAN_POINT('',(150.,56.5,18.3696551146029));
#17641=CARTESIAN_POINT('',(150.,31.8549682452694,4.14083939682234));
#17642=CARTESIAN_POINT('',(152.6,56.5,18.3696551146029));
#17643=CARTESIAN_POINT('',(151.3,56.5,18.3696551146029));
#17644=CARTESIAN_POINT('',(152.6,30.3603530029988,3.27792288436246));
#17645=CARTESIAN_POINT('Origin',(151.3,59.,16.9262794416288));
#17646=CARTESIAN_POINT('',(150.,40.0200317547305,27.8843692172457));
#17647=CARTESIAN_POINT('',(152.6,39.5646469970012,28.1472857297056));
#17648=CARTESIAN_POINT('Origin',(151.3,48.,16.9262794416288));
#17649=CARTESIAN_POINT('',(150.,48.,16.9262794416288));
#17650=CARTESIAN_POINT('',(150.,48.,14.0395280956807));
#17651=CARTESIAN_POINT('',(150.,48.,9.66313972081441));
#17652=CARTESIAN_POINT('',(152.6,48.,16.9262794416288));
#17653=CARTESIAN_POINT('',(151.3,48.,16.9262794416288));
#17654=CARTESIAN_POINT('',(152.6,48.,14.0395280956807));
#17655=CARTESIAN_POINT('',(152.6,48.,8.46313972081441));
#17656=CARTESIAN_POINT('',(151.3,48.,14.0395280956807));
#17657=CARTESIAN_POINT('Origin',(151.3,48.,14.0395280956807));
#17658=CARTESIAN_POINT('',(150.,50.5,12.5961524227066));
#17659=CARTESIAN_POINT('',(150.,32.5200317547305,22.9768919291339));
#17660=CARTESIAN_POINT('',(152.6,50.5,12.5961524227066));
#17661=CARTESIAN_POINT('',(152.6,32.0646469970012,23.2398084415938));
#17662=CARTESIAN_POINT('',(151.3,50.5,12.5961524227066));
#17663=CARTESIAN_POINT('Origin',(151.3,50.5,12.5961524227066));
#17664=CARTESIAN_POINT('',(150.,53.,14.0395280956807));
#17665=CARTESIAN_POINT('',(150.,29.3549682452694,0.388062647089771));
#17666=CARTESIAN_POINT('',(152.6,53.,14.0395280956807));
#17667=CARTESIAN_POINT('',(152.6,27.8603530029988,-0.474853865370113));
#17668=CARTESIAN_POINT('',(151.3,53.,14.0395280956807));
#17669=CARTESIAN_POINT('Origin',(151.3,53.,14.0395280956807));
#17670=CARTESIAN_POINT('',(150.,53.,16.9262794416288));
#17671=CARTESIAN_POINT('',(150.,53.,8.21976404784035));
#17672=CARTESIAN_POINT('',(152.6,53.,16.9262794416288));
#17673=CARTESIAN_POINT('',(152.6,53.,7.01976404784035));
#17674=CARTESIAN_POINT('',(151.3,53.,16.9262794416288));
#17675=CARTESIAN_POINT('Origin',(151.3,50.5,18.3696551146029));
#17676=CARTESIAN_POINT('',(150.,50.5,18.3696551146029));
#17677=CARTESIAN_POINT('',(150.,28.1049682452694,5.439877502499));
#17678=CARTESIAN_POINT('',(152.6,50.5,18.3696551146029));
#17679=CARTESIAN_POINT('',(151.3,50.5,18.3696551146029));
#17680=CARTESIAN_POINT('',(152.6,26.6103530029988,4.57696099003911));
#17681=CARTESIAN_POINT('Origin',(151.3,53.,16.9262794416288));
#17682=CARTESIAN_POINT('',(150.,36.2700317547305,26.585331111569));
#17683=CARTESIAN_POINT('',(152.6,35.8146469970012,26.8482476240289));
#17684=CARTESIAN_POINT('Origin',(151.3,36.,16.9262794416288));
#17685=CARTESIAN_POINT('',(150.,36.,16.9262794416288));
#17686=CARTESIAN_POINT('',(150.,36.,14.0395280956807));
#17687=CARTESIAN_POINT('',(150.,36.,9.66313972081441));
#17688=CARTESIAN_POINT('',(152.6,36.,16.9262794416288));
#17689=CARTESIAN_POINT('',(151.3,36.,16.9262794416288));
#17690=CARTESIAN_POINT('',(152.6,36.,14.0395280956807));
#17691=CARTESIAN_POINT('',(152.6,36.,8.46313972081441));
#17692=CARTESIAN_POINT('',(151.3,36.,14.0395280956807));
#17693=CARTESIAN_POINT('Origin',(151.3,36.,14.0395280956807));
#17694=CARTESIAN_POINT('',(150.,38.5,12.5961524227066));
#17695=CARTESIAN_POINT('',(150.,25.0200317547305,20.3788157177806));
#17696=CARTESIAN_POINT('',(152.6,38.5,12.5961524227066));
#17697=CARTESIAN_POINT('',(152.6,24.5646469970012,20.6417322302404));
#17698=CARTESIAN_POINT('',(151.3,38.5,12.5961524227066));
#17699=CARTESIAN_POINT('Origin',(151.3,38.5,12.5961524227066));
#17700=CARTESIAN_POINT('',(150.,41.,14.0395280956807));
#17701=CARTESIAN_POINT('',(150.,21.8549682452694,2.98613885844309));
#17702=CARTESIAN_POINT('',(152.6,41.,14.0395280956807));
#17703=CARTESIAN_POINT('',(152.6,20.3603530029988,2.1232223459832));
#17704=CARTESIAN_POINT('',(151.3,41.,14.0395280956807));
#17705=CARTESIAN_POINT('Origin',(151.3,41.,14.0395280956807));
#17706=CARTESIAN_POINT('',(150.,41.,16.9262794416288));
#17707=CARTESIAN_POINT('',(150.,41.,8.21976404784035));
#17708=CARTESIAN_POINT('',(152.6,41.,16.9262794416288));
#17709=CARTESIAN_POINT('',(152.6,41.,7.01976404784035));
#17710=CARTESIAN_POINT('',(151.3,41.,16.9262794416288));
#17711=CARTESIAN_POINT('Origin',(151.3,38.5,18.3696551146029));
#17712=CARTESIAN_POINT('',(150.,38.5,18.3696551146029));
#17713=CARTESIAN_POINT('',(150.,20.6049682452694,8.03795371385231));
#17714=CARTESIAN_POINT('',(152.6,38.5,18.3696551146029));
#17715=CARTESIAN_POINT('',(151.3,38.5,18.3696551146029));
#17716=CARTESIAN_POINT('',(152.6,19.1103530029988,7.17503720139243));
#17717=CARTESIAN_POINT('Origin',(151.3,41.,16.9262794416288));
#17718=CARTESIAN_POINT('',(150.,28.7700317547305,23.9872549002157));
#17719=CARTESIAN_POINT('',(152.6,28.3146469970012,24.2501714126756));
#17720=CARTESIAN_POINT('Origin',(151.3,57.,11.7301270189222));
#17721=CARTESIAN_POINT('',(150.,57.,11.7301270189222));
#17722=CARTESIAN_POINT('',(150.,57.,8.84337567297406));
#17723=CARTESIAN_POINT('',(150.,57.,7.0650635094611));
#17724=CARTESIAN_POINT('',(152.6,57.,11.7301270189222));
#17725=CARTESIAN_POINT('',(151.3,57.,11.7301270189222));
#17726=CARTESIAN_POINT('',(152.6,57.,8.84337567297406));
#17727=CARTESIAN_POINT('',(152.6,57.,5.8650635094611));
#17728=CARTESIAN_POINT('',(151.3,57.,8.84337567297406));
#17729=CARTESIAN_POINT('Origin',(151.3,57.,8.84337567297406));
#17730=CARTESIAN_POINT('',(150.,59.5,7.4));
#17731=CARTESIAN_POINT('',(150.,37.0200317547305,20.3788157177805));
#17732=CARTESIAN_POINT('',(152.6,59.5,7.4));
#17733=CARTESIAN_POINT('',(152.6,36.5646469970012,20.6417322302404));
#17734=CARTESIAN_POINT('',(151.3,59.5,7.4));
#17735=CARTESIAN_POINT('Origin',(151.3,59.5,7.4));
#17736=CARTESIAN_POINT('',(150.,62.,8.84337567297406));
#17737=CARTESIAN_POINT('',(150.,36.1049682452694,-6.10712788129352));
#17738=CARTESIAN_POINT('',(152.6,62.,8.84337567297406));
#17739=CARTESIAN_POINT('',(152.6,34.6103530029988,-6.9700443937534));
#17740=CARTESIAN_POINT('',(151.3,62.,8.84337567297406));
#17741=CARTESIAN_POINT('Origin',(151.3,62.,8.84337567297406));
#17742=CARTESIAN_POINT('',(150.,62.,11.7301270189222));
#17743=CARTESIAN_POINT('',(150.,62.,5.62168783648703));
#17744=CARTESIAN_POINT('',(152.6,62.,11.7301270189222));
#17745=CARTESIAN_POINT('',(152.6,62.,4.42168783648703));
#17746=CARTESIAN_POINT('',(151.3,62.,11.7301270189222));
#17747=CARTESIAN_POINT('Origin',(151.3,59.5,13.1735026918963));
#17748=CARTESIAN_POINT('',(150.,59.5,13.1735026918963));
#17749=CARTESIAN_POINT('',(150.,34.8549682452694,-1.05531302588429));
#17750=CARTESIAN_POINT('',(152.6,59.5,13.1735026918963));
#17751=CARTESIAN_POINT('',(151.3,59.5,13.1735026918963));
#17752=CARTESIAN_POINT('',(152.6,33.3603530029988,-1.91822953834417));
#17753=CARTESIAN_POINT('Origin',(151.3,62.,11.7301270189222));
#17754=CARTESIAN_POINT('',(150.,40.7700317547305,23.9872549002157));
#17755=CARTESIAN_POINT('',(152.6,40.3146469970012,24.2501714126756));
#17756=CARTESIAN_POINT('Origin',(151.3,45.,11.7301270189222));
#17757=CARTESIAN_POINT('',(150.,45.,11.7301270189222));
#17758=CARTESIAN_POINT('',(150.,45.,8.84337567297406));
#17759=CARTESIAN_POINT('',(150.,45.,7.0650635094611));
#17760=CARTESIAN_POINT('',(152.6,45.,11.7301270189222));
#17761=CARTESIAN_POINT('',(151.3,45.,11.7301270189222));
#17762=CARTESIAN_POINT('',(152.6,45.,8.84337567297406));
#17763=CARTESIAN_POINT('',(152.6,45.,5.8650635094611));
#17764=CARTESIAN_POINT('',(151.3,45.,8.84337567297406));
#17765=CARTESIAN_POINT('Origin',(151.3,45.,8.84337567297406));
#17766=CARTESIAN_POINT('',(150.,47.5,7.4));
#17767=CARTESIAN_POINT('',(150.,29.5200317547305,17.7807395064272));
#17768=CARTESIAN_POINT('',(152.6,47.5,7.4));
#17769=CARTESIAN_POINT('',(152.6,29.0646469970012,18.0436560188871));
#17770=CARTESIAN_POINT('',(151.3,47.5,7.4));
#17771=CARTESIAN_POINT('Origin',(151.3,47.5,7.4));
#17772=CARTESIAN_POINT('',(150.,50.,8.84337567297406));
#17773=CARTESIAN_POINT('',(150.,28.6049682452694,-3.5090516699402));
#17774=CARTESIAN_POINT('',(152.6,50.,8.84337567297406));
#17775=CARTESIAN_POINT('',(152.6,27.1103530029988,-4.37196818240009));
#17776=CARTESIAN_POINT('',(151.3,50.,8.84337567297406));
#17777=CARTESIAN_POINT('Origin',(151.3,50.,8.84337567297406));
#17778=CARTESIAN_POINT('',(150.,50.,11.7301270189222));
#17779=CARTESIAN_POINT('',(150.,50.,5.62168783648703));
#17780=CARTESIAN_POINT('',(152.6,50.,11.7301270189222));
#17781=CARTESIAN_POINT('',(152.6,50.,4.42168783648703));
#17782=CARTESIAN_POINT('',(151.3,50.,11.7301270189222));
#17783=CARTESIAN_POINT('Origin',(151.3,47.5,13.1735026918963));
#17784=CARTESIAN_POINT('',(150.,47.5,13.1735026918963));
#17785=CARTESIAN_POINT('',(150.,27.3549682452694,1.54276318546902));
#17786=CARTESIAN_POINT('',(152.6,47.5,13.1735026918963));
#17787=CARTESIAN_POINT('',(151.3,47.5,13.1735026918963));
#17788=CARTESIAN_POINT('',(152.6,25.8603530029988,0.679846673009139));
#17789=CARTESIAN_POINT('Origin',(151.3,50.,11.7301270189222));
#17790=CARTESIAN_POINT('',(150.,33.2700317547305,21.3891786888624));
#17791=CARTESIAN_POINT('',(152.6,32.8146469970012,21.6520952013223));
#17792=CARTESIAN_POINT('Origin',(151.3,39.,11.7301270189222));
#17793=CARTESIAN_POINT('',(150.,39.,11.7301270189222));
#17794=CARTESIAN_POINT('',(150.,39.,8.84337567297406));
#17795=CARTESIAN_POINT('',(150.,39.,7.0650635094611));
#17796=CARTESIAN_POINT('',(152.6,39.,11.7301270189222));
#17797=CARTESIAN_POINT('',(151.3,39.,11.7301270189222));
#17798=CARTESIAN_POINT('',(152.6,39.,8.84337567297406));
#17799=CARTESIAN_POINT('',(152.6,39.,5.8650635094611));
#17800=CARTESIAN_POINT('',(151.3,39.,8.84337567297406));
#17801=CARTESIAN_POINT('Origin',(151.3,39.,8.84337567297406));
#17802=CARTESIAN_POINT('',(150.,41.5,7.4));
#17803=CARTESIAN_POINT('',(150.,25.7700317547305,16.4817014007506));
#17804=CARTESIAN_POINT('',(152.6,41.5,7.4));
#17805=CARTESIAN_POINT('',(152.6,25.3146469970012,16.7446179132105));
#17806=CARTESIAN_POINT('',(151.3,41.5,7.4));
#17807=CARTESIAN_POINT('Origin',(151.3,41.5,7.4));
#17808=CARTESIAN_POINT('',(150.,44.,8.84337567297406));
#17809=CARTESIAN_POINT('',(150.,24.8549682452694,-2.21001356426355));
#17810=CARTESIAN_POINT('',(152.6,44.,8.84337567297406));
#17811=CARTESIAN_POINT('',(152.6,23.3603530029988,-3.07293007672343));
#17812=CARTESIAN_POINT('',(151.3,44.,8.84337567297406));
#17813=CARTESIAN_POINT('Origin',(151.3,44.,8.84337567297406));
#17814=CARTESIAN_POINT('',(150.,44.,11.7301270189222));
#17815=CARTESIAN_POINT('',(150.,44.,5.62168783648703));
#17816=CARTESIAN_POINT('',(152.6,44.,11.7301270189222));
#17817=CARTESIAN_POINT('',(152.6,44.,4.42168783648703));
#17818=CARTESIAN_POINT('',(151.3,44.,11.7301270189222));
#17819=CARTESIAN_POINT('Origin',(151.3,41.5,13.1735026918963));
#17820=CARTESIAN_POINT('',(150.,41.5,13.1735026918963));
#17821=CARTESIAN_POINT('',(150.,23.6049682452694,2.84180129114568));
#17822=CARTESIAN_POINT('',(152.6,41.5,13.1735026918963));
#17823=CARTESIAN_POINT('',(151.3,41.5,13.1735026918963));
#17824=CARTESIAN_POINT('',(152.6,22.1103530029988,1.9788847786858));
#17825=CARTESIAN_POINT('Origin',(151.3,44.,11.7301270189222));
#17826=CARTESIAN_POINT('',(150.,29.5200317547305,20.0901405831857));
#17827=CARTESIAN_POINT('',(152.6,29.0646469970012,20.3530570956456));
#17828=CARTESIAN_POINT('Origin',(151.3,51.,11.7301270189222));
#17829=CARTESIAN_POINT('',(150.,51.,11.7301270189222));
#17830=CARTESIAN_POINT('',(150.,51.,8.84337567297406));
#17831=CARTESIAN_POINT('',(150.,51.,7.0650635094611));
#17832=CARTESIAN_POINT('',(152.6,51.,11.7301270189222));
#17833=CARTESIAN_POINT('',(151.3,51.,11.7301270189222));
#17834=CARTESIAN_POINT('',(152.6,51.,8.84337567297406));
#17835=CARTESIAN_POINT('',(152.6,51.,5.8650635094611));
#17836=CARTESIAN_POINT('',(151.3,51.,8.84337567297406));
#17837=CARTESIAN_POINT('Origin',(151.3,51.,8.84337567297406));
#17838=CARTESIAN_POINT('',(150.,53.5,7.4));
#17839=CARTESIAN_POINT('',(150.,33.2700317547305,19.0797776121039));
#17840=CARTESIAN_POINT('',(152.6,53.5,7.4));
#17841=CARTESIAN_POINT('',(152.6,32.8146469970012,19.3426941245638));
#17842=CARTESIAN_POINT('',(151.3,53.5,7.4));
#17843=CARTESIAN_POINT('Origin',(151.3,53.5,7.4));
#17844=CARTESIAN_POINT('',(150.,56.,8.84337567297406));
#17845=CARTESIAN_POINT('',(150.,32.3549682452694,-4.80808977561686));
#17846=CARTESIAN_POINT('',(152.6,56.,8.84337567297406));
#17847=CARTESIAN_POINT('',(152.6,30.8603530029988,-5.67100628807674));
#17848=CARTESIAN_POINT('',(151.3,56.,8.84337567297406));
#17849=CARTESIAN_POINT('Origin',(151.3,56.,8.84337567297406));
#17850=CARTESIAN_POINT('',(150.,56.,11.7301270189222));
#17851=CARTESIAN_POINT('',(150.,56.,5.62168783648703));
#17852=CARTESIAN_POINT('',(152.6,56.,11.7301270189222));
#17853=CARTESIAN_POINT('',(152.6,56.,4.42168783648703));
#17854=CARTESIAN_POINT('',(151.3,56.,11.7301270189222));
#17855=CARTESIAN_POINT('Origin',(151.3,53.5,13.1735026918963));
#17856=CARTESIAN_POINT('',(150.,53.5,13.1735026918963));
#17857=CARTESIAN_POINT('',(150.,31.1049682452694,0.243725079792366));
#17858=CARTESIAN_POINT('',(152.6,53.5,13.1735026918963));
#17859=CARTESIAN_POINT('',(151.3,53.5,13.1735026918963));
#17860=CARTESIAN_POINT('',(152.6,29.6103530029988,-0.619191432667516));
#17861=CARTESIAN_POINT('Origin',(151.3,56.,11.7301270189222));
#17862=CARTESIAN_POINT('',(150.,37.0200317547305,22.6882167945391));
#17863=CARTESIAN_POINT('',(152.6,36.5646469970012,22.9511333069989));
#17864=CARTESIAN_POINT('Origin',(151.3,63.,11.7301270189222));
#17865=CARTESIAN_POINT('',(150.,63.,11.7301270189222));
#17866=CARTESIAN_POINT('',(150.,63.,8.84337567297406));
#17867=CARTESIAN_POINT('',(150.,63.,7.0650635094611));
#17868=CARTESIAN_POINT('',(152.6,63.,11.7301270189222));
#17869=CARTESIAN_POINT('',(151.3,63.,11.7301270189222));
#17870=CARTESIAN_POINT('',(152.6,63.,8.84337567297406));
#17871=CARTESIAN_POINT('',(152.6,63.,5.8650635094611));
#17872=CARTESIAN_POINT('',(151.3,63.,8.84337567297406));
#17873=CARTESIAN_POINT('Origin',(151.3,63.,8.84337567297406));
#17874=CARTESIAN_POINT('',(150.,65.5,7.4));
#17875=CARTESIAN_POINT('',(150.,40.7700317547305,21.6778538234572));
#17876=CARTESIAN_POINT('',(152.6,65.5,7.4));
#17877=CARTESIAN_POINT('',(152.6,40.3146469970012,21.9407703359171));
#17878=CARTESIAN_POINT('',(151.3,65.5,7.4));
#17879=CARTESIAN_POINT('Origin',(151.3,65.5,7.4));
#17880=CARTESIAN_POINT('',(150.,68.,8.84337567297406));
#17881=CARTESIAN_POINT('',(150.,39.8549682452694,-7.40616598697017));
#17882=CARTESIAN_POINT('',(152.6,68.,8.84337567297406));
#17883=CARTESIAN_POINT('',(152.6,38.3603530029988,-8.26908249943006));
#17884=CARTESIAN_POINT('',(151.3,68.,8.84337567297406));
#17885=CARTESIAN_POINT('Origin',(151.3,68.,8.84337567297406));
#17886=CARTESIAN_POINT('',(150.,68.,11.7301270189222));
#17887=CARTESIAN_POINT('',(150.,68.,5.62168783648703));
#17888=CARTESIAN_POINT('',(152.6,68.,11.7301270189222));
#17889=CARTESIAN_POINT('',(152.6,68.,4.42168783648703));
#17890=CARTESIAN_POINT('',(151.3,68.,11.7301270189222));
#17891=CARTESIAN_POINT('Origin',(151.3,65.5,13.1735026918963));
#17892=CARTESIAN_POINT('',(150.,65.5,13.1735026918963));
#17893=CARTESIAN_POINT('',(150.,38.6049682452694,-2.35435113156095));
#17894=CARTESIAN_POINT('',(152.6,65.5,13.1735026918963));
#17895=CARTESIAN_POINT('',(151.3,65.5,13.1735026918963));
#17896=CARTESIAN_POINT('',(152.6,37.1103530029988,-3.21726764402083));
#17897=CARTESIAN_POINT('Origin',(151.3,68.,11.7301270189222));
#17898=CARTESIAN_POINT('',(150.,44.5200317547305,25.2862930058924));
#17899=CARTESIAN_POINT('',(152.6,44.0646469970012,25.5492095183523));
#17900=CARTESIAN_POINT('Origin',(151.3,42.,16.9262794416288));
#17901=CARTESIAN_POINT('',(150.,42.,16.9262794416288));
#17902=CARTESIAN_POINT('',(150.,42.,14.0395280956807));
#17903=CARTESIAN_POINT('',(150.,42.,9.66313972081441));
#17904=CARTESIAN_POINT('',(152.6,42.,16.9262794416288));
#17905=CARTESIAN_POINT('',(151.3,42.,16.9262794416288));
#17906=CARTESIAN_POINT('',(152.6,42.,14.0395280956807));
#17907=CARTESIAN_POINT('',(152.6,42.,8.46313972081441));
#17908=CARTESIAN_POINT('',(151.3,42.,14.0395280956807));
#17909=CARTESIAN_POINT('Origin',(151.3,42.,14.0395280956807));
#17910=CARTESIAN_POINT('',(150.,44.5,12.5961524227066));
#17911=CARTESIAN_POINT('',(150.,28.7700317547305,21.6778538234572));
#17912=CARTESIAN_POINT('',(152.6,44.5,12.5961524227066));
#17913=CARTESIAN_POINT('',(152.6,28.3146469970012,21.9407703359171));
#17914=CARTESIAN_POINT('',(151.3,44.5,12.5961524227066));
#17915=CARTESIAN_POINT('Origin',(151.3,44.5,12.5961524227066));
#17916=CARTESIAN_POINT('',(150.,47.,14.0395280956807));
#17917=CARTESIAN_POINT('',(150.,25.6049682452694,1.68710075276643));
#17918=CARTESIAN_POINT('',(152.6,47.,14.0395280956807));
#17919=CARTESIAN_POINT('',(152.6,24.1103530029988,0.824184240306545));
#17920=CARTESIAN_POINT('',(151.3,47.,14.0395280956807));
#17921=CARTESIAN_POINT('Origin',(151.3,47.,14.0395280956807));
#17922=CARTESIAN_POINT('',(150.,47.,16.9262794416288));
#17923=CARTESIAN_POINT('',(150.,47.,8.21976404784035));
#17924=CARTESIAN_POINT('',(152.6,47.,16.9262794416288));
#17925=CARTESIAN_POINT('',(152.6,47.,7.01976404784035));
#17926=CARTESIAN_POINT('',(151.3,47.,16.9262794416288));
#17927=CARTESIAN_POINT('Origin',(151.3,44.5,18.3696551146029));
#17928=CARTESIAN_POINT('',(150.,44.5,18.3696551146029));
#17929=CARTESIAN_POINT('',(150.,24.3549682452694,6.73891560817565));
#17930=CARTESIAN_POINT('',(152.6,44.5,18.3696551146029));
#17931=CARTESIAN_POINT('',(151.3,44.5,18.3696551146029));
#17932=CARTESIAN_POINT('',(152.6,22.8603530029988,5.87599909571577));
#17933=CARTESIAN_POINT('Origin',(151.3,47.,16.9262794416288));
#17934=CARTESIAN_POINT('',(150.,32.5200317547305,25.2862930058924));
#17935=CARTESIAN_POINT('',(152.6,32.0646469970012,25.5492095183523));
#17936=CARTESIAN_POINT('Origin',(151.3,33.,11.7301270189222));
#17937=CARTESIAN_POINT('',(150.,33.,11.7301270189222));
#17938=CARTESIAN_POINT('',(150.,33.,8.84337567297406));
#17939=CARTESIAN_POINT('',(150.,33.,7.0650635094611));
#17940=CARTESIAN_POINT('',(152.6,33.,11.7301270189222));
#17941=CARTESIAN_POINT('',(151.3,33.,11.7301270189222));
#17942=CARTESIAN_POINT('',(152.6,33.,8.84337567297406));
#17943=CARTESIAN_POINT('',(152.6,33.,5.8650635094611));
#17944=CARTESIAN_POINT('',(151.3,33.,8.84337567297406));
#17945=CARTESIAN_POINT('Origin',(151.3,33.,8.84337567297406));
#17946=CARTESIAN_POINT('',(150.,35.5,7.4));
#17947=CARTESIAN_POINT('',(150.,22.0200317547305,15.1826632950739));
#17948=CARTESIAN_POINT('',(152.6,35.5,7.4));
#17949=CARTESIAN_POINT('',(152.6,21.5646469970012,15.4455798075338));
#17950=CARTESIAN_POINT('',(151.3,35.5,7.4));
#17951=CARTESIAN_POINT('Origin',(151.3,35.5,7.4));
#17952=CARTESIAN_POINT('',(150.,38.,8.84337567297406));
#17953=CARTESIAN_POINT('',(150.,21.1049682452694,-0.91097545858689));
#17954=CARTESIAN_POINT('',(152.6,38.,8.84337567297406));
#17955=CARTESIAN_POINT('',(152.6,19.6103530029988,-1.77389197104677));
#17956=CARTESIAN_POINT('',(151.3,38.,8.84337567297406));
#17957=CARTESIAN_POINT('Origin',(151.3,38.,8.84337567297406));
#17958=CARTESIAN_POINT('',(150.,38.,11.7301270189222));
#17959=CARTESIAN_POINT('',(150.,38.,5.62168783648703));
#17960=CARTESIAN_POINT('',(152.6,38.,11.7301270189222));
#17961=CARTESIAN_POINT('',(152.6,38.,4.42168783648703));
#17962=CARTESIAN_POINT('',(151.3,38.,11.7301270189222));
#17963=CARTESIAN_POINT('Origin',(151.3,35.5,13.1735026918963));
#17964=CARTESIAN_POINT('',(150.,35.5,13.1735026918963));
#17965=CARTESIAN_POINT('',(150.,19.8549682452694,4.14083939682234));
#17966=CARTESIAN_POINT('',(152.6,35.5,13.1735026918963));
#17967=CARTESIAN_POINT('',(151.3,35.5,13.1735026918963));
#17968=CARTESIAN_POINT('',(152.6,18.3603530029988,3.27792288436245));
#17969=CARTESIAN_POINT('Origin',(151.3,38.,11.7301270189222));
#17970=CARTESIAN_POINT('',(150.,25.7700317547305,18.7911024775091));
#17971=CARTESIAN_POINT('',(152.6,25.3146469970012,19.054018989969));
#17972=CARTESIAN_POINT('Origin',(151.3,60.,16.9262794416288));
#17973=CARTESIAN_POINT('',(150.,60.,16.9262794416288));
#17974=CARTESIAN_POINT('',(150.,60.,14.0395280956807));
#17975=CARTESIAN_POINT('',(150.,60.,9.66313972081441));
#17976=CARTESIAN_POINT('',(152.6,60.,16.9262794416288));
#17977=CARTESIAN_POINT('',(151.3,60.,16.9262794416288));
#17978=CARTESIAN_POINT('',(152.6,60.,14.0395280956807));
#17979=CARTESIAN_POINT('',(152.6,60.,8.46313972081441));
#17980=CARTESIAN_POINT('',(151.3,60.,14.0395280956807));
#17981=CARTESIAN_POINT('Origin',(151.3,60.,14.0395280956807));
#17982=CARTESIAN_POINT('',(150.,62.5,12.5961524227066));
#17983=CARTESIAN_POINT('',(150.,40.0200317547305,25.5749681404872));
#17984=CARTESIAN_POINT('',(152.6,62.5,12.5961524227066));
#17985=CARTESIAN_POINT('',(152.6,39.5646469970012,25.8378846529471));
#17986=CARTESIAN_POINT('',(151.3,62.5,12.5961524227066));
#17987=CARTESIAN_POINT('Origin',(151.3,62.5,12.5961524227066));
#17988=CARTESIAN_POINT('',(150.,65.,14.0395280956807));
#17989=CARTESIAN_POINT('',(150.,36.8549682452694,-2.21001356426354));
#17990=CARTESIAN_POINT('',(152.6,65.,14.0395280956807));
#17991=CARTESIAN_POINT('',(152.6,35.3603530029988,-3.07293007672343));
#17992=CARTESIAN_POINT('',(151.3,65.,14.0395280956807));
#17993=CARTESIAN_POINT('Origin',(151.3,65.,14.0395280956807));
#17994=CARTESIAN_POINT('',(150.,65.,16.9262794416288));
#17995=CARTESIAN_POINT('',(150.,65.,8.21976404784035));
#17996=CARTESIAN_POINT('',(152.6,65.,16.9262794416288));
#17997=CARTESIAN_POINT('',(152.6,65.,7.01976404784035));
#17998=CARTESIAN_POINT('',(151.3,65.,16.9262794416288));
#17999=CARTESIAN_POINT('Origin',(151.3,62.5,18.3696551146029));
#18000=CARTESIAN_POINT('',(150.,62.5,18.3696551146029));
#18001=CARTESIAN_POINT('',(150.,35.6049682452694,2.84180129114568));
#18002=CARTESIAN_POINT('',(152.6,62.5,18.3696551146029));
#18003=CARTESIAN_POINT('',(151.3,62.5,18.3696551146029));
#18004=CARTESIAN_POINT('',(152.6,34.1103530029988,1.9788847786858));
#18005=CARTESIAN_POINT('Origin',(151.3,65.,16.9262794416288));
#18006=CARTESIAN_POINT('',(150.,43.7700317547305,29.1834073229223));
#18007=CARTESIAN_POINT('',(152.6,43.3146469970012,29.4463238353822));
#18008=CARTESIAN_POINT('Origin',(151.3,39.,22.1224318643355));
#18009=CARTESIAN_POINT('',(150.,39.,22.1224318643355));
#18010=CARTESIAN_POINT('',(150.,39.,19.2356805183873));
#18011=CARTESIAN_POINT('',(150.,39.,12.2612159321677));
#18012=CARTESIAN_POINT('',(152.6,39.,22.1224318643355));
#18013=CARTESIAN_POINT('',(151.3,39.,22.1224318643355));
#18014=CARTESIAN_POINT('',(152.6,39.,19.2356805183873));
#18015=CARTESIAN_POINT('',(152.6,39.,11.0612159321677));
#18016=CARTESIAN_POINT('',(151.3,39.,19.2356805183873));
#18017=CARTESIAN_POINT('Origin',(151.3,39.,19.2356805183873));
#18018=CARTESIAN_POINT('',(150.,41.5,17.7923048454133));
#18019=CARTESIAN_POINT('',(150.,28.0200317547305,25.5749681404872));
#18020=CARTESIAN_POINT('',(152.6,41.5,17.7923048454133));
#18021=CARTESIAN_POINT('',(152.6,27.5646469970012,25.8378846529471));
#18022=CARTESIAN_POINT('',(151.3,41.5,17.7923048454133));
#18023=CARTESIAN_POINT('Origin',(151.3,41.5,17.7923048454133));
#18024=CARTESIAN_POINT('',(150.,44.,19.2356805183873));
#18025=CARTESIAN_POINT('',(150.,22.6049682452694,6.88325317547306));
#18026=CARTESIAN_POINT('',(152.6,44.,19.2356805183873));
#18027=CARTESIAN_POINT('',(152.6,21.1103530029988,6.02033666301318));
#18028=CARTESIAN_POINT('',(151.3,44.,19.2356805183873));
#18029=CARTESIAN_POINT('Origin',(151.3,44.,19.2356805183873));
#18030=CARTESIAN_POINT('',(150.,44.,22.1224318643355));
#18031=CARTESIAN_POINT('',(150.,44.,10.8178402591937));
#18032=CARTESIAN_POINT('',(152.6,44.,22.1224318643355));
#18033=CARTESIAN_POINT('',(152.6,44.,9.61784025919366));
#18034=CARTESIAN_POINT('',(151.3,44.,22.1224318643355));
#18035=CARTESIAN_POINT('Origin',(151.3,41.5,23.5658075373095));
#18036=CARTESIAN_POINT('',(150.,41.5,23.5658075373095));
#18037=CARTESIAN_POINT('',(150.,21.3549682452695,11.9350680308823));
#18038=CARTESIAN_POINT('',(152.6,41.5,23.5658075373095));
#18039=CARTESIAN_POINT('',(151.3,41.5,23.5658075373095));
#18040=CARTESIAN_POINT('',(152.6,19.8603530029988,11.0721515184224));
#18041=CARTESIAN_POINT('Origin',(151.3,44.,22.1224318643355));
#18042=CARTESIAN_POINT('',(150.,31.7700317547306,29.1834073229223));
#18043=CARTESIAN_POINT('',(152.6,31.3146469970012,29.4463238353822));
#18044=CARTESIAN_POINT('Origin',(151.3,51.,22.1224318643355));
#18045=CARTESIAN_POINT('',(150.,51.,22.1224318643355));
#18046=CARTESIAN_POINT('',(150.,51.,19.2356805183873));
#18047=CARTESIAN_POINT('',(150.,51.,12.2612159321677));
#18048=CARTESIAN_POINT('',(152.6,51.,22.1224318643355));
#18049=CARTESIAN_POINT('',(151.3,51.,22.1224318643355));
#18050=CARTESIAN_POINT('',(152.6,51.,19.2356805183873));
#18051=CARTESIAN_POINT('',(152.6,51.,11.0612159321677));
#18052=CARTESIAN_POINT('',(151.3,51.,19.2356805183873));
#18053=CARTESIAN_POINT('Origin',(151.3,51.,19.2356805183873));
#18054=CARTESIAN_POINT('',(150.,53.5,17.7923048454133));
#18055=CARTESIAN_POINT('',(150.,35.5200317547305,28.1730443518405));
#18056=CARTESIAN_POINT('',(152.6,53.5,17.7923048454133));
#18057=CARTESIAN_POINT('',(152.6,35.0646469970012,28.4359608643004));
#18058=CARTESIAN_POINT('',(151.3,53.5,17.7923048454133));
#18059=CARTESIAN_POINT('Origin',(151.3,53.5,17.7923048454133));
#18060=CARTESIAN_POINT('',(150.,56.,19.2356805183873));
#18061=CARTESIAN_POINT('',(150.,30.1049682452694,4.28517696411974));
#18062=CARTESIAN_POINT('',(152.6,56.,19.2356805183873));
#18063=CARTESIAN_POINT('',(152.6,28.6103530029988,3.42226045165986));
#18064=CARTESIAN_POINT('',(151.3,56.,19.2356805183873));
#18065=CARTESIAN_POINT('Origin',(151.3,56.,19.2356805183873));
#18066=CARTESIAN_POINT('',(150.,56.,22.1224318643355));
#18067=CARTESIAN_POINT('',(150.,56.,10.8178402591937));
#18068=CARTESIAN_POINT('',(152.6,56.,22.1224318643355));
#18069=CARTESIAN_POINT('',(152.6,56.,9.61784025919366));
#18070=CARTESIAN_POINT('',(151.3,56.,22.1224318643355));
#18071=CARTESIAN_POINT('Origin',(151.3,53.5,23.5658075373095));
#18072=CARTESIAN_POINT('',(150.,53.5,23.5658075373095));
#18073=CARTESIAN_POINT('',(150.,28.8549682452695,9.33699181952896));
#18074=CARTESIAN_POINT('',(152.6,53.5,23.5658075373095));
#18075=CARTESIAN_POINT('',(151.3,53.5,23.5658075373095));
#18076=CARTESIAN_POINT('',(152.6,27.3603530029988,8.47407530706907));
#18077=CARTESIAN_POINT('Origin',(151.3,56.,22.1224318643355));
#18078=CARTESIAN_POINT('',(150.,39.2700317547305,31.7814835342757));
#18079=CARTESIAN_POINT('',(152.6,38.8146469970012,32.0444000467355));
#18080=CARTESIAN_POINT('Origin',(151.3,63.,22.1224318643355));
#18081=CARTESIAN_POINT('',(150.,63.,22.1224318643355));
#18082=CARTESIAN_POINT('',(150.,63.,19.2356805183873));
#18083=CARTESIAN_POINT('',(150.,63.,12.2612159321677));
#18084=CARTESIAN_POINT('',(152.6,63.,22.1224318643355));
#18085=CARTESIAN_POINT('',(151.3,63.,22.1224318643355));
#18086=CARTESIAN_POINT('',(152.6,63.,19.2356805183873));
#18087=CARTESIAN_POINT('',(152.6,63.,11.0612159321677));
#18088=CARTESIAN_POINT('',(151.3,63.,19.2356805183873));
#18089=CARTESIAN_POINT('Origin',(151.3,63.,19.2356805183873));
#18090=CARTESIAN_POINT('',(150.,65.5,17.7923048454133));
#18091=CARTESIAN_POINT('',(150.,43.0200317547305,30.7711205631938));
#18092=CARTESIAN_POINT('',(152.6,65.5,17.7923048454133));
#18093=CARTESIAN_POINT('',(152.6,42.5646469970012,31.0340370756537));
#18094=CARTESIAN_POINT('',(151.3,65.5,17.7923048454133));
#18095=CARTESIAN_POINT('Origin',(151.3,65.5,17.7923048454133));
#18096=CARTESIAN_POINT('',(150.,68.,19.2356805183873));
#18097=CARTESIAN_POINT('',(150.,37.6049682452694,1.68710075276643));
#18098=CARTESIAN_POINT('',(152.6,68.,19.2356805183873));
#18099=CARTESIAN_POINT('',(152.6,36.1103530029988,0.824184240306547));
#18100=CARTESIAN_POINT('',(151.3,68.,19.2356805183873));
#18101=CARTESIAN_POINT('Origin',(151.3,68.,19.2356805183873));
#18102=CARTESIAN_POINT('',(150.,68.,22.1224318643355));
#18103=CARTESIAN_POINT('',(150.,68.,10.8178402591937));
#18104=CARTESIAN_POINT('',(152.6,68.,22.1224318643355));
#18105=CARTESIAN_POINT('',(152.6,68.,9.61784025919366));
#18106=CARTESIAN_POINT('',(151.3,68.,22.1224318643355));
#18107=CARTESIAN_POINT('Origin',(151.3,65.5,23.5658075373095));
#18108=CARTESIAN_POINT('',(150.,65.5,23.5658075373095));
#18109=CARTESIAN_POINT('',(150.,36.3549682452694,6.73891560817564));
#18110=CARTESIAN_POINT('',(152.6,65.5,23.5658075373095));
#18111=CARTESIAN_POINT('',(151.3,65.5,23.5658075373095));
#18112=CARTESIAN_POINT('',(152.6,34.8603530029988,5.87599909571576));
#18113=CARTESIAN_POINT('Origin',(151.3,68.,22.1224318643355));
#18114=CARTESIAN_POINT('',(150.,46.7700317547305,34.379559745629));
#18115=CARTESIAN_POINT('',(152.6,46.3146469970012,34.6424762580889));
#18116=CARTESIAN_POINT('Origin',(-1.3,34.,22.1224318643355));
#18117=CARTESIAN_POINT('',(0.,34.,19.2356805183873));
#18118=CARTESIAN_POINT('',(0.,34.,22.1224318643355));
#18119=CARTESIAN_POINT('',(0.,34.,12.2612159321677));
#18120=CARTESIAN_POINT('',(-2.6,34.,19.2356805183873));
#18121=CARTESIAN_POINT('',(-1.3,34.,19.2356805183873));
#18122=CARTESIAN_POINT('',(-2.6,34.,22.1224318643355));
#18123=CARTESIAN_POINT('',(-2.6,34.,11.0612159321677));
#18124=CARTESIAN_POINT('',(-1.3,34.,22.1224318643355));
#18125=CARTESIAN_POINT('Origin',(-1.3,36.5,23.5658075373095));
#18126=CARTESIAN_POINT('',(0.,36.5,23.5658075373095));
#18127=CARTESIAN_POINT('',(0.,47.4799682452694,29.9050951594094));
#18128=CARTESIAN_POINT('',(-2.6,36.5,23.5658075373095));
#18129=CARTESIAN_POINT('',(-2.6,47.9353530029988,30.1680116718693));
#18130=CARTESIAN_POINT('',(-1.3,36.5,23.5658075373095));
#18131=CARTESIAN_POINT('Origin',(-1.3,39.,22.1224318643355));
#18132=CARTESIAN_POINT('',(0.,39.,22.1224318643355));
#18133=CARTESIAN_POINT('',(0.,57.8950317547305,11.2133801943952));
#18134=CARTESIAN_POINT('',(-2.6,39.,22.1224318643355));
#18135=CARTESIAN_POINT('',(-2.6,59.3896469970012,10.3504636819354));
#18136=CARTESIAN_POINT('',(-1.3,39.,22.1224318643355));
#18137=CARTESIAN_POINT('Origin',(-1.3,39.,19.2356805183873));
#18138=CARTESIAN_POINT('',(0.,39.,19.2356805183873));
#18139=CARTESIAN_POINT('',(0.,39.,10.8178402591937));
#18140=CARTESIAN_POINT('',(-2.6,39.,19.2356805183873));
#18141=CARTESIAN_POINT('',(-2.6,39.,9.61784025919366));
#18142=CARTESIAN_POINT('',(-1.3,39.,19.2356805183873));
#18143=CARTESIAN_POINT('Origin',(-1.3,36.5,17.7923048454133));
#18144=CARTESIAN_POINT('',(0.,36.5,17.7923048454133));
#18145=CARTESIAN_POINT('',(0.,48.7299682452695,24.8532803040002));
#18146=CARTESIAN_POINT('',(-2.6,36.5,17.7923048454133));
#18147=CARTESIAN_POINT('',(-2.6,49.1853530029988,25.11619681646));
#18148=CARTESIAN_POINT('',(-1.3,36.5,17.7923048454133));
#18149=CARTESIAN_POINT('Origin',(-1.3,34.,19.2356805183873));
#18150=CARTESIAN_POINT('',(0.,54.1450317547306,7.60494101196009));
#18151=CARTESIAN_POINT('',(-2.6,55.6396469970012,6.7420244995002));
#18152=CARTESIAN_POINT('Origin',(-1.3,22.,22.1224318643355));
#18153=CARTESIAN_POINT('',(0.,22.,19.2356805183873));
#18154=CARTESIAN_POINT('',(0.,22.,22.1224318643355));
#18155=CARTESIAN_POINT('',(0.,22.,12.2612159321677));
#18156=CARTESIAN_POINT('',(-2.6,22.,19.2356805183873));
#18157=CARTESIAN_POINT('',(-1.3,22.,19.2356805183873));
#18158=CARTESIAN_POINT('',(-2.6,22.,22.1224318643355));
#18159=CARTESIAN_POINT('',(-2.6,22.,11.0612159321677));
#18160=CARTESIAN_POINT('',(-1.3,22.,22.1224318643355));
#18161=CARTESIAN_POINT('Origin',(-1.3,24.5,23.5658075373095));
#18162=CARTESIAN_POINT('',(0.,24.5,23.5658075373095));
#18163=CARTESIAN_POINT('',(0.,39.9799682452694,32.5031713707627));
#18164=CARTESIAN_POINT('',(-2.6,24.5,23.5658075373095));
#18165=CARTESIAN_POINT('',(-2.6,40.4353530029988,32.7660878832226));
#18166=CARTESIAN_POINT('',(-1.3,24.5,23.5658075373095));
#18167=CARTESIAN_POINT('Origin',(-1.3,27.,22.1224318643355));
#18168=CARTESIAN_POINT('',(0.,27.,22.1224318643355));
#18169=CARTESIAN_POINT('',(0.,50.3950317547305,8.61530398304192));
#18170=CARTESIAN_POINT('',(-2.6,27.,22.1224318643355));
#18171=CARTESIAN_POINT('',(-2.6,51.8896469970012,7.75238747058204));
#18172=CARTESIAN_POINT('',(-1.3,27.,22.1224318643355));
#18173=CARTESIAN_POINT('Origin',(-1.3,27.,19.2356805183873));
#18174=CARTESIAN_POINT('',(0.,27.,19.2356805183873));
#18175=CARTESIAN_POINT('',(0.,27.,10.8178402591937));
#18176=CARTESIAN_POINT('',(-2.6,27.,19.2356805183873));
#18177=CARTESIAN_POINT('',(-2.6,27.,9.61784025919366));
#18178=CARTESIAN_POINT('',(-1.3,27.,19.2356805183873));
#18179=CARTESIAN_POINT('Origin',(-1.3,24.5,17.7923048454133));
#18180=CARTESIAN_POINT('',(0.,24.5,17.7923048454133));
#18181=CARTESIAN_POINT('',(0.,41.2299682452695,27.4513565153535));
#18182=CARTESIAN_POINT('',(-2.6,24.5,17.7923048454133));
#18183=CARTESIAN_POINT('',(-2.6,41.6853530029988,27.7142730278134));
#18184=CARTESIAN_POINT('',(-1.3,24.5,17.7923048454133));
#18185=CARTESIAN_POINT('Origin',(-1.3,22.,19.2356805183873));
#18186=CARTESIAN_POINT('',(0.,46.6450317547306,5.00686480060677));
#18187=CARTESIAN_POINT('',(-2.6,48.1396469970012,4.14394828814689));
#18188=CARTESIAN_POINT('Origin',(-1.3,10.,22.1224318643355));
#18189=CARTESIAN_POINT('',(0.,10.,19.2356805183873));
#18190=CARTESIAN_POINT('',(0.,10.,22.1224318643355));
#18191=CARTESIAN_POINT('',(0.,10.,12.2612159321677));
#18192=CARTESIAN_POINT('',(-2.6,10.,19.2356805183873));
#18193=CARTESIAN_POINT('',(-1.3,10.,19.2356805183873));
#18194=CARTESIAN_POINT('',(-2.6,10.,22.1224318643355));
#18195=CARTESIAN_POINT('',(-2.6,10.,11.0612159321677));
#18196=CARTESIAN_POINT('',(-1.3,10.,22.1224318643355));
#18197=CARTESIAN_POINT('Origin',(-1.3,12.5,23.5658075373095));
#18198=CARTESIAN_POINT('',(0.,12.5,23.5658075373095));
#18199=CARTESIAN_POINT('',(0.,32.4799682452694,35.101247582116));
#18200=CARTESIAN_POINT('',(-2.6,12.5,23.5658075373095));
#18201=CARTESIAN_POINT('',(-2.6,32.9353530029988,35.3641640945759));
#18202=CARTESIAN_POINT('',(-1.3,12.5,23.5658075373095));
#18203=CARTESIAN_POINT('Origin',(-1.3,15.,22.1224318643355));
#18204=CARTESIAN_POINT('',(0.,15.,22.1224318643355));
#18205=CARTESIAN_POINT('',(0.,42.8950317547305,6.0172277716886));
#18206=CARTESIAN_POINT('',(-2.6,15.,22.1224318643355));
#18207=CARTESIAN_POINT('',(-2.6,44.3896469970012,5.15431125922872));
#18208=CARTESIAN_POINT('',(-1.3,15.,22.1224318643355));
#18209=CARTESIAN_POINT('Origin',(-1.3,15.,19.2356805183873));
#18210=CARTESIAN_POINT('',(0.,15.,19.2356805183873));
#18211=CARTESIAN_POINT('',(0.,15.,10.8178402591937));
#18212=CARTESIAN_POINT('',(-2.6,15.,19.2356805183873));
#18213=CARTESIAN_POINT('',(-2.6,15.,9.61784025919366));
#18214=CARTESIAN_POINT('',(-1.3,15.,19.2356805183873));
#18215=CARTESIAN_POINT('Origin',(-1.3,12.5,17.7923048454133));
#18216=CARTESIAN_POINT('',(0.,12.5,17.7923048454133));
#18217=CARTESIAN_POINT('',(0.,33.7299682452695,30.0494327267068));
#18218=CARTESIAN_POINT('',(-2.6,12.5,17.7923048454133));
#18219=CARTESIAN_POINT('',(-2.6,34.1853530029988,30.3123492391667));
#18220=CARTESIAN_POINT('',(-1.3,12.5,17.7923048454133));
#18221=CARTESIAN_POINT('Origin',(-1.3,10.,19.2356805183873));
#18222=CARTESIAN_POINT('',(0.,39.1450317547306,2.40878858925346));
#18223=CARTESIAN_POINT('',(-2.6,40.6396469970012,1.54587207679357));
#18224=CARTESIAN_POINT('Origin',(-1.3,31.,16.9262794416288));
#18225=CARTESIAN_POINT('',(0.,31.,14.0395280956807));
#18226=CARTESIAN_POINT('',(0.,31.,16.9262794416288));
#18227=CARTESIAN_POINT('',(0.,31.,9.66313972081441));
#18228=CARTESIAN_POINT('',(-2.6,31.,14.0395280956807));
#18229=CARTESIAN_POINT('',(-1.3,31.,14.0395280956807));
#18230=CARTESIAN_POINT('',(-2.6,31.,16.9262794416288));
#18231=CARTESIAN_POINT('',(-2.6,31.,8.46313972081441));
#18232=CARTESIAN_POINT('',(-1.3,31.,16.9262794416288));
#18233=CARTESIAN_POINT('Origin',(-1.3,33.5,18.3696551146029));
#18234=CARTESIAN_POINT('',(0.,33.5,18.3696551146029));
#18235=CARTESIAN_POINT('',(0.,46.7299682452695,26.0079808423794));
#18236=CARTESIAN_POINT('',(-2.6,33.5,18.3696551146029));
#18237=CARTESIAN_POINT('',(-2.6,47.1853530029988,26.2708973548393));
#18238=CARTESIAN_POINT('',(-1.3,33.5,18.3696551146029));
#18239=CARTESIAN_POINT('Origin',(-1.3,36.,16.9262794416288));
#18240=CARTESIAN_POINT('',(0.,36.,16.9262794416288));
#18241=CARTESIAN_POINT('',(0.,54.8950317547306,6.01722777168862));
#18242=CARTESIAN_POINT('',(-2.6,36.,16.9262794416288));
#18243=CARTESIAN_POINT('',(-2.6,56.3896469970012,5.15431125922873));
#18244=CARTESIAN_POINT('',(-1.3,36.,16.9262794416288));
#18245=CARTESIAN_POINT('Origin',(-1.3,36.,14.0395280956807));
#18246=CARTESIAN_POINT('',(0.,36.,14.0395280956807));
#18247=CARTESIAN_POINT('',(0.,36.,8.21976404784035));
#18248=CARTESIAN_POINT('',(-2.6,36.,14.0395280956807));
#18249=CARTESIAN_POINT('',(-2.6,36.,7.01976404784035));
#18250=CARTESIAN_POINT('',(-1.3,36.,14.0395280956807));
#18251=CARTESIAN_POINT('Origin',(-1.3,33.5,12.5961524227066));
#18252=CARTESIAN_POINT('',(0.,33.5,12.5961524227066));
#18253=CARTESIAN_POINT('',(0.,47.9799682452695,20.9561659869702));
#18254=CARTESIAN_POINT('',(-2.6,33.5,12.5961524227066));
#18255=CARTESIAN_POINT('',(-2.6,48.4353530029988,21.2190824994301));
#18256=CARTESIAN_POINT('',(-1.3,33.5,12.5961524227066));
#18257=CARTESIAN_POINT('Origin',(-1.3,31.,14.0395280956807));
#18258=CARTESIAN_POINT('',(0.,51.1450317547306,2.40878858925346));
#18259=CARTESIAN_POINT('',(-2.6,52.6396469970012,1.54587207679357));
#18260=CARTESIAN_POINT('Origin',(-1.3,25.,16.9262794416288));
#18261=CARTESIAN_POINT('',(0.,25.,14.0395280956807));
#18262=CARTESIAN_POINT('',(0.,25.,16.9262794416288));
#18263=CARTESIAN_POINT('',(0.,25.,9.66313972081441));
#18264=CARTESIAN_POINT('',(-2.6,25.,14.0395280956807));
#18265=CARTESIAN_POINT('',(-1.3,25.,14.0395280956807));
#18266=CARTESIAN_POINT('',(-2.6,25.,16.9262794416288));
#18267=CARTESIAN_POINT('',(-2.6,25.,8.46313972081441));
#18268=CARTESIAN_POINT('',(-1.3,25.,16.9262794416288));
#18269=CARTESIAN_POINT('Origin',(-1.3,27.5,18.3696551146029));
#18270=CARTESIAN_POINT('',(0.,27.5,18.3696551146029));
#18271=CARTESIAN_POINT('',(0.,42.9799682452695,27.3070189480561));
#18272=CARTESIAN_POINT('',(-2.6,27.5,18.3696551146029));
#18273=CARTESIAN_POINT('',(-2.6,43.4353530029988,27.5699354605159));
#18274=CARTESIAN_POINT('',(-1.3,27.5,18.3696551146029));
#18275=CARTESIAN_POINT('Origin',(-1.3,30.,16.9262794416288));
#18276=CARTESIAN_POINT('',(0.,30.,16.9262794416288));
#18277=CARTESIAN_POINT('',(0.,51.1450317547306,4.71818966601196));
#18278=CARTESIAN_POINT('',(-2.6,30.,16.9262794416288));
#18279=CARTESIAN_POINT('',(-2.6,52.6396469970012,3.85527315355208));
#18280=CARTESIAN_POINT('',(-1.3,30.,16.9262794416288));
#18281=CARTESIAN_POINT('Origin',(-1.3,30.,14.0395280956807));
#18282=CARTESIAN_POINT('',(0.,30.,14.0395280956807));
#18283=CARTESIAN_POINT('',(0.,30.,8.21976404784035));
#18284=CARTESIAN_POINT('',(-2.6,30.,14.0395280956807));
#18285=CARTESIAN_POINT('',(-2.6,30.,7.01976404784035));
#18286=CARTESIAN_POINT('',(-1.3,30.,14.0395280956807));
#18287=CARTESIAN_POINT('Origin',(-1.3,27.5,12.5961524227066));
#18288=CARTESIAN_POINT('',(0.,27.5,12.5961524227066));
#18289=CARTESIAN_POINT('',(0.,44.2299682452695,22.2552040926468));
#18290=CARTESIAN_POINT('',(-2.6,27.5,12.5961524227066));
#18291=CARTESIAN_POINT('',(-2.6,44.6853530029988,22.5181206051067));
#18292=CARTESIAN_POINT('',(-1.3,27.5,12.5961524227066));
#18293=CARTESIAN_POINT('Origin',(-1.3,25.,14.0395280956807));
#18294=CARTESIAN_POINT('',(0.,47.3950317547306,1.1097504835768));
#18295=CARTESIAN_POINT('',(-2.6,48.8896469970012,0.246833971116913));
#18296=CARTESIAN_POINT('Origin',(-1.3,13.,16.9262794416288));
#18297=CARTESIAN_POINT('',(0.,13.,14.0395280956807));
#18298=CARTESIAN_POINT('',(0.,13.,16.9262794416288));
#18299=CARTESIAN_POINT('',(0.,13.,9.66313972081441));
#18300=CARTESIAN_POINT('',(-2.6,13.,14.0395280956807));
#18301=CARTESIAN_POINT('',(-1.3,13.,14.0395280956807));
#18302=CARTESIAN_POINT('',(-2.6,13.,16.9262794416288));
#18303=CARTESIAN_POINT('',(-2.6,13.,8.46313972081441));
#18304=CARTESIAN_POINT('',(-1.3,13.,16.9262794416288));
#18305=CARTESIAN_POINT('Origin',(-1.3,15.5,18.3696551146029));
#18306=CARTESIAN_POINT('',(0.,15.5,18.3696551146029));
#18307=CARTESIAN_POINT('',(0.,35.4799682452695,29.9050951594094));
#18308=CARTESIAN_POINT('',(-2.6,15.5,18.3696551146029));
#18309=CARTESIAN_POINT('',(-2.6,35.9353530029988,30.1680116718693));
#18310=CARTESIAN_POINT('',(-1.3,15.5,18.3696551146029));
#18311=CARTESIAN_POINT('Origin',(-1.3,18.,16.9262794416288));
#18312=CARTESIAN_POINT('',(0.,18.,16.9262794416288));
#18313=CARTESIAN_POINT('',(0.,43.6450317547306,2.12011345465865));
#18314=CARTESIAN_POINT('',(-2.6,18.,16.9262794416288));
#18315=CARTESIAN_POINT('',(-2.6,45.1396469970012,1.25719694219876));
#18316=CARTESIAN_POINT('',(-1.3,18.,16.9262794416288));
#18317=CARTESIAN_POINT('Origin',(-1.3,18.,14.0395280956807));
#18318=CARTESIAN_POINT('',(0.,18.,14.0395280956807));
#18319=CARTESIAN_POINT('',(0.,18.,8.21976404784035));
#18320=CARTESIAN_POINT('',(-2.6,18.,14.0395280956807));
#18321=CARTESIAN_POINT('',(-2.6,18.,7.01976404784035));
#18322=CARTESIAN_POINT('',(-1.3,18.,14.0395280956807));
#18323=CARTESIAN_POINT('Origin',(-1.3,15.5,12.5961524227066));
#18324=CARTESIAN_POINT('',(0.,15.5,12.5961524227066));
#18325=CARTESIAN_POINT('',(0.,36.7299682452695,24.8532803040002));
#18326=CARTESIAN_POINT('',(-2.6,15.5,12.5961524227066));
#18327=CARTESIAN_POINT('',(-2.6,37.1853530029988,25.11619681646));
#18328=CARTESIAN_POINT('',(-1.3,15.5,12.5961524227066));
#18329=CARTESIAN_POINT('Origin',(-1.3,13.,14.0395280956807));
#18330=CARTESIAN_POINT('',(0.,39.8950317547306,-1.48832572777652));
#18331=CARTESIAN_POINT('',(-2.6,41.3896469970012,-2.3512422402364));
#18332=CARTESIAN_POINT('Origin',(-1.3,34.,11.7301270189222));
#18333=CARTESIAN_POINT('',(0.,34.,8.84337567297406));
#18334=CARTESIAN_POINT('',(0.,34.,11.7301270189222));
#18335=CARTESIAN_POINT('',(0.,34.,7.0650635094611));
#18336=CARTESIAN_POINT('',(-2.6,34.,8.84337567297406));
#18337=CARTESIAN_POINT('',(-1.3,34.,8.84337567297406));
#18338=CARTESIAN_POINT('',(-2.6,34.,11.7301270189222));
#18339=CARTESIAN_POINT('',(-2.6,34.,5.8650635094611));
#18340=CARTESIAN_POINT('',(-1.3,34.,11.7301270189222));
#18341=CARTESIAN_POINT('Origin',(-1.3,36.5,13.1735026918963));
#18342=CARTESIAN_POINT('',(0.,36.5,13.1735026918963));
#18343=CARTESIAN_POINT('',(0.,49.7299682452695,20.8118284196728));
#18344=CARTESIAN_POINT('',(-2.6,36.5,13.1735026918963));
#18345=CARTESIAN_POINT('',(-2.6,50.1853530029988,21.0747449321327));
#18346=CARTESIAN_POINT('',(-1.3,36.5,13.1735026918963));
#18347=CARTESIAN_POINT('Origin',(-1.3,39.,11.7301270189222));
#18348=CARTESIAN_POINT('',(0.,39.,11.7301270189222));
#18349=CARTESIAN_POINT('',(0.,55.6450317547306,2.12011345465865));
#18350=CARTESIAN_POINT('',(-2.6,39.,11.7301270189222));
#18351=CARTESIAN_POINT('',(-2.6,57.1396469970012,1.25719694219876));
#18352=CARTESIAN_POINT('',(-1.3,39.,11.7301270189222));
#18353=CARTESIAN_POINT('Origin',(-1.3,39.,8.84337567297406));
#18354=CARTESIAN_POINT('',(0.,39.,8.84337567297406));
#18355=CARTESIAN_POINT('',(0.,39.,5.62168783648703));
#18356=CARTESIAN_POINT('',(-2.6,39.,8.84337567297406));
#18357=CARTESIAN_POINT('',(-2.6,39.,4.42168783648703));
#18358=CARTESIAN_POINT('',(-1.3,39.,8.84337567297406));
#18359=CARTESIAN_POINT('Origin',(-1.3,36.5,7.4));
#18360=CARTESIAN_POINT('',(0.,36.5,7.4));
#18361=CARTESIAN_POINT('',(0.,50.9799682452695,15.7600135642635));
#18362=CARTESIAN_POINT('',(-2.6,36.5,7.4));
#18363=CARTESIAN_POINT('',(-2.6,51.4353530029988,16.0229300767234));
#18364=CARTESIAN_POINT('',(-1.3,36.5,7.4));
#18365=CARTESIAN_POINT('Origin',(-1.3,34.,8.84337567297406));
#18366=CARTESIAN_POINT('',(0.,51.8950317547306,-1.48832572777652));
#18367=CARTESIAN_POINT('',(-2.6,53.3896469970012,-2.3512422402364));
#18368=CARTESIAN_POINT('Origin',(-1.3,22.,11.7301270189222));
#18369=CARTESIAN_POINT('',(0.,22.,8.84337567297406));
#18370=CARTESIAN_POINT('',(0.,22.,11.7301270189222));
#18371=CARTESIAN_POINT('',(0.,22.,7.0650635094611));
#18372=CARTESIAN_POINT('',(-2.6,22.,8.84337567297406));
#18373=CARTESIAN_POINT('',(-1.3,22.,8.84337567297406));
#18374=CARTESIAN_POINT('',(-2.6,22.,11.7301270189222));
#18375=CARTESIAN_POINT('',(-2.6,22.,5.8650635094611));
#18376=CARTESIAN_POINT('',(-1.3,22.,11.7301270189222));
#18377=CARTESIAN_POINT('Origin',(-1.3,24.5,13.1735026918963));
#18378=CARTESIAN_POINT('',(0.,24.5,13.1735026918963));
#18379=CARTESIAN_POINT('',(0.,42.2299682452695,23.4099046310261));
#18380=CARTESIAN_POINT('',(-2.6,24.5,13.1735026918963));
#18381=CARTESIAN_POINT('',(-2.6,42.6853530029988,23.672821143486));
#18382=CARTESIAN_POINT('',(-1.3,24.5,13.1735026918963));
#18383=CARTESIAN_POINT('Origin',(-1.3,27.,11.7301270189222));
#18384=CARTESIAN_POINT('',(0.,27.,11.7301270189222));
#18385=CARTESIAN_POINT('',(0.,48.1450317547306,-0.477962756694669));
#18386=CARTESIAN_POINT('',(-2.6,27.,11.7301270189222));
#18387=CARTESIAN_POINT('',(-2.6,49.6396469970012,-1.34087926915455));
#18388=CARTESIAN_POINT('',(-1.3,27.,11.7301270189222));
#18389=CARTESIAN_POINT('Origin',(-1.3,27.,8.84337567297406));
#18390=CARTESIAN_POINT('',(0.,27.,8.84337567297406));
#18391=CARTESIAN_POINT('',(0.,27.,5.62168783648703));
#18392=CARTESIAN_POINT('',(-2.6,27.,8.84337567297406));
#18393=CARTESIAN_POINT('',(-2.6,27.,4.42168783648703));
#18394=CARTESIAN_POINT('',(-1.3,27.,8.84337567297406));
#18395=CARTESIAN_POINT('Origin',(-1.3,24.5,7.4));
#18396=CARTESIAN_POINT('',(0.,24.5,7.4));
#18397=CARTESIAN_POINT('',(0.,43.4799682452695,18.3580897756169));
#18398=CARTESIAN_POINT('',(-2.6,24.5,7.4));
#18399=CARTESIAN_POINT('',(-2.6,43.9353530029988,18.6210062880767));
#18400=CARTESIAN_POINT('',(-1.3,24.5,7.4));
#18401=CARTESIAN_POINT('Origin',(-1.3,22.,8.84337567297406));
#18402=CARTESIAN_POINT('',(0.,44.3950317547306,-4.08640193912983));
#18403=CARTESIAN_POINT('',(-2.6,45.8896469970012,-4.94931845158972));
#18404=CARTESIAN_POINT('Origin',(-1.3,16.,11.7301270189222));
#18405=CARTESIAN_POINT('',(0.,16.,8.84337567297406));
#18406=CARTESIAN_POINT('',(0.,16.,11.7301270189222));
#18407=CARTESIAN_POINT('',(0.,16.,7.0650635094611));
#18408=CARTESIAN_POINT('',(-2.6,16.,8.84337567297406));
#18409=CARTESIAN_POINT('',(-1.3,16.,8.84337567297406));
#18410=CARTESIAN_POINT('',(-2.6,16.,11.7301270189222));
#18411=CARTESIAN_POINT('',(-2.6,16.,5.8650635094611));
#18412=CARTESIAN_POINT('',(-1.3,16.,11.7301270189222));
#18413=CARTESIAN_POINT('Origin',(-1.3,18.5,13.1735026918963));
#18414=CARTESIAN_POINT('',(0.,18.5,13.1735026918963));
#18415=CARTESIAN_POINT('',(0.,38.4799682452695,24.7089427367028));
#18416=CARTESIAN_POINT('',(-2.6,18.5,13.1735026918963));
#18417=CARTESIAN_POINT('',(-2.6,38.9353530029988,24.9718592491626));
#18418=CARTESIAN_POINT('',(-1.3,18.5,13.1735026918963));
#18419=CARTESIAN_POINT('Origin',(-1.3,21.,11.7301270189222));
#18420=CARTESIAN_POINT('',(0.,21.,11.7301270189222));
#18421=CARTESIAN_POINT('',(0.,44.3950317547306,-1.77700086237133));
#18422=CARTESIAN_POINT('',(-2.6,21.,11.7301270189222));
#18423=CARTESIAN_POINT('',(-2.6,45.8896469970012,-2.63991737483121));
#18424=CARTESIAN_POINT('',(-1.3,21.,11.7301270189222));
#18425=CARTESIAN_POINT('Origin',(-1.3,21.,8.84337567297406));
#18426=CARTESIAN_POINT('',(0.,21.,8.84337567297406));
#18427=CARTESIAN_POINT('',(0.,21.,5.62168783648703));
#18428=CARTESIAN_POINT('',(-2.6,21.,8.84337567297406));
#18429=CARTESIAN_POINT('',(-2.6,21.,4.42168783648703));
#18430=CARTESIAN_POINT('',(-1.3,21.,8.84337567297406));
#18431=CARTESIAN_POINT('Origin',(-1.3,18.5,7.4));
#18432=CARTESIAN_POINT('',(0.,18.5,7.4));
#18433=CARTESIAN_POINT('',(0.,39.7299682452695,19.6571278812935));
#18434=CARTESIAN_POINT('',(-2.6,18.5,7.4));
#18435=CARTESIAN_POINT('',(-2.6,40.1853530029988,19.9200443937534));
#18436=CARTESIAN_POINT('',(-1.3,18.5,7.4));
#18437=CARTESIAN_POINT('Origin',(-1.3,16.,8.84337567297406));
#18438=CARTESIAN_POINT('',(0.,40.6450317547306,-5.38544004480649));
#18439=CARTESIAN_POINT('',(-2.6,42.1396469970012,-6.24835655726637));
#18440=CARTESIAN_POINT('Origin',(-1.3,28.,11.7301270189222));
#18441=CARTESIAN_POINT('',(0.,28.,8.84337567297406));
#18442=CARTESIAN_POINT('',(0.,28.,11.7301270189222));
#18443=CARTESIAN_POINT('',(0.,28.,7.0650635094611));
#18444=CARTESIAN_POINT('',(-2.6,28.,8.84337567297406));
#18445=CARTESIAN_POINT('',(-1.3,28.,8.84337567297406));
#18446=CARTESIAN_POINT('',(-2.6,28.,11.7301270189222));
#18447=CARTESIAN_POINT('',(-2.6,28.,5.8650635094611));
#18448=CARTESIAN_POINT('',(-1.3,28.,11.7301270189222));
#18449=CARTESIAN_POINT('Origin',(-1.3,30.5,13.1735026918963));
#18450=CARTESIAN_POINT('',(0.,30.5,13.1735026918963));
#18451=CARTESIAN_POINT('',(0.,45.9799682452695,22.1108665253494));
#18452=CARTESIAN_POINT('',(-2.6,30.5,13.1735026918963));
#18453=CARTESIAN_POINT('',(-2.6,46.4353530029988,22.3737830378093));
#18454=CARTESIAN_POINT('',(-1.3,30.5,13.1735026918963));
#18455=CARTESIAN_POINT('Origin',(-1.3,33.,11.7301270189222));
#18456=CARTESIAN_POINT('',(0.,33.,11.7301270189222));
#18457=CARTESIAN_POINT('',(0.,51.8950317547306,0.82107534898199));
#18458=CARTESIAN_POINT('',(-2.6,33.,11.7301270189222));
#18459=CARTESIAN_POINT('',(-2.6,53.3896469970012,-0.0418411634778948));
#18460=CARTESIAN_POINT('',(-1.3,33.,11.7301270189222));
#18461=CARTESIAN_POINT('Origin',(-1.3,33.,8.84337567297406));
#18462=CARTESIAN_POINT('',(0.,33.,8.84337567297406));
#18463=CARTESIAN_POINT('',(0.,33.,5.62168783648703));
#18464=CARTESIAN_POINT('',(-2.6,33.,8.84337567297406));
#18465=CARTESIAN_POINT('',(-2.6,33.,4.42168783648703));
#18466=CARTESIAN_POINT('',(-1.3,33.,8.84337567297406));
#18467=CARTESIAN_POINT('Origin',(-1.3,30.5,7.4));
#18468=CARTESIAN_POINT('',(0.,30.5,7.4));
#18469=CARTESIAN_POINT('',(0.,47.2299682452695,17.0590516699402));
#18470=CARTESIAN_POINT('',(-2.6,30.5,7.4));
#18471=CARTESIAN_POINT('',(-2.6,47.6853530029988,17.3219681824001));
#18472=CARTESIAN_POINT('',(-1.3,30.5,7.4));
#18473=CARTESIAN_POINT('Origin',(-1.3,28.,8.84337567297406));
#18474=CARTESIAN_POINT('',(0.,48.1450317547306,-2.78736383345317));
#18475=CARTESIAN_POINT('',(-2.6,49.6396469970012,-3.65028034591306));
#18476=CARTESIAN_POINT('Origin',(-1.3,40.,11.7301270189222));
#18477=CARTESIAN_POINT('',(0.,40.,8.84337567297406));
#18478=CARTESIAN_POINT('',(0.,40.,11.7301270189222));
#18479=CARTESIAN_POINT('',(0.,40.,7.0650635094611));
#18480=CARTESIAN_POINT('',(-2.6,40.,8.84337567297406));
#18481=CARTESIAN_POINT('',(-1.3,40.,8.84337567297406));
#18482=CARTESIAN_POINT('',(-2.6,40.,11.7301270189222));
#18483=CARTESIAN_POINT('',(-2.6,40.,5.8650635094611));
#18484=CARTESIAN_POINT('',(-1.3,40.,11.7301270189222));
#18485=CARTESIAN_POINT('Origin',(-1.3,42.5,13.1735026918963));
#18486=CARTESIAN_POINT('',(0.,42.5,13.1735026918963));
#18487=CARTESIAN_POINT('',(0.,53.4799682452695,19.5127903139961));
#18488=CARTESIAN_POINT('',(-2.6,42.5,13.1735026918963));
#18489=CARTESIAN_POINT('',(-2.6,53.9353530029988,19.775706826456));
#18490=CARTESIAN_POINT('',(-1.3,42.5,13.1735026918963));
#18491=CARTESIAN_POINT('Origin',(-1.3,45.,11.7301270189222));
#18492=CARTESIAN_POINT('',(0.,45.,11.7301270189222));
#18493=CARTESIAN_POINT('',(0.,59.3950317547306,3.4191515603353));
#18494=CARTESIAN_POINT('',(-2.6,45.,11.7301270189222));
#18495=CARTESIAN_POINT('',(-2.6,60.8896469970012,2.55623504787542));
#18496=CARTESIAN_POINT('',(-1.3,45.,11.7301270189222));
#18497=CARTESIAN_POINT('Origin',(-1.3,45.,8.84337567297406));
#18498=CARTESIAN_POINT('',(0.,45.,8.84337567297406));
#18499=CARTESIAN_POINT('',(0.,45.,5.62168783648703));
#18500=CARTESIAN_POINT('',(-2.6,45.,8.84337567297406));
#18501=CARTESIAN_POINT('',(-2.6,45.,4.42168783648703));
#18502=CARTESIAN_POINT('',(-1.3,45.,8.84337567297406));
#18503=CARTESIAN_POINT('Origin',(-1.3,42.5,7.4));
#18504=CARTESIAN_POINT('',(0.,42.5,7.4));
#18505=CARTESIAN_POINT('',(0.,54.7299682452695,14.4609754585869));
#18506=CARTESIAN_POINT('',(-2.6,42.5,7.4));
#18507=CARTESIAN_POINT('',(-2.6,55.1853530029988,14.7238919710468));
#18508=CARTESIAN_POINT('',(-1.3,42.5,7.4));
#18509=CARTESIAN_POINT('Origin',(-1.3,40.,8.84337567297406));
#18510=CARTESIAN_POINT('',(0.,55.6450317547306,-0.189287622099858));
#18511=CARTESIAN_POINT('',(-2.6,57.1396469970012,-1.05220413455974));
#18512=CARTESIAN_POINT('Origin',(-1.3,19.,16.9262794416288));
#18513=CARTESIAN_POINT('',(0.,19.,14.0395280956807));
#18514=CARTESIAN_POINT('',(0.,19.,16.9262794416288));
#18515=CARTESIAN_POINT('',(0.,19.,9.66313972081441));
#18516=CARTESIAN_POINT('',(-2.6,19.,14.0395280956807));
#18517=CARTESIAN_POINT('',(-1.3,19.,14.0395280956807));
#18518=CARTESIAN_POINT('',(-2.6,19.,16.9262794416288));
#18519=CARTESIAN_POINT('',(-2.6,19.,8.46313972081441));
#18520=CARTESIAN_POINT('',(-1.3,19.,16.9262794416288));
#18521=CARTESIAN_POINT('Origin',(-1.3,21.5,18.3696551146029));
#18522=CARTESIAN_POINT('',(0.,21.5,18.3696551146029));
#18523=CARTESIAN_POINT('',(0.,39.2299682452695,28.6060570537327));
#18524=CARTESIAN_POINT('',(-2.6,21.5,18.3696551146029));
#18525=CARTESIAN_POINT('',(-2.6,39.6853530029988,28.8689735661926));
#18526=CARTESIAN_POINT('',(-1.3,21.5,18.3696551146029));
#18527=CARTESIAN_POINT('Origin',(-1.3,24.,16.9262794416288));
#18528=CARTESIAN_POINT('',(0.,24.,16.9262794416288));
#18529=CARTESIAN_POINT('',(0.,47.3950317547306,3.41915156033531));
#18530=CARTESIAN_POINT('',(-2.6,24.,16.9262794416288));
#18531=CARTESIAN_POINT('',(-2.6,48.8896469970012,2.55623504787542));
#18532=CARTESIAN_POINT('',(-1.3,24.,16.9262794416288));
#18533=CARTESIAN_POINT('Origin',(-1.3,24.,14.0395280956807));
#18534=CARTESIAN_POINT('',(0.,24.,14.0395280956807));
#18535=CARTESIAN_POINT('',(0.,24.,8.21976404784035));
#18536=CARTESIAN_POINT('',(-2.6,24.,14.0395280956807));
#18537=CARTESIAN_POINT('',(-2.6,24.,7.01976404784035));
#18538=CARTESIAN_POINT('',(-1.3,24.,14.0395280956807));
#18539=CARTESIAN_POINT('Origin',(-1.3,21.5,12.5961524227066));
#18540=CARTESIAN_POINT('',(0.,21.5,12.5961524227066));
#18541=CARTESIAN_POINT('',(0.,40.4799682452695,23.5542421983235));
#18542=CARTESIAN_POINT('',(-2.6,21.5,12.5961524227066));
#18543=CARTESIAN_POINT('',(-2.6,40.9353530029988,23.8171587107834));
#18544=CARTESIAN_POINT('',(-1.3,21.5,12.5961524227066));
#18545=CARTESIAN_POINT('Origin',(-1.3,19.,14.0395280956807));
#18546=CARTESIAN_POINT('',(0.,43.6450317547306,-0.189287622099857));
#18547=CARTESIAN_POINT('',(-2.6,45.1396469970012,-1.05220413455974));
#18548=CARTESIAN_POINT('Origin',(-1.3,10.,11.7301270189222));
#18549=CARTESIAN_POINT('',(0.,10.,8.84337567297406));
#18550=CARTESIAN_POINT('',(0.,10.,11.7301270189222));
#18551=CARTESIAN_POINT('',(0.,10.,7.0650635094611));
#18552=CARTESIAN_POINT('',(-2.6,10.,8.84337567297406));
#18553=CARTESIAN_POINT('',(-1.3,10.,8.84337567297406));
#18554=CARTESIAN_POINT('',(-2.6,10.,11.7301270189222));
#18555=CARTESIAN_POINT('',(-2.6,10.,5.8650635094611));
#18556=CARTESIAN_POINT('',(-1.3,10.,11.7301270189222));
#18557=CARTESIAN_POINT('Origin',(-1.3,12.5,13.1735026918963));
#18558=CARTESIAN_POINT('',(0.,12.5,13.1735026918963));
#18559=CARTESIAN_POINT('',(0.,34.7299682452695,26.0079808423794));
#18560=CARTESIAN_POINT('',(-2.6,12.5,13.1735026918963));
#18561=CARTESIAN_POINT('',(-2.6,35.1853530029988,26.2708973548393));
#18562=CARTESIAN_POINT('',(-1.3,12.5,13.1735026918963));
#18563=CARTESIAN_POINT('Origin',(-1.3,15.,11.7301270189222));
#18564=CARTESIAN_POINT('',(0.,15.,11.7301270189222));
#18565=CARTESIAN_POINT('',(0.,40.6450317547306,-3.07603896804798));
#18566=CARTESIAN_POINT('',(-2.6,15.,11.7301270189222));
#18567=CARTESIAN_POINT('',(-2.6,42.1396469970012,-3.93895548050787));
#18568=CARTESIAN_POINT('',(-1.3,15.,11.7301270189222));
#18569=CARTESIAN_POINT('Origin',(-1.3,15.,8.84337567297406));
#18570=CARTESIAN_POINT('',(0.,15.,8.84337567297406));
#18571=CARTESIAN_POINT('',(0.,15.,5.62168783648703));
#18572=CARTESIAN_POINT('',(-2.6,15.,8.84337567297406));
#18573=CARTESIAN_POINT('',(-2.6,15.,4.42168783648703));
#18574=CARTESIAN_POINT('',(-1.3,15.,8.84337567297406));
#18575=CARTESIAN_POINT('Origin',(-1.3,12.5,7.4));
#18576=CARTESIAN_POINT('',(0.,12.5,7.4));
#18577=CARTESIAN_POINT('',(0.,35.9799682452695,20.9561659869702));
#18578=CARTESIAN_POINT('',(-2.6,12.5,7.4));
#18579=CARTESIAN_POINT('',(-2.6,36.4353530029988,21.2190824994301));
#18580=CARTESIAN_POINT('',(-1.3,12.5,7.4));
#18581=CARTESIAN_POINT('Origin',(-1.3,10.,8.84337567297406));
#18582=CARTESIAN_POINT('',(0.,36.8950317547306,-6.68447815048315));
#18583=CARTESIAN_POINT('',(-2.6,38.3896469970012,-7.54739466294303));
#18584=CARTESIAN_POINT('Origin',(-1.3,37.,16.9262794416288));
#18585=CARTESIAN_POINT('',(0.,37.,14.0395280956807));
#18586=CARTESIAN_POINT('',(0.,37.,16.9262794416288));
#18587=CARTESIAN_POINT('',(0.,37.,9.66313972081441));
#18588=CARTESIAN_POINT('',(-2.6,37.,14.0395280956807));
#18589=CARTESIAN_POINT('',(-1.3,37.,14.0395280956807));
#18590=CARTESIAN_POINT('',(-2.6,37.,16.9262794416288));
#18591=CARTESIAN_POINT('',(-2.6,37.,8.46313972081441));
#18592=CARTESIAN_POINT('',(-1.3,37.,16.9262794416288));
#18593=CARTESIAN_POINT('Origin',(-1.3,39.5,18.3696551146029));
#18594=CARTESIAN_POINT('',(0.,39.5,18.3696551146029));
#18595=CARTESIAN_POINT('',(0.,50.4799682452695,24.7089427367028));
#18596=CARTESIAN_POINT('',(-2.6,39.5,18.3696551146029));
#18597=CARTESIAN_POINT('',(-2.6,50.9353530029988,24.9718592491626));
#18598=CARTESIAN_POINT('',(-1.3,39.5,18.3696551146029));
#18599=CARTESIAN_POINT('Origin',(-1.3,42.,16.9262794416288));
#18600=CARTESIAN_POINT('',(0.,42.,16.9262794416288));
#18601=CARTESIAN_POINT('',(0.,58.6450317547305,7.31626587736528));
#18602=CARTESIAN_POINT('',(-2.6,42.,16.9262794416288));
#18603=CARTESIAN_POINT('',(-2.6,60.1396469970012,6.45334936490539));
#18604=CARTESIAN_POINT('',(-1.3,42.,16.9262794416288));
#18605=CARTESIAN_POINT('Origin',(-1.3,42.,14.0395280956807));
#18606=CARTESIAN_POINT('',(0.,42.,14.0395280956807));
#18607=CARTESIAN_POINT('',(0.,42.,8.21976404784035));
#18608=CARTESIAN_POINT('',(-2.6,42.,14.0395280956807));
#18609=CARTESIAN_POINT('',(-2.6,42.,7.01976404784035));
#18610=CARTESIAN_POINT('',(-1.3,42.,14.0395280956807));
#18611=CARTESIAN_POINT('Origin',(-1.3,39.5,12.5961524227066));
#18612=CARTESIAN_POINT('',(0.,39.5,12.5961524227066));
#18613=CARTESIAN_POINT('',(0.,51.7299682452695,19.6571278812935));
#18614=CARTESIAN_POINT('',(-2.6,39.5,12.5961524227066));
#18615=CARTESIAN_POINT('',(-2.6,52.1853530029988,19.9200443937534));
#18616=CARTESIAN_POINT('',(-1.3,39.5,12.5961524227066));
#18617=CARTESIAN_POINT('Origin',(-1.3,37.,14.0395280956807));
#18618=CARTESIAN_POINT('',(0.,54.8950317547306,3.70782669493012));
#18619=CARTESIAN_POINT('',(-2.6,56.3896469970012,2.84491018247023));
#18620=CARTESIAN_POINT('Origin',(-1.3,16.,22.1224318643355));
#18621=CARTESIAN_POINT('',(0.,16.,19.2356805183873));
#18622=CARTESIAN_POINT('',(0.,16.,22.1224318643355));
#18623=CARTESIAN_POINT('',(0.,16.,12.2612159321677));
#18624=CARTESIAN_POINT('',(-2.6,16.,19.2356805183873));
#18625=CARTESIAN_POINT('',(-1.3,16.,19.2356805183873));
#18626=CARTESIAN_POINT('',(-2.6,16.,22.1224318643355));
#18627=CARTESIAN_POINT('',(-2.6,16.,11.0612159321677));
#18628=CARTESIAN_POINT('',(-1.3,16.,22.1224318643355));
#18629=CARTESIAN_POINT('Origin',(-1.3,18.5,23.5658075373095));
#18630=CARTESIAN_POINT('',(0.,18.5,23.5658075373095));
#18631=CARTESIAN_POINT('',(0.,36.2299682452694,33.8022094764394));
#18632=CARTESIAN_POINT('',(-2.6,18.5,23.5658075373095));
#18633=CARTESIAN_POINT('',(-2.6,36.6853530029988,34.0651259888992));
#18634=CARTESIAN_POINT('',(-1.3,18.5,23.5658075373095));
#18635=CARTESIAN_POINT('Origin',(-1.3,21.,22.1224318643355));
#18636=CARTESIAN_POINT('',(0.,21.,22.1224318643355));
#18637=CARTESIAN_POINT('',(0.,46.6450317547305,7.31626587736526));
#18638=CARTESIAN_POINT('',(-2.6,21.,22.1224318643355));
#18639=CARTESIAN_POINT('',(-2.6,48.1396469970012,6.45334936490538));
#18640=CARTESIAN_POINT('',(-1.3,21.,22.1224318643355));
#18641=CARTESIAN_POINT('Origin',(-1.3,21.,19.2356805183873));
#18642=CARTESIAN_POINT('',(0.,21.,19.2356805183873));
#18643=CARTESIAN_POINT('',(0.,21.,10.8178402591937));
#18644=CARTESIAN_POINT('',(-2.6,21.,19.2356805183873));
#18645=CARTESIAN_POINT('',(-2.6,21.,9.61784025919366));
#18646=CARTESIAN_POINT('',(-1.3,21.,19.2356805183873));
#18647=CARTESIAN_POINT('Origin',(-1.3,18.5,17.7923048454133));
#18648=CARTESIAN_POINT('',(0.,18.5,17.7923048454133));
#18649=CARTESIAN_POINT('',(0.,37.4799682452695,28.7503946210301));
#18650=CARTESIAN_POINT('',(-2.6,18.5,17.7923048454133));
#18651=CARTESIAN_POINT('',(-2.6,37.9353530029988,29.01331113349));
#18652=CARTESIAN_POINT('',(-1.3,18.5,17.7923048454133));
#18653=CARTESIAN_POINT('Origin',(-1.3,16.,19.2356805183873));
#18654=CARTESIAN_POINT('',(0.,42.8950317547306,3.70782669493011));
#18655=CARTESIAN_POINT('',(-2.6,44.3896469970012,2.84491018247023));
#18656=CARTESIAN_POINT('Origin',(-1.3,28.,22.1224318643355));
#18657=CARTESIAN_POINT('',(0.,28.,19.2356805183873));
#18658=CARTESIAN_POINT('',(0.,28.,22.1224318643355));
#18659=CARTESIAN_POINT('',(0.,28.,12.2612159321677));
#18660=CARTESIAN_POINT('',(-2.6,28.,19.2356805183873));
#18661=CARTESIAN_POINT('',(-1.3,28.,19.2356805183873));
#18662=CARTESIAN_POINT('',(-2.6,28.,22.1224318643355));
#18663=CARTESIAN_POINT('',(-2.6,28.,11.0612159321677));
#18664=CARTESIAN_POINT('',(-1.3,28.,22.1224318643355));
#18665=CARTESIAN_POINT('Origin',(-1.3,30.5,23.5658075373095));
#18666=CARTESIAN_POINT('',(0.,30.5,23.5658075373095));
#18667=CARTESIAN_POINT('',(0.,43.7299682452694,31.204133265086));
#18668=CARTESIAN_POINT('',(-2.6,30.5,23.5658075373095));
#18669=CARTESIAN_POINT('',(-2.6,44.1853530029988,31.4670497775459));
#18670=CARTESIAN_POINT('',(-1.3,30.5,23.5658075373095));
#18671=CARTESIAN_POINT('Origin',(-1.3,33.,22.1224318643355));
#18672=CARTESIAN_POINT('',(0.,33.,22.1224318643355));
#18673=CARTESIAN_POINT('',(0.,54.1450317547305,9.91434208871858));
#18674=CARTESIAN_POINT('',(-2.6,33.,22.1224318643355));
#18675=CARTESIAN_POINT('',(-2.6,55.6396469970012,9.05142557625869));
#18676=CARTESIAN_POINT('',(-1.3,33.,22.1224318643355));
#18677=CARTESIAN_POINT('Origin',(-1.3,33.,19.2356805183873));
#18678=CARTESIAN_POINT('',(0.,33.,19.2356805183873));
#18679=CARTESIAN_POINT('',(0.,33.,10.8178402591937));
#18680=CARTESIAN_POINT('',(-2.6,33.,19.2356805183873));
#18681=CARTESIAN_POINT('',(-2.6,33.,9.61784025919366));
#18682=CARTESIAN_POINT('',(-1.3,33.,19.2356805183873));
#18683=CARTESIAN_POINT('Origin',(-1.3,30.5,17.7923048454133));
#18684=CARTESIAN_POINT('',(0.,30.5,17.7923048454133));
#18685=CARTESIAN_POINT('',(0.,44.9799682452695,26.1523184096768));
#18686=CARTESIAN_POINT('',(-2.6,30.5,17.7923048454133));
#18687=CARTESIAN_POINT('',(-2.6,45.4353530029988,26.4152349221367));
#18688=CARTESIAN_POINT('',(-1.3,30.5,17.7923048454133));
#18689=CARTESIAN_POINT('Origin',(-1.3,28.,19.2356805183873));
#18690=CARTESIAN_POINT('',(0.,50.3950317547306,6.30590290628343));
#18691=CARTESIAN_POINT('',(-2.6,51.8896469970012,5.44298639382355));
#18692=CARTESIAN_POINT('Origin',(-1.3,40.,22.1224318643355));
#18693=CARTESIAN_POINT('',(0.,40.,19.2356805183873));
#18694=CARTESIAN_POINT('',(0.,40.,22.1224318643355));
#18695=CARTESIAN_POINT('',(0.,40.,12.2612159321677));
#18696=CARTESIAN_POINT('',(-2.6,40.,19.2356805183873));
#18697=CARTESIAN_POINT('',(-1.3,40.,19.2356805183873));
#18698=CARTESIAN_POINT('',(-2.6,40.,22.1224318643355));
#18699=CARTESIAN_POINT('',(-2.6,40.,11.0612159321677));
#18700=CARTESIAN_POINT('',(-1.3,40.,22.1224318643355));
#18701=CARTESIAN_POINT('Origin',(-1.3,42.5,23.5658075373095));
#18702=CARTESIAN_POINT('',(0.,42.5,23.5658075373095));
#18703=CARTESIAN_POINT('',(0.,51.2299682452694,28.6060570537327));
#18704=CARTESIAN_POINT('',(-2.6,42.5,23.5658075373095));
#18705=CARTESIAN_POINT('',(-2.6,51.6853530029988,28.8689735661926));
#18706=CARTESIAN_POINT('',(-1.3,42.5,23.5658075373095));
#18707=CARTESIAN_POINT('Origin',(-1.3,45.,22.1224318643355));
#18708=CARTESIAN_POINT('',(0.,45.,22.1224318643355));
#18709=CARTESIAN_POINT('',(0.,61.6450317547305,12.5124183000719));
#18710=CARTESIAN_POINT('',(-2.6,45.,22.1224318643355));
#18711=CARTESIAN_POINT('',(-2.6,63.1396469970012,11.649501787612));
#18712=CARTESIAN_POINT('',(-1.3,45.,22.1224318643355));
#18713=CARTESIAN_POINT('Origin',(-1.3,45.,19.2356805183873));
#18714=CARTESIAN_POINT('',(0.,45.,19.2356805183873));
#18715=CARTESIAN_POINT('',(0.,45.,10.8178402591937));
#18716=CARTESIAN_POINT('',(-2.6,45.,19.2356805183873));
#18717=CARTESIAN_POINT('',(-2.6,45.,9.61784025919366));
#18718=CARTESIAN_POINT('',(-1.3,45.,19.2356805183873));
#18719=CARTESIAN_POINT('Origin',(-1.3,42.5,17.7923048454133));
#18720=CARTESIAN_POINT('',(0.,42.5,17.7923048454133));
#18721=CARTESIAN_POINT('',(0.,52.4799682452695,23.5542421983235));
#18722=CARTESIAN_POINT('',(-2.6,42.5,17.7923048454133));
#18723=CARTESIAN_POINT('',(-2.6,52.9353530029988,23.8171587107834));
#18724=CARTESIAN_POINT('',(-1.3,42.5,17.7923048454133));
#18725=CARTESIAN_POINT('Origin',(-1.3,40.,19.2356805183873));
#18726=CARTESIAN_POINT('',(0.,57.8950317547306,8.90397911763674));
#18727=CARTESIAN_POINT('',(-2.6,59.3896469970012,8.04106260517686));
#18728=CARTESIAN_POINT('Origin',(103.5,-1.3,17.7923048454133));
#18729=CARTESIAN_POINT('',(101.,0.,19.2356805183873));
#18730=CARTESIAN_POINT('',(103.5,0.,17.7923048454133));
#18731=CARTESIAN_POINT('',(68.0200317547305,0.,38.2766740626589));
#18732=CARTESIAN_POINT('',(101.,-2.6,19.2356805183873));
#18733=CARTESIAN_POINT('',(101.,-1.3,19.2356805183873));
#18734=CARTESIAN_POINT('',(103.5,-2.6,17.7923048454133));
#18735=CARTESIAN_POINT('',(67.5646469970012,-2.6,38.5395905751188));
#18736=CARTESIAN_POINT('',(103.5,-1.3,17.7923048454133));
#18737=CARTESIAN_POINT('Origin',(106.,-1.3,19.2356805183873));
#18738=CARTESIAN_POINT('',(106.,0.,19.2356805183873));
#18739=CARTESIAN_POINT('',(62.6049682452694,0.,-5.8184527466987));
#18740=CARTESIAN_POINT('',(106.,-2.6,19.2356805183873));
#18741=CARTESIAN_POINT('',(61.1103530029987,-2.6,-6.68136925915858));
#18742=CARTESIAN_POINT('',(106.,-1.3,19.2356805183873));
#18743=CARTESIAN_POINT('Origin',(106.,-1.3,22.1224318643355));
#18744=CARTESIAN_POINT('',(106.,0.,22.1224318643355));
#18745=CARTESIAN_POINT('',(106.,0.,12.2612159321677));
#18746=CARTESIAN_POINT('',(106.,-2.6,22.1224318643355));
#18747=CARTESIAN_POINT('',(106.,-2.6,11.0612159321677));
#18748=CARTESIAN_POINT('',(106.,-1.3,22.1224318643355));
#18749=CARTESIAN_POINT('Origin',(103.5,-1.3,23.5658075373095));
#18750=CARTESIAN_POINT('',(103.5,0.,23.5658075373095));
#18751=CARTESIAN_POINT('',(69.2700317547305,0.,43.3284889180682));
#18752=CARTESIAN_POINT('',(103.5,-2.6,23.5658075373095));
#18753=CARTESIAN_POINT('',(68.8146469970012,-2.6,43.5914054305281));
#18754=CARTESIAN_POINT('',(103.5,-1.3,23.5658075373095));
#18755=CARTESIAN_POINT('Origin',(101.,-1.3,22.1224318643355));
#18756=CARTESIAN_POINT('',(101.,0.,22.1224318643355));
#18757=CARTESIAN_POINT('',(58.8549682452694,0.,-2.21001356426356));
#18758=CARTESIAN_POINT('',(101.,-2.6,22.1224318643355));
#18759=CARTESIAN_POINT('',(57.3603530029988,-2.6,-3.07293007672344));
#18760=CARTESIAN_POINT('',(101.,-1.3,22.1224318643355));
#18761=CARTESIAN_POINT('Origin',(101.,-1.3,19.2356805183873));
#18762=CARTESIAN_POINT('',(101.,0.,10.8178402591937));
#18763=CARTESIAN_POINT('',(101.,-2.6,9.61784025919366));
#18764=CARTESIAN_POINT('Origin',(91.5,-1.3,17.7923048454133));
#18765=CARTESIAN_POINT('',(89.,0.,19.2356805183873));
#18766=CARTESIAN_POINT('',(91.5,0.,17.7923048454133));
#18767=CARTESIAN_POINT('',(60.5200317547305,0.,35.6785978513056));
#18768=CARTESIAN_POINT('',(89.,-2.6,19.2356805183873));
#18769=CARTESIAN_POINT('',(89.,-1.3,19.2356805183873));
#18770=CARTESIAN_POINT('',(91.5,-2.6,17.7923048454133));
#18771=CARTESIAN_POINT('',(60.0646469970012,-2.6,35.9415143637655));
#18772=CARTESIAN_POINT('',(91.5,-1.3,17.7923048454133));
#18773=CARTESIAN_POINT('Origin',(94.,-1.3,19.2356805183873));
#18774=CARTESIAN_POINT('',(94.,0.,19.2356805183873));
#18775=CARTESIAN_POINT('',(55.1049682452694,0.,-3.22037653534538));
#18776=CARTESIAN_POINT('',(94.,-2.6,19.2356805183873));
#18777=CARTESIAN_POINT('',(53.6103530029988,-2.6,-4.08329304780527));
#18778=CARTESIAN_POINT('',(94.,-1.3,19.2356805183873));
#18779=CARTESIAN_POINT('Origin',(94.,-1.3,22.1224318643355));
#18780=CARTESIAN_POINT('',(94.,0.,22.1224318643355));
#18781=CARTESIAN_POINT('',(94.,0.,12.2612159321677));
#18782=CARTESIAN_POINT('',(94.,-2.6,22.1224318643355));
#18783=CARTESIAN_POINT('',(94.,-2.6,11.0612159321677));
#18784=CARTESIAN_POINT('',(94.,-1.3,22.1224318643355));
#18785=CARTESIAN_POINT('Origin',(91.5,-1.3,23.5658075373095));
#18786=CARTESIAN_POINT('',(91.5,0.,23.5658075373095));
#18787=CARTESIAN_POINT('',(61.7700317547305,0.,40.7304127067149));
#18788=CARTESIAN_POINT('',(91.5,-2.6,23.5658075373095));
#18789=CARTESIAN_POINT('',(61.3146469970012,-2.6,40.9933292191748));
#18790=CARTESIAN_POINT('',(91.5,-1.3,23.5658075373095));
#18791=CARTESIAN_POINT('Origin',(89.,-1.3,22.1224318643355));
#18792=CARTESIAN_POINT('',(89.,0.,22.1224318643355));
#18793=CARTESIAN_POINT('',(51.3549682452694,0.,0.38806264708976));
#18794=CARTESIAN_POINT('',(89.,-2.6,22.1224318643355));
#18795=CARTESIAN_POINT('',(49.8603530029988,-2.6,-0.474853865370126));
#18796=CARTESIAN_POINT('',(89.,-1.3,22.1224318643355));
#18797=CARTESIAN_POINT('Origin',(89.,-1.3,19.2356805183873));
#18798=CARTESIAN_POINT('',(89.,0.,10.8178402591937));
#18799=CARTESIAN_POINT('',(89.,-2.6,9.61784025919366));
#18800=CARTESIAN_POINT('Origin',(79.5,-1.3,17.7923048454133));
#18801=CARTESIAN_POINT('',(77.,0.,19.2356805183873));
#18802=CARTESIAN_POINT('',(79.5,0.,17.7923048454133));
#18803=CARTESIAN_POINT('',(53.0200317547305,0.,33.0805216399523));
#18804=CARTESIAN_POINT('',(77.,-2.6,19.2356805183873));
#18805=CARTESIAN_POINT('',(77.,-1.3,19.2356805183873));
#18806=CARTESIAN_POINT('',(79.5,-2.6,17.7923048454133));
#18807=CARTESIAN_POINT('',(52.5646469970012,-2.6,33.3434381524122));
#18808=CARTESIAN_POINT('',(79.5,-1.3,17.7923048454133));
#18809=CARTESIAN_POINT('Origin',(82.,-1.3,19.2356805183873));
#18810=CARTESIAN_POINT('',(82.,0.,19.2356805183873));
#18811=CARTESIAN_POINT('',(47.6049682452694,0.,-0.622300323992069));
#18812=CARTESIAN_POINT('',(82.,-2.6,19.2356805183873));
#18813=CARTESIAN_POINT('',(46.1103530029988,-2.6,-1.48521683645195));
#18814=CARTESIAN_POINT('',(82.,-1.3,19.2356805183873));
#18815=CARTESIAN_POINT('Origin',(82.,-1.3,22.1224318643355));
#18816=CARTESIAN_POINT('',(82.,0.,22.1224318643355));
#18817=CARTESIAN_POINT('',(82.,0.,12.2612159321677));
#18818=CARTESIAN_POINT('',(82.,-2.6,22.1224318643355));
#18819=CARTESIAN_POINT('',(82.,-2.6,11.0612159321677));
#18820=CARTESIAN_POINT('',(82.,-1.3,22.1224318643355));
#18821=CARTESIAN_POINT('Origin',(79.5,-1.3,23.5658075373095));
#18822=CARTESIAN_POINT('',(79.5,0.,23.5658075373095));
#18823=CARTESIAN_POINT('',(54.2700317547305,0.,38.1323364953615));
#18824=CARTESIAN_POINT('',(79.5,-2.6,23.5658075373095));
#18825=CARTESIAN_POINT('',(53.8146469970012,-2.6,38.3952530078214));
#18826=CARTESIAN_POINT('',(79.5,-1.3,23.5658075373095));
#18827=CARTESIAN_POINT('Origin',(77.,-1.3,22.1224318643355));
#18828=CARTESIAN_POINT('',(77.,0.,22.1224318643355));
#18829=CARTESIAN_POINT('',(43.8549682452694,0.,2.98613885844307));
#18830=CARTESIAN_POINT('',(77.,-2.6,22.1224318643355));
#18831=CARTESIAN_POINT('',(42.3603530029988,-2.6,2.12322234598319));
#18832=CARTESIAN_POINT('',(77.,-1.3,22.1224318643355));
#18833=CARTESIAN_POINT('Origin',(77.,-1.3,19.2356805183873));
#18834=CARTESIAN_POINT('',(77.,0.,10.8178402591937));
#18835=CARTESIAN_POINT('',(77.,-2.6,9.61784025919366));
#18836=CARTESIAN_POINT('Origin',(67.5,-1.3,17.7923048454133));
#18837=CARTESIAN_POINT('',(65.,0.,19.2356805183873));
#18838=CARTESIAN_POINT('',(67.5,0.,17.7923048454133));
#18839=CARTESIAN_POINT('',(45.5200317547305,0.,30.482445428599));
#18840=CARTESIAN_POINT('',(65.,-2.6,19.2356805183873));
#18841=CARTESIAN_POINT('',(65.,-1.3,19.2356805183873));
#18842=CARTESIAN_POINT('',(67.5,-2.6,17.7923048454133));
#18843=CARTESIAN_POINT('',(45.0646469970012,-2.6,30.7453619410589));
#18844=CARTESIAN_POINT('',(67.5,-1.3,17.7923048454133));
#18845=CARTESIAN_POINT('Origin',(70.,-1.3,19.2356805183873));
#18846=CARTESIAN_POINT('',(70.,0.,19.2356805183873));
#18847=CARTESIAN_POINT('',(40.1049682452694,0.,1.97577588736124));
#18848=CARTESIAN_POINT('',(70.,-2.6,19.2356805183873));
#18849=CARTESIAN_POINT('',(38.6103530029988,-2.6,1.11285937490136));
#18850=CARTESIAN_POINT('',(70.,-1.3,19.2356805183873));
#18851=CARTESIAN_POINT('Origin',(70.,-1.3,22.1224318643355));
#18852=CARTESIAN_POINT('',(70.,0.,22.1224318643355));
#18853=CARTESIAN_POINT('',(70.,0.,12.2612159321677));
#18854=CARTESIAN_POINT('',(70.,-2.6,22.1224318643355));
#18855=CARTESIAN_POINT('',(70.,-2.6,11.0612159321677));
#18856=CARTESIAN_POINT('',(70.,-1.3,22.1224318643355));
#18857=CARTESIAN_POINT('Origin',(67.5,-1.3,23.5658075373095));
#18858=CARTESIAN_POINT('',(67.5,0.,23.5658075373095));
#18859=CARTESIAN_POINT('',(46.7700317547306,0.,35.5342602840082));
#18860=CARTESIAN_POINT('',(67.5,-2.6,23.5658075373095));
#18861=CARTESIAN_POINT('',(46.3146469970012,-2.6,35.7971767964681));
#18862=CARTESIAN_POINT('',(67.5,-1.3,23.5658075373095));
#18863=CARTESIAN_POINT('Origin',(65.,-1.3,22.1224318643355));
#18864=CARTESIAN_POINT('',(65.,0.,22.1224318643355));
#18865=CARTESIAN_POINT('',(36.3549682452695,0.,5.58421506979639));
#18866=CARTESIAN_POINT('',(65.,-2.6,22.1224318643355));
#18867=CARTESIAN_POINT('',(34.8603530029988,-2.6,4.7212985573365));
#18868=CARTESIAN_POINT('',(65.,-1.3,22.1224318643355));
#18869=CARTESIAN_POINT('Origin',(65.,-1.3,19.2356805183873));
#18870=CARTESIAN_POINT('',(65.,0.,10.8178402591937));
#18871=CARTESIAN_POINT('',(65.,-2.6,9.61784025919366));
#18872=CARTESIAN_POINT('Origin',(55.5,-1.3,17.7923048454133));
#18873=CARTESIAN_POINT('',(53.,0.,19.2356805183873));
#18874=CARTESIAN_POINT('',(55.5,0.,17.7923048454133));
#18875=CARTESIAN_POINT('',(38.0200317547305,0.,27.8843692172457));
#18876=CARTESIAN_POINT('',(53.,-2.6,19.2356805183873));
#18877=CARTESIAN_POINT('',(53.,-1.3,19.2356805183873));
#18878=CARTESIAN_POINT('',(55.5,-2.6,17.7923048454133));
#18879=CARTESIAN_POINT('',(37.5646469970012,-2.6,28.1472857297056));
#18880=CARTESIAN_POINT('',(55.5,-1.3,17.7923048454133));
#18881=CARTESIAN_POINT('Origin',(58.,-1.3,19.2356805183873));
#18882=CARTESIAN_POINT('',(58.,0.,19.2356805183873));
#18883=CARTESIAN_POINT('',(32.6049682452694,0.,4.57385209871456));
#18884=CARTESIAN_POINT('',(58.,-2.6,19.2356805183873));
#18885=CARTESIAN_POINT('',(31.1103530029988,-2.6,3.71093558625467));
#18886=CARTESIAN_POINT('',(58.,-1.3,19.2356805183873));
#18887=CARTESIAN_POINT('Origin',(58.,-1.3,22.1224318643355));
#18888=CARTESIAN_POINT('',(58.,0.,22.1224318643355));
#18889=CARTESIAN_POINT('',(58.,0.,12.2612159321677));
#18890=CARTESIAN_POINT('',(58.,-2.6,22.1224318643355));
#18891=CARTESIAN_POINT('',(58.,-2.6,11.0612159321677));
#18892=CARTESIAN_POINT('',(58.,-1.3,22.1224318643355));
#18893=CARTESIAN_POINT('Origin',(55.5,-1.3,23.5658075373095));
#18894=CARTESIAN_POINT('',(55.5,0.,23.5658075373095));
#18895=CARTESIAN_POINT('',(39.2700317547306,0.,32.9361840726549));
#18896=CARTESIAN_POINT('',(55.5,-2.6,23.5658075373095));
#18897=CARTESIAN_POINT('',(38.8146469970012,-2.6,33.1991005851148));
#18898=CARTESIAN_POINT('',(55.5,-1.3,23.5658075373095));
#18899=CARTESIAN_POINT('Origin',(53.,-1.3,22.1224318643355));
#18900=CARTESIAN_POINT('',(53.,0.,22.1224318643355));
#18901=CARTESIAN_POINT('',(28.8549682452695,0.,8.1822912811497));
#18902=CARTESIAN_POINT('',(53.,-2.6,22.1224318643355));
#18903=CARTESIAN_POINT('',(27.3603530029988,-2.6,7.31937476868982));
#18904=CARTESIAN_POINT('',(53.,-1.3,22.1224318643355));
#18905=CARTESIAN_POINT('Origin',(53.,-1.3,19.2356805183873));
#18906=CARTESIAN_POINT('',(53.,0.,10.8178402591937));
#18907=CARTESIAN_POINT('',(53.,-2.6,9.61784025919366));
#18908=CARTESIAN_POINT('Origin',(43.5,-1.3,17.7923048454133));
#18909=CARTESIAN_POINT('',(41.,0.,19.2356805183873));
#18910=CARTESIAN_POINT('',(43.5,0.,17.7923048454133));
#18911=CARTESIAN_POINT('',(30.5200317547305,0.,25.2862930058924));
#18912=CARTESIAN_POINT('',(41.,-2.6,19.2356805183873));
#18913=CARTESIAN_POINT('',(41.,-1.3,19.2356805183873));
#18914=CARTESIAN_POINT('',(43.5,-2.6,17.7923048454133));
#18915=CARTESIAN_POINT('',(30.0646469970012,-2.6,25.5492095183523));
#18916=CARTESIAN_POINT('',(43.5,-1.3,17.7923048454133));
#18917=CARTESIAN_POINT('Origin',(46.,-1.3,19.2356805183873));
#18918=CARTESIAN_POINT('',(46.,0.,19.2356805183873));
#18919=CARTESIAN_POINT('',(25.1049682452694,0.,7.17192831006787));
#18920=CARTESIAN_POINT('',(46.,-2.6,19.2356805183873));
#18921=CARTESIAN_POINT('',(23.6103530029988,-2.6,6.30901179760799));
#18922=CARTESIAN_POINT('',(46.,-1.3,19.2356805183873));
#18923=CARTESIAN_POINT('Origin',(46.,-1.3,22.1224318643355));
#18924=CARTESIAN_POINT('',(46.,0.,22.1224318643355));
#18925=CARTESIAN_POINT('',(46.,0.,12.2612159321677));
#18926=CARTESIAN_POINT('',(46.,-2.6,22.1224318643355));
#18927=CARTESIAN_POINT('',(46.,-2.6,11.0612159321677));
#18928=CARTESIAN_POINT('',(46.,-1.3,22.1224318643355));
#18929=CARTESIAN_POINT('Origin',(43.5,-1.3,23.5658075373095));
#18930=CARTESIAN_POINT('',(43.5,0.,23.5658075373095));
#18931=CARTESIAN_POINT('',(31.7700317547306,0.,30.3381078613016));
#18932=CARTESIAN_POINT('',(43.5,-2.6,23.5658075373095));
#18933=CARTESIAN_POINT('',(31.3146469970012,-2.6,30.6010243737615));
#18934=CARTESIAN_POINT('',(43.5,-1.3,23.5658075373095));
#18935=CARTESIAN_POINT('Origin',(41.,-1.3,22.1224318643355));
#18936=CARTESIAN_POINT('',(41.,0.,22.1224318643355));
#18937=CARTESIAN_POINT('',(21.3549682452695,0.,10.780367492503));
#18938=CARTESIAN_POINT('',(41.,-2.6,22.1224318643355));
#18939=CARTESIAN_POINT('',(19.8603530029988,-2.6,9.91745098004314));
#18940=CARTESIAN_POINT('',(41.,-1.3,22.1224318643355));
#18941=CARTESIAN_POINT('Origin',(41.,-1.3,19.2356805183873));
#18942=CARTESIAN_POINT('',(41.,0.,10.8178402591937));
#18943=CARTESIAN_POINT('',(41.,-2.6,9.61784025919366));
#18944=CARTESIAN_POINT('Origin',(112.5,-1.3,12.5961524227066));
#18945=CARTESIAN_POINT('',(110.,0.,14.0395280956807));
#18946=CARTESIAN_POINT('',(112.5,0.,12.5961524227066));
#18947=CARTESIAN_POINT('',(72.5200317547305,0.,35.6785978513056));
#18948=CARTESIAN_POINT('',(110.,-2.6,14.0395280956807));
#18949=CARTESIAN_POINT('',(110.,-1.3,14.0395280956807));
#18950=CARTESIAN_POINT('',(112.5,-2.6,12.5961524227066));
#18951=CARTESIAN_POINT('',(72.0646469970012,-2.6,35.9415143637655));
#18952=CARTESIAN_POINT('',(112.5,-1.3,12.5961524227066));
#18953=CARTESIAN_POINT('Origin',(115.,-1.3,14.0395280956807));
#18954=CARTESIAN_POINT('',(115.,0.,14.0395280956807));
#18955=CARTESIAN_POINT('',(69.3549682452694,0.,-12.313643275082));
#18956=CARTESIAN_POINT('',(115.,-2.6,14.0395280956807));
#18957=CARTESIAN_POINT('',(67.8603530029987,-2.6,-13.1765597875419));
#18958=CARTESIAN_POINT('',(115.,-1.3,14.0395280956807));
#18959=CARTESIAN_POINT('Origin',(115.,-1.3,16.9262794416288));
#18960=CARTESIAN_POINT('',(115.,0.,16.9262794416288));
#18961=CARTESIAN_POINT('',(115.,0.,9.66313972081441));
#18962=CARTESIAN_POINT('',(115.,-2.6,16.9262794416288));
#18963=CARTESIAN_POINT('',(115.,-2.6,8.46313972081441));
#18964=CARTESIAN_POINT('',(115.,-1.3,16.9262794416288));
#18965=CARTESIAN_POINT('Origin',(112.5,-1.3,18.3696551146029));
#18966=CARTESIAN_POINT('',(112.5,0.,18.3696551146029));
#18967=CARTESIAN_POINT('',(73.7700317547305,0.,40.7304127067149));
#18968=CARTESIAN_POINT('',(112.5,-2.6,18.3696551146029));
#18969=CARTESIAN_POINT('',(73.3146469970012,-2.6,40.9933292191747));
#18970=CARTESIAN_POINT('',(112.5,-1.3,18.3696551146029));
#18971=CARTESIAN_POINT('Origin',(110.,-1.3,16.9262794416288));
#18972=CARTESIAN_POINT('',(110.,0.,16.9262794416288));
#18973=CARTESIAN_POINT('',(65.6049682452694,0.,-8.70520409264682));
#18974=CARTESIAN_POINT('',(110.,-2.6,16.9262794416288));
#18975=CARTESIAN_POINT('',(64.1103530029987,-2.6,-9.5681206051067));
#18976=CARTESIAN_POINT('',(110.,-1.3,16.9262794416288));
#18977=CARTESIAN_POINT('Origin',(110.,-1.3,14.0395280956807));
#18978=CARTESIAN_POINT('',(110.,0.,8.21976404784035));
#18979=CARTESIAN_POINT('',(110.,-2.6,7.01976404784035));
#18980=CARTESIAN_POINT('Origin',(100.5,-1.3,12.5961524227066));
#18981=CARTESIAN_POINT('',(98.,0.,14.0395280956807));
#18982=CARTESIAN_POINT('',(100.5,0.,12.5961524227066));
#18983=CARTESIAN_POINT('',(65.0200317547305,0.,33.0805216399523));
#18984=CARTESIAN_POINT('',(98.,-2.6,14.0395280956807));
#18985=CARTESIAN_POINT('',(98.,-1.3,14.0395280956807));
#18986=CARTESIAN_POINT('',(100.5,-2.6,12.5961524227066));
#18987=CARTESIAN_POINT('',(64.5646469970012,-2.6,33.3434381524122));
#18988=CARTESIAN_POINT('',(100.5,-1.3,12.5961524227066));
#18989=CARTESIAN_POINT('Origin',(103.,-1.3,14.0395280956807));
#18990=CARTESIAN_POINT('',(103.,0.,14.0395280956807));
#18991=CARTESIAN_POINT('',(61.8549682452694,0.,-9.71556706372868));
#18992=CARTESIAN_POINT('',(103.,-2.6,14.0395280956807));
#18993=CARTESIAN_POINT('',(60.3603530029988,-2.6,-10.5784835761886));
#18994=CARTESIAN_POINT('',(103.,-1.3,14.0395280956807));
#18995=CARTESIAN_POINT('Origin',(103.,-1.3,16.9262794416288));
#18996=CARTESIAN_POINT('',(103.,0.,16.9262794416288));
#18997=CARTESIAN_POINT('',(103.,0.,9.66313972081441));
#18998=CARTESIAN_POINT('',(103.,-2.6,16.9262794416288));
#18999=CARTESIAN_POINT('',(103.,-2.6,8.46313972081441));
#19000=CARTESIAN_POINT('',(103.,-1.3,16.9262794416288));
#19001=CARTESIAN_POINT('Origin',(100.5,-1.3,18.3696551146029));
#19002=CARTESIAN_POINT('',(100.5,0.,18.3696551146029));
#19003=CARTESIAN_POINT('',(66.2700317547305,0.,38.1323364953615));
#19004=CARTESIAN_POINT('',(100.5,-2.6,18.3696551146029));
#19005=CARTESIAN_POINT('',(65.8146469970012,-2.6,38.3952530078214));
#19006=CARTESIAN_POINT('',(100.5,-1.3,18.3696551146029));
#19007=CARTESIAN_POINT('Origin',(98.,-1.3,16.9262794416288));
#19008=CARTESIAN_POINT('',(98.,0.,16.9262794416288));
#19009=CARTESIAN_POINT('',(58.1049682452694,0.,-6.10712788129351));
#19010=CARTESIAN_POINT('',(98.,-2.6,16.9262794416288));
#19011=CARTESIAN_POINT('',(56.6103530029988,-2.6,-6.97004439375339));
#19012=CARTESIAN_POINT('',(98.,-1.3,16.9262794416288));
#19013=CARTESIAN_POINT('Origin',(98.,-1.3,14.0395280956807));
#19014=CARTESIAN_POINT('',(98.,0.,8.21976404784035));
#19015=CARTESIAN_POINT('',(98.,-2.6,7.01976404784035));
#19016=CARTESIAN_POINT('Origin',(88.5,-1.3,12.5961524227066));
#19017=CARTESIAN_POINT('',(86.,0.,14.0395280956807));
#19018=CARTESIAN_POINT('',(88.5,0.,12.5961524227066));
#19019=CARTESIAN_POINT('',(57.5200317547305,0.,30.482445428599));
#19020=CARTESIAN_POINT('',(86.,-2.6,14.0395280956807));
#19021=CARTESIAN_POINT('',(86.,-1.3,14.0395280956807));
#19022=CARTESIAN_POINT('',(88.5,-2.6,12.5961524227066));
#19023=CARTESIAN_POINT('',(57.0646469970012,-2.6,30.7453619410589));
#19024=CARTESIAN_POINT('',(88.5,-1.3,12.5961524227066));
#19025=CARTESIAN_POINT('Origin',(91.,-1.3,14.0395280956807));
#19026=CARTESIAN_POINT('',(91.,0.,14.0395280956807));
#19027=CARTESIAN_POINT('',(54.3549682452694,0.,-7.11749085237536));
#19028=CARTESIAN_POINT('',(91.,-2.6,14.0395280956807));
#19029=CARTESIAN_POINT('',(52.8603530029988,-2.6,-7.98040736483524));
#19030=CARTESIAN_POINT('',(91.,-1.3,14.0395280956807));
#19031=CARTESIAN_POINT('Origin',(91.,-1.3,16.9262794416288));
#19032=CARTESIAN_POINT('',(91.,0.,16.9262794416288));
#19033=CARTESIAN_POINT('',(91.,0.,9.66313972081441));
#19034=CARTESIAN_POINT('',(91.,-2.6,16.9262794416288));
#19035=CARTESIAN_POINT('',(91.,-2.6,8.46313972081441));
#19036=CARTESIAN_POINT('',(91.,-1.3,16.9262794416288));
#19037=CARTESIAN_POINT('Origin',(88.5,-1.3,18.3696551146029));
#19038=CARTESIAN_POINT('',(88.5,0.,18.3696551146029));
#19039=CARTESIAN_POINT('',(58.7700317547305,0.,35.5342602840082));
#19040=CARTESIAN_POINT('',(88.5,-2.6,18.3696551146029));
#19041=CARTESIAN_POINT('',(58.3146469970012,-2.6,35.7971767964681));
#19042=CARTESIAN_POINT('',(88.5,-1.3,18.3696551146029));
#19043=CARTESIAN_POINT('Origin',(86.,-1.3,16.9262794416288));
#19044=CARTESIAN_POINT('',(86.,0.,16.9262794416288));
#19045=CARTESIAN_POINT('',(50.6049682452694,0.,-3.50905166994019));
#19046=CARTESIAN_POINT('',(86.,-2.6,16.9262794416288));
#19047=CARTESIAN_POINT('',(49.1103530029988,-2.6,-4.37196818240008));
#19048=CARTESIAN_POINT('',(86.,-1.3,16.9262794416288));
#19049=CARTESIAN_POINT('Origin',(86.,-1.3,14.0395280956807));
#19050=CARTESIAN_POINT('',(86.,0.,8.21976404784035));
#19051=CARTESIAN_POINT('',(86.,-2.6,7.01976404784035));
#19052=CARTESIAN_POINT('Origin',(37.5,-1.3,7.4));
#19053=CARTESIAN_POINT('',(35.,0.,8.84337567297406));
#19054=CARTESIAN_POINT('',(37.5,0.,7.4));
#19055=CARTESIAN_POINT('',(24.5200317547305,0.,14.8939881604791));
#19056=CARTESIAN_POINT('',(35.,-2.6,8.84337567297406));
#19057=CARTESIAN_POINT('',(35.,-1.3,8.84337567297406));
#19058=CARTESIAN_POINT('',(37.5,-2.6,7.4));
#19059=CARTESIAN_POINT('',(24.0646469970012,-2.6,15.156904672939));
#19060=CARTESIAN_POINT('',(37.5,-1.3,7.4));
#19061=CARTESIAN_POINT('Origin',(40.,-1.3,8.84337567297406));
#19062=CARTESIAN_POINT('',(40.,0.,8.84337567297406));
#19063=CARTESIAN_POINT('',(23.6049682452694,0.,-0.622300323992077));
#19064=CARTESIAN_POINT('',(40.,-2.6,8.84337567297406));
#19065=CARTESIAN_POINT('',(22.1103530029988,-2.6,-1.48521683645196));
#19066=CARTESIAN_POINT('',(40.,-1.3,8.84337567297406));
#19067=CARTESIAN_POINT('Origin',(40.,-1.3,11.7301270189222));
#19068=CARTESIAN_POINT('',(40.,0.,11.7301270189222));
#19069=CARTESIAN_POINT('',(40.,0.,7.0650635094611));
#19070=CARTESIAN_POINT('',(40.,-2.6,11.7301270189222));
#19071=CARTESIAN_POINT('',(40.,-2.6,5.8650635094611));
#19072=CARTESIAN_POINT('',(40.,-1.3,11.7301270189222));
#19073=CARTESIAN_POINT('Origin',(37.5,-1.3,13.1735026918963));
#19074=CARTESIAN_POINT('',(37.5,0.,13.1735026918963));
#19075=CARTESIAN_POINT('',(25.7700317547305,0.,19.9458030158883));
#19076=CARTESIAN_POINT('',(37.5,-2.6,13.1735026918963));
#19077=CARTESIAN_POINT('',(25.3146469970012,-2.6,20.2087195283482));
#19078=CARTESIAN_POINT('',(37.5,-1.3,13.1735026918963));
#19079=CARTESIAN_POINT('Origin',(35.,-1.3,11.7301270189222));
#19080=CARTESIAN_POINT('',(35.,0.,11.7301270189222));
#19081=CARTESIAN_POINT('',(19.8549682452694,0.,2.98613885844309));
#19082=CARTESIAN_POINT('',(35.,-2.6,11.7301270189222));
#19083=CARTESIAN_POINT('',(18.3603530029988,-2.6,2.1232223459832));
#19084=CARTESIAN_POINT('',(35.,-1.3,11.7301270189222));
#19085=CARTESIAN_POINT('Origin',(35.,-1.3,8.84337567297406));
#19086=CARTESIAN_POINT('',(35.,0.,5.62168783648703));
#19087=CARTESIAN_POINT('',(35.,-2.6,4.42168783648703));
#19088=CARTESIAN_POINT('Origin',(70.5,-1.3,12.5961524227066));
#19089=CARTESIAN_POINT('',(68.,0.,14.0395280956807));
#19090=CARTESIAN_POINT('',(70.5,0.,12.5961524227066));
#19091=CARTESIAN_POINT('',(46.2700317547305,0.,26.585331111569));
#19092=CARTESIAN_POINT('',(68.,-2.6,14.0395280956807));
#19093=CARTESIAN_POINT('',(68.,-1.3,14.0395280956807));
#19094=CARTESIAN_POINT('',(70.5,-2.6,12.5961524227066));
#19095=CARTESIAN_POINT('',(45.8146469970012,-2.6,26.8482476240289));
#19096=CARTESIAN_POINT('',(70.5,-1.3,12.5961524227066));
#19097=CARTESIAN_POINT('Origin',(73.,-1.3,14.0395280956807));
#19098=CARTESIAN_POINT('',(73.,0.,14.0395280956807));
#19099=CARTESIAN_POINT('',(43.1049682452694,0.,-3.22037653534538));
#19100=CARTESIAN_POINT('',(73.,-2.6,14.0395280956807));
#19101=CARTESIAN_POINT('',(41.6103530029988,-2.6,-4.08329304780527));
#19102=CARTESIAN_POINT('',(73.,-1.3,14.0395280956807));
#19103=CARTESIAN_POINT('Origin',(73.,-1.3,16.9262794416288));
#19104=CARTESIAN_POINT('',(73.,0.,16.9262794416288));
#19105=CARTESIAN_POINT('',(73.,0.,9.66313972081441));
#19106=CARTESIAN_POINT('',(73.,-2.6,16.9262794416288));
#19107=CARTESIAN_POINT('',(73.,-2.6,8.46313972081441));
#19108=CARTESIAN_POINT('',(73.,-1.3,16.9262794416288));
#19109=CARTESIAN_POINT('Origin',(70.5,-1.3,18.3696551146029));
#19110=CARTESIAN_POINT('',(70.5,0.,18.3696551146029));
#19111=CARTESIAN_POINT('',(47.5200317547305,0.,31.6371459669783));
#19112=CARTESIAN_POINT('',(70.5,-2.6,18.3696551146029));
#19113=CARTESIAN_POINT('',(47.0646469970012,-2.6,31.9000624794381));
#19114=CARTESIAN_POINT('',(70.5,-1.3,18.3696551146029));
#19115=CARTESIAN_POINT('Origin',(68.,-1.3,16.9262794416288));
#19116=CARTESIAN_POINT('',(68.,0.,16.9262794416288));
#19117=CARTESIAN_POINT('',(39.3549682452694,0.,0.388062647089775));
#19118=CARTESIAN_POINT('',(68.,-2.6,16.9262794416288));
#19119=CARTESIAN_POINT('',(37.8603530029988,-2.6,-0.47485386537011));
#19120=CARTESIAN_POINT('',(68.,-1.3,16.9262794416288));
#19121=CARTESIAN_POINT('Origin',(68.,-1.3,14.0395280956807));
#19122=CARTESIAN_POINT('',(68.,0.,8.21976404784035));
#19123=CARTESIAN_POINT('',(68.,-2.6,7.01976404784035));
#19124=CARTESIAN_POINT('Origin',(58.5,-1.3,12.5961524227066));
#19125=CARTESIAN_POINT('',(56.,0.,14.0395280956807));
#19126=CARTESIAN_POINT('',(58.5,0.,12.5961524227066));
#19127=CARTESIAN_POINT('',(38.7700317547305,0.,23.9872549002157));
#19128=CARTESIAN_POINT('',(56.,-2.6,14.0395280956807));
#19129=CARTESIAN_POINT('',(56.,-1.3,14.0395280956807));
#19130=CARTESIAN_POINT('',(58.5,-2.6,12.5961524227066));
#19131=CARTESIAN_POINT('',(38.3146469970012,-2.6,24.2501714126756));
#19132=CARTESIAN_POINT('',(58.5,-1.3,12.5961524227066));
#19133=CARTESIAN_POINT('Origin',(61.,-1.3,14.0395280956807));
#19134=CARTESIAN_POINT('',(61.,0.,14.0395280956807));
#19135=CARTESIAN_POINT('',(35.6049682452694,0.,-0.622300323992073));
#19136=CARTESIAN_POINT('',(61.,-2.6,14.0395280956807));
#19137=CARTESIAN_POINT('',(34.1103530029988,-2.6,-1.48521683645196));
#19138=CARTESIAN_POINT('',(61.,-1.3,14.0395280956807));
#19139=CARTESIAN_POINT('Origin',(61.,-1.3,16.9262794416288));
#19140=CARTESIAN_POINT('',(61.,0.,16.9262794416288));
#19141=CARTESIAN_POINT('',(61.,0.,9.66313972081441));
#19142=CARTESIAN_POINT('',(61.,-2.6,16.9262794416288));
#19143=CARTESIAN_POINT('',(61.,-2.6,8.46313972081441));
#19144=CARTESIAN_POINT('',(61.,-1.3,16.9262794416288));
#19145=CARTESIAN_POINT('Origin',(58.5,-1.3,18.3696551146029));
#19146=CARTESIAN_POINT('',(58.5,0.,18.3696551146029));
#19147=CARTESIAN_POINT('',(40.0200317547305,0.,29.0390697556249));
#19148=CARTESIAN_POINT('',(58.5,-2.6,18.3696551146029));
#19149=CARTESIAN_POINT('',(39.5646469970012,-2.6,29.3019862680848));
#19150=CARTESIAN_POINT('',(58.5,-1.3,18.3696551146029));
#19151=CARTESIAN_POINT('Origin',(56.,-1.3,16.9262794416288));
#19152=CARTESIAN_POINT('',(56.,0.,16.9262794416288));
#19153=CARTESIAN_POINT('',(31.8549682452694,0.,2.98613885844309));
#19154=CARTESIAN_POINT('',(56.,-2.6,16.9262794416288));
#19155=CARTESIAN_POINT('',(30.3603530029988,-2.6,2.12322234598321));
#19156=CARTESIAN_POINT('',(56.,-1.3,16.9262794416288));
#19157=CARTESIAN_POINT('Origin',(56.,-1.3,14.0395280956807));
#19158=CARTESIAN_POINT('',(56.,0.,8.21976404784035));
#19159=CARTESIAN_POINT('',(56.,-2.6,7.01976404784035));
#19160=CARTESIAN_POINT('Origin',(46.5,-1.3,12.5961524227066));
#19161=CARTESIAN_POINT('',(44.,0.,14.0395280956807));
#19162=CARTESIAN_POINT('',(46.5,0.,12.5961524227066));
#19163=CARTESIAN_POINT('',(31.2700317547305,0.,21.3891786888624));
#19164=CARTESIAN_POINT('',(44.,-2.6,14.0395280956807));
#19165=CARTESIAN_POINT('',(44.,-1.3,14.0395280956807));
#19166=CARTESIAN_POINT('',(46.5,-2.6,12.5961524227066));
#19167=CARTESIAN_POINT('',(30.8146469970012,-2.6,21.6520952013223));
#19168=CARTESIAN_POINT('',(46.5,-1.3,12.5961524227066));
#19169=CARTESIAN_POINT('Origin',(49.,-1.3,14.0395280956807));
#19170=CARTESIAN_POINT('',(49.,0.,14.0395280956807));
#19171=CARTESIAN_POINT('',(28.1049682452694,0.,1.97577588736124));
#19172=CARTESIAN_POINT('',(49.,-2.6,14.0395280956807));
#19173=CARTESIAN_POINT('',(26.6103530029988,-2.6,1.11285937490135));
#19174=CARTESIAN_POINT('',(49.,-1.3,14.0395280956807));
#19175=CARTESIAN_POINT('Origin',(49.,-1.3,16.9262794416288));
#19176=CARTESIAN_POINT('',(49.,0.,16.9262794416288));
#19177=CARTESIAN_POINT('',(49.,0.,9.66313972081441));
#19178=CARTESIAN_POINT('',(49.,-2.6,16.9262794416288));
#19179=CARTESIAN_POINT('',(49.,-2.6,8.46313972081441));
#19180=CARTESIAN_POINT('',(49.,-1.3,16.9262794416288));
#19181=CARTESIAN_POINT('Origin',(46.5,-1.3,18.3696551146029));
#19182=CARTESIAN_POINT('',(46.5,0.,18.3696551146029));
#19183=CARTESIAN_POINT('',(32.5200317547305,0.,26.4409935442716));
#19184=CARTESIAN_POINT('',(46.5,-2.6,18.3696551146029));
#19185=CARTESIAN_POINT('',(32.0646469970012,-2.6,26.7039100567315));
#19186=CARTESIAN_POINT('',(46.5,-1.3,18.3696551146029));
#19187=CARTESIAN_POINT('Origin',(44.,-1.3,16.9262794416288));
#19188=CARTESIAN_POINT('',(44.,0.,16.9262794416288));
#19189=CARTESIAN_POINT('',(24.3549682452694,0.,5.5842150697964));
#19190=CARTESIAN_POINT('',(44.,-2.6,16.9262794416288));
#19191=CARTESIAN_POINT('',(22.8603530029988,-2.6,4.72129855733652));
#19192=CARTESIAN_POINT('',(44.,-1.3,16.9262794416288));
#19193=CARTESIAN_POINT('Origin',(44.,-1.3,14.0395280956807));
#19194=CARTESIAN_POINT('',(44.,0.,8.21976404784035));
#19195=CARTESIAN_POINT('',(44.,-2.6,7.01976404784035));
#19196=CARTESIAN_POINT('Origin',(109.5,-1.3,7.4));
#19197=CARTESIAN_POINT('',(107.,0.,8.84337567297406));
#19198=CARTESIAN_POINT('',(109.5,0.,7.4));
#19199=CARTESIAN_POINT('',(69.5200317547305,0.,30.482445428599));
#19200=CARTESIAN_POINT('',(107.,-2.6,8.84337567297406));
#19201=CARTESIAN_POINT('',(107.,-1.3,8.84337567297406));
#19202=CARTESIAN_POINT('',(109.5,-2.6,7.4));
#19203=CARTESIAN_POINT('',(69.0646469970012,-2.6,30.7453619410589));
#19204=CARTESIAN_POINT('',(109.5,-1.3,7.4));
#19205=CARTESIAN_POINT('Origin',(112.,-1.3,8.84337567297406));
#19206=CARTESIAN_POINT('',(112.,0.,8.84337567297406));
#19207=CARTESIAN_POINT('',(68.6049682452694,0.,-16.210757592112));
#19208=CARTESIAN_POINT('',(112.,-2.6,8.84337567297406));
#19209=CARTESIAN_POINT('',(67.1103530029987,-2.6,-17.0736741045718));
#19210=CARTESIAN_POINT('',(112.,-1.3,8.84337567297406));
#19211=CARTESIAN_POINT('Origin',(112.,-1.3,11.7301270189222));
#19212=CARTESIAN_POINT('',(112.,0.,11.7301270189222));
#19213=CARTESIAN_POINT('',(112.,0.,7.0650635094611));
#19214=CARTESIAN_POINT('',(112.,-2.6,11.7301270189222));
#19215=CARTESIAN_POINT('',(112.,-2.6,5.8650635094611));
#19216=CARTESIAN_POINT('',(112.,-1.3,11.7301270189222));
#19217=CARTESIAN_POINT('Origin',(109.5,-1.3,13.1735026918963));
#19218=CARTESIAN_POINT('',(109.5,0.,13.1735026918963));
#19219=CARTESIAN_POINT('',(70.7700317547305,0.,35.5342602840082));
#19220=CARTESIAN_POINT('',(109.5,-2.6,13.1735026918963));
#19221=CARTESIAN_POINT('',(70.3146469970012,-2.6,35.7971767964681));
#19222=CARTESIAN_POINT('',(109.5,-1.3,13.1735026918963));
#19223=CARTESIAN_POINT('Origin',(107.,-1.3,11.7301270189222));
#19224=CARTESIAN_POINT('',(107.,0.,11.7301270189222));
#19225=CARTESIAN_POINT('',(64.8549682452694,0.,-12.6023184096768));
#19226=CARTESIAN_POINT('',(107.,-2.6,11.7301270189222));
#19227=CARTESIAN_POINT('',(63.3603530029987,-2.6,-13.4652349221367));
#19228=CARTESIAN_POINT('',(107.,-1.3,11.7301270189222));
#19229=CARTESIAN_POINT('Origin',(107.,-1.3,8.84337567297406));
#19230=CARTESIAN_POINT('',(107.,0.,5.62168783648703));
#19231=CARTESIAN_POINT('',(107.,-2.6,4.42168783648703));
#19232=CARTESIAN_POINT('Origin',(97.5,-1.3,7.4));
#19233=CARTESIAN_POINT('',(95.,0.,8.84337567297406));
#19234=CARTESIAN_POINT('',(97.5,0.,7.4));
#19235=CARTESIAN_POINT('',(62.0200317547305,0.,27.8843692172457));
#19236=CARTESIAN_POINT('',(95.,-2.6,8.84337567297406));
#19237=CARTESIAN_POINT('',(95.,-1.3,8.84337567297406));
#19238=CARTESIAN_POINT('',(97.5,-2.6,7.4));
#19239=CARTESIAN_POINT('',(61.5646469970012,-2.6,28.1472857297056));
#19240=CARTESIAN_POINT('',(97.5,-1.3,7.4));
#19241=CARTESIAN_POINT('Origin',(100.,-1.3,8.84337567297406));
#19242=CARTESIAN_POINT('',(100.,0.,8.84337567297406));
#19243=CARTESIAN_POINT('',(61.1049682452694,0.,-13.6126813807586));
#19244=CARTESIAN_POINT('',(100.,-2.6,8.84337567297406));
#19245=CARTESIAN_POINT('',(59.6103530029988,-2.6,-14.4755978932185));
#19246=CARTESIAN_POINT('',(100.,-1.3,8.84337567297406));
#19247=CARTESIAN_POINT('Origin',(100.,-1.3,11.7301270189222));
#19248=CARTESIAN_POINT('',(100.,0.,11.7301270189222));
#19249=CARTESIAN_POINT('',(100.,0.,7.0650635094611));
#19250=CARTESIAN_POINT('',(100.,-2.6,11.7301270189222));
#19251=CARTESIAN_POINT('',(100.,-2.6,5.8650635094611));
#19252=CARTESIAN_POINT('',(100.,-1.3,11.7301270189222));
#19253=CARTESIAN_POINT('Origin',(97.5,-1.3,13.1735026918963));
#19254=CARTESIAN_POINT('',(97.5,0.,13.1735026918963));
#19255=CARTESIAN_POINT('',(63.2700317547305,0.,32.9361840726549));
#19256=CARTESIAN_POINT('',(97.5,-2.6,13.1735026918963));
#19257=CARTESIAN_POINT('',(62.8146469970012,-2.6,33.1991005851148));
#19258=CARTESIAN_POINT('',(97.5,-1.3,13.1735026918963));
#19259=CARTESIAN_POINT('Origin',(95.,-1.3,11.7301270189222));
#19260=CARTESIAN_POINT('',(95.,0.,11.7301270189222));
#19261=CARTESIAN_POINT('',(57.3549682452694,0.,-10.0042421983235));
#19262=CARTESIAN_POINT('',(95.,-2.6,11.7301270189222));
#19263=CARTESIAN_POINT('',(55.8603530029988,-2.6,-10.8671587107834));
#19264=CARTESIAN_POINT('',(95.,-1.3,11.7301270189222));
#19265=CARTESIAN_POINT('Origin',(95.,-1.3,8.84337567297406));
#19266=CARTESIAN_POINT('',(95.,0.,5.62168783648703));
#19267=CARTESIAN_POINT('',(95.,-2.6,4.42168783648703));
#19268=CARTESIAN_POINT('Origin',(85.5,-1.3,7.4));
#19269=CARTESIAN_POINT('',(83.,0.,8.84337567297406));
#19270=CARTESIAN_POINT('',(85.5,0.,7.4));
#19271=CARTESIAN_POINT('',(54.5200317547305,0.,25.2862930058924));
#19272=CARTESIAN_POINT('',(83.,-2.6,8.84337567297406));
#19273=CARTESIAN_POINT('',(83.,-1.3,8.84337567297406));
#19274=CARTESIAN_POINT('',(85.5,-2.6,7.4));
#19275=CARTESIAN_POINT('',(54.0646469970012,-2.6,25.5492095183522));
#19276=CARTESIAN_POINT('',(85.5,-1.3,7.4));
#19277=CARTESIAN_POINT('Origin',(88.,-1.3,8.84337567297406));
#19278=CARTESIAN_POINT('',(88.,0.,8.84337567297406));
#19279=CARTESIAN_POINT('',(53.6049682452694,0.,-11.0146051694053));
#19280=CARTESIAN_POINT('',(88.,-2.6,8.84337567297406));
#19281=CARTESIAN_POINT('',(52.1103530029988,-2.6,-11.8775216818652));
#19282=CARTESIAN_POINT('',(88.,-1.3,8.84337567297406));
#19283=CARTESIAN_POINT('Origin',(88.,-1.3,11.7301270189222));
#19284=CARTESIAN_POINT('',(88.,0.,11.7301270189222));
#19285=CARTESIAN_POINT('',(88.,0.,7.0650635094611));
#19286=CARTESIAN_POINT('',(88.,-2.6,11.7301270189222));
#19287=CARTESIAN_POINT('',(88.,-2.6,5.8650635094611));
#19288=CARTESIAN_POINT('',(88.,-1.3,11.7301270189222));
#19289=CARTESIAN_POINT('Origin',(85.5,-1.3,13.1735026918963));
#19290=CARTESIAN_POINT('',(85.5,0.,13.1735026918963));
#19291=CARTESIAN_POINT('',(55.7700317547305,0.,30.3381078613016));
#19292=CARTESIAN_POINT('',(85.5,-2.6,13.1735026918963));
#19293=CARTESIAN_POINT('',(55.3146469970012,-2.6,30.6010243737615));
#19294=CARTESIAN_POINT('',(85.5,-1.3,13.1735026918963));
#19295=CARTESIAN_POINT('Origin',(83.,-1.3,11.7301270189222));
#19296=CARTESIAN_POINT('',(83.,0.,11.7301270189222));
#19297=CARTESIAN_POINT('',(49.8549682452694,0.,-7.40616598697017));
#19298=CARTESIAN_POINT('',(83.,-2.6,11.7301270189222));
#19299=CARTESIAN_POINT('',(48.3603530029988,-2.6,-8.26908249943005));
#19300=CARTESIAN_POINT('',(83.,-1.3,11.7301270189222));
#19301=CARTESIAN_POINT('Origin',(83.,-1.3,8.84337567297406));
#19302=CARTESIAN_POINT('',(83.,0.,5.62168783648703));
#19303=CARTESIAN_POINT('',(83.,-2.6,4.42168783648703));
#19304=CARTESIAN_POINT('Origin',(73.5,-1.3,7.4));
#19305=CARTESIAN_POINT('',(71.,0.,8.84337567297406));
#19306=CARTESIAN_POINT('',(73.5,0.,7.4));
#19307=CARTESIAN_POINT('',(47.0200317547305,0.,22.688216794539));
#19308=CARTESIAN_POINT('',(71.,-2.6,8.84337567297406));
#19309=CARTESIAN_POINT('',(71.,-1.3,8.84337567297406));
#19310=CARTESIAN_POINT('',(73.5,-2.6,7.4));
#19311=CARTESIAN_POINT('',(46.5646469970012,-2.6,22.9511333069989));
#19312=CARTESIAN_POINT('',(73.5,-1.3,7.4));
#19313=CARTESIAN_POINT('Origin',(76.,-1.3,8.84337567297406));
#19314=CARTESIAN_POINT('',(76.,0.,8.84337567297406));
#19315=CARTESIAN_POINT('',(46.1049682452694,0.,-8.41652895805202));
#19316=CARTESIAN_POINT('',(76.,-2.6,8.84337567297406));
#19317=CARTESIAN_POINT('',(44.6103530029988,-2.6,-9.2794454705119));
#19318=CARTESIAN_POINT('',(76.,-1.3,8.84337567297406));
#19319=CARTESIAN_POINT('Origin',(76.,-1.3,11.7301270189222));
#19320=CARTESIAN_POINT('',(76.,0.,11.7301270189222));
#19321=CARTESIAN_POINT('',(76.,0.,7.0650635094611));
#19322=CARTESIAN_POINT('',(76.,-2.6,11.7301270189222));
#19323=CARTESIAN_POINT('',(76.,-2.6,5.8650635094611));
#19324=CARTESIAN_POINT('',(76.,-1.3,11.7301270189222));
#19325=CARTESIAN_POINT('Origin',(73.5,-1.3,13.1735026918963));
#19326=CARTESIAN_POINT('',(73.5,0.,13.1735026918963));
#19327=CARTESIAN_POINT('',(48.2700317547305,0.,27.7400316499483));
#19328=CARTESIAN_POINT('',(73.5,-2.6,13.1735026918963));
#19329=CARTESIAN_POINT('',(47.8146469970012,-2.6,28.0029481624082));
#19330=CARTESIAN_POINT('',(73.5,-1.3,13.1735026918963));
#19331=CARTESIAN_POINT('Origin',(71.,-1.3,11.7301270189222));
#19332=CARTESIAN_POINT('',(71.,0.,11.7301270189222));
#19333=CARTESIAN_POINT('',(42.3549682452694,0.,-4.80808977561686));
#19334=CARTESIAN_POINT('',(71.,-2.6,11.7301270189222));
#19335=CARTESIAN_POINT('',(40.8603530029988,-2.6,-5.67100628807674));
#19336=CARTESIAN_POINT('',(71.,-1.3,11.7301270189222));
#19337=CARTESIAN_POINT('Origin',(71.,-1.3,8.84337567297406));
#19338=CARTESIAN_POINT('',(71.,0.,5.62168783648703));
#19339=CARTESIAN_POINT('',(71.,-2.6,4.42168783648703));
#19340=CARTESIAN_POINT('Origin',(61.5,-1.3,7.4));
#19341=CARTESIAN_POINT('',(59.,0.,8.84337567297406));
#19342=CARTESIAN_POINT('',(61.5,0.,7.4));
#19343=CARTESIAN_POINT('',(39.5200317547305,0.,20.0901405831857));
#19344=CARTESIAN_POINT('',(59.,-2.6,8.84337567297406));
#19345=CARTESIAN_POINT('',(59.,-1.3,8.84337567297406));
#19346=CARTESIAN_POINT('',(61.5,-2.6,7.4));
#19347=CARTESIAN_POINT('',(39.0646469970012,-2.6,20.3530570956456));
#19348=CARTESIAN_POINT('',(61.5,-1.3,7.4));
#19349=CARTESIAN_POINT('Origin',(64.,-1.3,8.84337567297406));
#19350=CARTESIAN_POINT('',(64.,0.,8.84337567297406));
#19351=CARTESIAN_POINT('',(38.6049682452694,0.,-5.8184527466987));
#19352=CARTESIAN_POINT('',(64.,-2.6,8.84337567297406));
#19353=CARTESIAN_POINT('',(37.1103530029988,-2.6,-6.68136925915859));
#19354=CARTESIAN_POINT('',(64.,-1.3,8.84337567297406));
#19355=CARTESIAN_POINT('Origin',(64.,-1.3,11.7301270189222));
#19356=CARTESIAN_POINT('',(64.,0.,11.7301270189222));
#19357=CARTESIAN_POINT('',(64.,0.,7.0650635094611));
#19358=CARTESIAN_POINT('',(64.,-2.6,11.7301270189222));
#19359=CARTESIAN_POINT('',(64.,-2.6,5.8650635094611));
#19360=CARTESIAN_POINT('',(64.,-1.3,11.7301270189222));
#19361=CARTESIAN_POINT('Origin',(61.5,-1.3,13.1735026918963));
#19362=CARTESIAN_POINT('',(61.5,0.,13.1735026918963));
#19363=CARTESIAN_POINT('',(40.7700317547305,0.,25.141955438595));
#19364=CARTESIAN_POINT('',(61.5,-2.6,13.1735026918963));
#19365=CARTESIAN_POINT('',(40.3146469970012,-2.6,25.4048719510548));
#19366=CARTESIAN_POINT('',(61.5,-1.3,13.1735026918963));
#19367=CARTESIAN_POINT('Origin',(59.,-1.3,11.7301270189222));
#19368=CARTESIAN_POINT('',(59.,0.,11.7301270189222));
#19369=CARTESIAN_POINT('',(34.8549682452694,0.,-2.21001356426354));
#19370=CARTESIAN_POINT('',(59.,-2.6,11.7301270189222));
#19371=CARTESIAN_POINT('',(33.3603530029988,-2.6,-3.07293007672342));
#19372=CARTESIAN_POINT('',(59.,-1.3,11.7301270189222));
#19373=CARTESIAN_POINT('Origin',(59.,-1.3,8.84337567297406));
#19374=CARTESIAN_POINT('',(59.,0.,5.62168783648703));
#19375=CARTESIAN_POINT('',(59.,-2.6,4.42168783648703));
#19376=CARTESIAN_POINT('Origin',(49.5,-1.3,7.4));
#19377=CARTESIAN_POINT('',(47.,0.,8.84337567297406));
#19378=CARTESIAN_POINT('',(49.5,0.,7.4));
#19379=CARTESIAN_POINT('',(32.0200317547305,0.,17.4920643718324));
#19380=CARTESIAN_POINT('',(47.,-2.6,8.84337567297406));
#19381=CARTESIAN_POINT('',(47.,-1.3,8.84337567297406));
#19382=CARTESIAN_POINT('',(49.5,-2.6,7.4));
#19383=CARTESIAN_POINT('',(31.5646469970012,-2.6,17.7549808842923));
#19384=CARTESIAN_POINT('',(49.5,-1.3,7.4));
#19385=CARTESIAN_POINT('Origin',(52.,-1.3,8.84337567297406));
#19386=CARTESIAN_POINT('',(52.,0.,8.84337567297406));
#19387=CARTESIAN_POINT('',(31.1049682452694,0.,-3.22037653534539));
#19388=CARTESIAN_POINT('',(52.,-2.6,8.84337567297406));
#19389=CARTESIAN_POINT('',(29.6103530029988,-2.6,-4.08329304780528));
#19390=CARTESIAN_POINT('',(52.,-1.3,8.84337567297406));
#19391=CARTESIAN_POINT('Origin',(52.,-1.3,11.7301270189222));
#19392=CARTESIAN_POINT('',(52.,0.,11.7301270189222));
#19393=CARTESIAN_POINT('',(52.,0.,7.0650635094611));
#19394=CARTESIAN_POINT('',(52.,-2.6,11.7301270189222));
#19395=CARTESIAN_POINT('',(52.,-2.6,5.8650635094611));
#19396=CARTESIAN_POINT('',(52.,-1.3,11.7301270189222));
#19397=CARTESIAN_POINT('Origin',(49.5,-1.3,13.1735026918963));
#19398=CARTESIAN_POINT('',(49.5,0.,13.1735026918963));
#19399=CARTESIAN_POINT('',(33.2700317547305,0.,22.5438792272416));
#19400=CARTESIAN_POINT('',(49.5,-2.6,13.1735026918963));
#19401=CARTESIAN_POINT('',(32.8146469970012,-2.6,22.8067957397015));
#19402=CARTESIAN_POINT('',(49.5,-1.3,13.1735026918963));
#19403=CARTESIAN_POINT('Origin',(47.,-1.3,11.7301270189222));
#19404=CARTESIAN_POINT('',(47.,0.,11.7301270189222));
#19405=CARTESIAN_POINT('',(27.3549682452694,0.,0.388062647089773));
#19406=CARTESIAN_POINT('',(47.,-2.6,11.7301270189222));
#19407=CARTESIAN_POINT('',(25.8603530029988,-2.6,-0.474853865370113));
#19408=CARTESIAN_POINT('',(47.,-1.3,11.7301270189222));
#19409=CARTESIAN_POINT('Origin',(47.,-1.3,8.84337567297406));
#19410=CARTESIAN_POINT('',(47.,0.,5.62168783648703));
#19411=CARTESIAN_POINT('',(47.,-2.6,4.42168783648703));
#19412=CARTESIAN_POINT('Origin',(43.5,-1.3,7.4));
#19413=CARTESIAN_POINT('',(41.,0.,8.84337567297406));
#19414=CARTESIAN_POINT('',(43.5,0.,7.4));
#19415=CARTESIAN_POINT('',(28.2700317547305,0.,16.1930262661558));
#19416=CARTESIAN_POINT('',(41.,-2.6,8.84337567297406));
#19417=CARTESIAN_POINT('',(41.,-1.3,8.84337567297406));
#19418=CARTESIAN_POINT('',(43.5,-2.6,7.4));
#19419=CARTESIAN_POINT('',(27.8146469970012,-2.6,16.4559427786157));
#19420=CARTESIAN_POINT('',(43.5,-1.3,7.4));
#19421=CARTESIAN_POINT('Origin',(46.,-1.3,8.84337567297406));
#19422=CARTESIAN_POINT('',(46.,0.,8.84337567297406));
#19423=CARTESIAN_POINT('',(27.3549682452694,0.,-1.92133842966873));
#19424=CARTESIAN_POINT('',(46.,-2.6,8.84337567297406));
#19425=CARTESIAN_POINT('',(25.8603530029988,-2.6,-2.78425494212862));
#19426=CARTESIAN_POINT('',(46.,-1.3,8.84337567297406));
#19427=CARTESIAN_POINT('Origin',(46.,-1.3,11.7301270189222));
#19428=CARTESIAN_POINT('',(46.,0.,11.7301270189222));
#19429=CARTESIAN_POINT('',(46.,0.,7.0650635094611));
#19430=CARTESIAN_POINT('',(46.,-2.6,11.7301270189222));
#19431=CARTESIAN_POINT('',(46.,-2.6,5.8650635094611));
#19432=CARTESIAN_POINT('',(46.,-1.3,11.7301270189222));
#19433=CARTESIAN_POINT('Origin',(43.5,-1.3,13.1735026918963));
#19434=CARTESIAN_POINT('',(43.5,0.,13.1735026918963));
#19435=CARTESIAN_POINT('',(29.5200317547305,0.,21.244841121565));
#19436=CARTESIAN_POINT('',(43.5,-2.6,13.1735026918963));
#19437=CARTESIAN_POINT('',(29.0646469970012,-2.6,21.5077576340249));
#19438=CARTESIAN_POINT('',(43.5,-1.3,13.1735026918963));
#19439=CARTESIAN_POINT('Origin',(41.,-1.3,11.7301270189222));
#19440=CARTESIAN_POINT('',(41.,0.,11.7301270189222));
#19441=CARTESIAN_POINT('',(23.6049682452694,0.,1.68710075276643));
#19442=CARTESIAN_POINT('',(41.,-2.6,11.7301270189222));
#19443=CARTESIAN_POINT('',(22.1103530029988,-2.6,0.824184240306545));
#19444=CARTESIAN_POINT('',(41.,-1.3,11.7301270189222));
#19445=CARTESIAN_POINT('Origin',(41.,-1.3,8.84337567297406));
#19446=CARTESIAN_POINT('',(41.,0.,5.62168783648703));
#19447=CARTESIAN_POINT('',(41.,-2.6,4.42168783648703));
#19448=CARTESIAN_POINT('Origin',(55.5,-1.3,7.4));
#19449=CARTESIAN_POINT('',(53.,0.,8.84337567297406));
#19450=CARTESIAN_POINT('',(55.5,0.,7.4));
#19451=CARTESIAN_POINT('',(35.7700317547305,0.,18.7911024775091));
#19452=CARTESIAN_POINT('',(53.,-2.6,8.84337567297406));
#19453=CARTESIAN_POINT('',(53.,-1.3,8.84337567297406));
#19454=CARTESIAN_POINT('',(55.5,-2.6,7.4));
#19455=CARTESIAN_POINT('',(35.3146469970012,-2.6,19.054018989969));
#19456=CARTESIAN_POINT('',(55.5,-1.3,7.4));
#19457=CARTESIAN_POINT('Origin',(58.,-1.3,8.84337567297406));
#19458=CARTESIAN_POINT('',(58.,0.,8.84337567297406));
#19459=CARTESIAN_POINT('',(34.8549682452694,0.,-4.51941464102205));
#19460=CARTESIAN_POINT('',(58.,-2.6,8.84337567297406));
#19461=CARTESIAN_POINT('',(33.3603530029988,-2.6,-5.38233115348193));
#19462=CARTESIAN_POINT('',(58.,-1.3,8.84337567297406));
#19463=CARTESIAN_POINT('Origin',(58.,-1.3,11.7301270189222));
#19464=CARTESIAN_POINT('',(58.,0.,11.7301270189222));
#19465=CARTESIAN_POINT('',(58.,0.,7.0650635094611));
#19466=CARTESIAN_POINT('',(58.,-2.6,11.7301270189222));
#19467=CARTESIAN_POINT('',(58.,-2.6,5.8650635094611));
#19468=CARTESIAN_POINT('',(58.,-1.3,11.7301270189222));
#19469=CARTESIAN_POINT('Origin',(55.5,-1.3,13.1735026918963));
#19470=CARTESIAN_POINT('',(55.5,0.,13.1735026918963));
#19471=CARTESIAN_POINT('',(37.0200317547305,0.,23.8429173329183));
#19472=CARTESIAN_POINT('',(55.5,-2.6,13.1735026918963));
#19473=CARTESIAN_POINT('',(36.5646469970012,-2.6,24.1058338453782));
#19474=CARTESIAN_POINT('',(55.5,-1.3,13.1735026918963));
#19475=CARTESIAN_POINT('Origin',(53.,-1.3,11.7301270189222));
#19476=CARTESIAN_POINT('',(53.,0.,11.7301270189222));
#19477=CARTESIAN_POINT('',(31.1049682452694,0.,-0.910975458586885));
#19478=CARTESIAN_POINT('',(53.,-2.6,11.7301270189222));
#19479=CARTESIAN_POINT('',(29.6103530029988,-2.6,-1.77389197104677));
#19480=CARTESIAN_POINT('',(53.,-1.3,11.7301270189222));
#19481=CARTESIAN_POINT('Origin',(53.,-1.3,8.84337567297406));
#19482=CARTESIAN_POINT('',(53.,0.,5.62168783648703));
#19483=CARTESIAN_POINT('',(53.,-2.6,4.42168783648703));
#19484=CARTESIAN_POINT('Origin',(67.5,-1.3,7.4));
#19485=CARTESIAN_POINT('',(65.,0.,8.84337567297406));
#19486=CARTESIAN_POINT('',(67.5,0.,7.4));
#19487=CARTESIAN_POINT('',(43.2700317547305,0.,21.3891786888624));
#19488=CARTESIAN_POINT('',(65.,-2.6,8.84337567297406));
#19489=CARTESIAN_POINT('',(65.,-1.3,8.84337567297406));
#19490=CARTESIAN_POINT('',(67.5,-2.6,7.4));
#19491=CARTESIAN_POINT('',(42.8146469970012,-2.6,21.6520952013223));
#19492=CARTESIAN_POINT('',(67.5,-1.3,7.4));
#19493=CARTESIAN_POINT('Origin',(70.,-1.3,8.84337567297406));
#19494=CARTESIAN_POINT('',(70.,0.,8.84337567297406));
#19495=CARTESIAN_POINT('',(42.3549682452694,0.,-7.11749085237536));
#19496=CARTESIAN_POINT('',(70.,-2.6,8.84337567297406));
#19497=CARTESIAN_POINT('',(40.8603530029988,-2.6,-7.98040736483524));
#19498=CARTESIAN_POINT('',(70.,-1.3,8.84337567297406));
#19499=CARTESIAN_POINT('Origin',(70.,-1.3,11.7301270189222));
#19500=CARTESIAN_POINT('',(70.,0.,11.7301270189222));
#19501=CARTESIAN_POINT('',(70.,0.,7.0650635094611));
#19502=CARTESIAN_POINT('',(70.,-2.6,11.7301270189222));
#19503=CARTESIAN_POINT('',(70.,-2.6,5.8650635094611));
#19504=CARTESIAN_POINT('',(70.,-1.3,11.7301270189222));
#19505=CARTESIAN_POINT('Origin',(67.5,-1.3,13.1735026918963));
#19506=CARTESIAN_POINT('',(67.5,0.,13.1735026918963));
#19507=CARTESIAN_POINT('',(44.5200317547305,0.,26.4409935442716));
#19508=CARTESIAN_POINT('',(67.5,-2.6,13.1735026918963));
#19509=CARTESIAN_POINT('',(44.0646469970012,-2.6,26.7039100567315));
#19510=CARTESIAN_POINT('',(67.5,-1.3,13.1735026918963));
#19511=CARTESIAN_POINT('Origin',(65.,-1.3,11.7301270189222));
#19512=CARTESIAN_POINT('',(65.,0.,11.7301270189222));
#19513=CARTESIAN_POINT('',(38.6049682452694,0.,-3.5090516699402));
#19514=CARTESIAN_POINT('',(65.,-2.6,11.7301270189222));
#19515=CARTESIAN_POINT('',(37.1103530029988,-2.6,-4.37196818240008));
#19516=CARTESIAN_POINT('',(65.,-1.3,11.7301270189222));
#19517=CARTESIAN_POINT('Origin',(65.,-1.3,8.84337567297406));
#19518=CARTESIAN_POINT('',(65.,0.,5.62168783648703));
#19519=CARTESIAN_POINT('',(65.,-2.6,4.42168783648703));
#19520=CARTESIAN_POINT('Origin',(79.5,-1.3,7.4));
#19521=CARTESIAN_POINT('',(77.,0.,8.84337567297406));
#19522=CARTESIAN_POINT('',(79.5,0.,7.4));
#19523=CARTESIAN_POINT('',(50.7700317547305,0.,23.9872549002157));
#19524=CARTESIAN_POINT('',(77.,-2.6,8.84337567297406));
#19525=CARTESIAN_POINT('',(77.,-1.3,8.84337567297406));
#19526=CARTESIAN_POINT('',(79.5,-2.6,7.4));
#19527=CARTESIAN_POINT('',(50.3146469970012,-2.6,24.2501714126756));
#19528=CARTESIAN_POINT('',(79.5,-1.3,7.4));
#19529=CARTESIAN_POINT('Origin',(82.,-1.3,8.84337567297406));
#19530=CARTESIAN_POINT('',(82.,0.,8.84337567297406));
#19531=CARTESIAN_POINT('',(49.8549682452694,0.,-9.71556706372867));
#19532=CARTESIAN_POINT('',(82.,-2.6,8.84337567297406));
#19533=CARTESIAN_POINT('',(48.3603530029988,-2.6,-10.5784835761886));
#19534=CARTESIAN_POINT('',(82.,-1.3,8.84337567297406));
#19535=CARTESIAN_POINT('Origin',(82.,-1.3,11.7301270189222));
#19536=CARTESIAN_POINT('',(82.,0.,11.7301270189222));
#19537=CARTESIAN_POINT('',(82.,0.,7.0650635094611));
#19538=CARTESIAN_POINT('',(82.,-2.6,11.7301270189222));
#19539=CARTESIAN_POINT('',(82.,-2.6,5.8650635094611));
#19540=CARTESIAN_POINT('',(82.,-1.3,11.7301270189222));
#19541=CARTESIAN_POINT('Origin',(79.5,-1.3,13.1735026918963));
#19542=CARTESIAN_POINT('',(79.5,0.,13.1735026918963));
#19543=CARTESIAN_POINT('',(52.0200317547305,0.,29.0390697556249));
#19544=CARTESIAN_POINT('',(79.5,-2.6,13.1735026918963));
#19545=CARTESIAN_POINT('',(51.5646469970012,-2.6,29.3019862680848));
#19546=CARTESIAN_POINT('',(79.5,-1.3,13.1735026918963));
#19547=CARTESIAN_POINT('Origin',(77.,-1.3,11.7301270189222));
#19548=CARTESIAN_POINT('',(77.,0.,11.7301270189222));
#19549=CARTESIAN_POINT('',(46.1049682452694,0.,-6.10712788129351));
#19550=CARTESIAN_POINT('',(77.,-2.6,11.7301270189222));
#19551=CARTESIAN_POINT('',(44.6103530029988,-2.6,-6.9700443937534));
#19552=CARTESIAN_POINT('',(77.,-1.3,11.7301270189222));
#19553=CARTESIAN_POINT('Origin',(77.,-1.3,8.84337567297406));
#19554=CARTESIAN_POINT('',(77.,0.,5.62168783648703));
#19555=CARTESIAN_POINT('',(77.,-2.6,4.42168783648703));
#19556=CARTESIAN_POINT('Origin',(91.5,-1.3,7.4));
#19557=CARTESIAN_POINT('',(89.,0.,8.84337567297406));
#19558=CARTESIAN_POINT('',(91.5,0.,7.4));
#19559=CARTESIAN_POINT('',(58.2700317547305,0.,26.585331111569));
#19560=CARTESIAN_POINT('',(89.,-2.6,8.84337567297406));
#19561=CARTESIAN_POINT('',(89.,-1.3,8.84337567297406));
#19562=CARTESIAN_POINT('',(91.5,-2.6,7.4));
#19563=CARTESIAN_POINT('',(57.8146469970012,-2.6,26.8482476240289));
#19564=CARTESIAN_POINT('',(91.5,-1.3,7.4));
#19565=CARTESIAN_POINT('Origin',(94.,-1.3,8.84337567297406));
#19566=CARTESIAN_POINT('',(94.,0.,8.84337567297406));
#19567=CARTESIAN_POINT('',(57.3549682452694,0.,-12.313643275082));
#19568=CARTESIAN_POINT('',(94.,-2.6,8.84337567297406));
#19569=CARTESIAN_POINT('',(55.8603530029988,-2.6,-13.1765597875419));
#19570=CARTESIAN_POINT('',(94.,-1.3,8.84337567297406));
#19571=CARTESIAN_POINT('Origin',(94.,-1.3,11.7301270189222));
#19572=CARTESIAN_POINT('',(94.,0.,11.7301270189222));
#19573=CARTESIAN_POINT('',(94.,0.,7.0650635094611));
#19574=CARTESIAN_POINT('',(94.,-2.6,11.7301270189222));
#19575=CARTESIAN_POINT('',(94.,-2.6,5.8650635094611));
#19576=CARTESIAN_POINT('',(94.,-1.3,11.7301270189222));
#19577=CARTESIAN_POINT('Origin',(91.5,-1.3,13.1735026918963));
#19578=CARTESIAN_POINT('',(91.5,0.,13.1735026918963));
#19579=CARTESIAN_POINT('',(59.5200317547305,0.,31.6371459669782));
#19580=CARTESIAN_POINT('',(91.5,-2.6,13.1735026918963));
#19581=CARTESIAN_POINT('',(59.0646469970012,-2.6,31.9000624794381));
#19582=CARTESIAN_POINT('',(91.5,-1.3,13.1735026918963));
#19583=CARTESIAN_POINT('Origin',(89.,-1.3,11.7301270189222));
#19584=CARTESIAN_POINT('',(89.,0.,11.7301270189222));
#19585=CARTESIAN_POINT('',(53.6049682452694,0.,-8.70520409264682));
#19586=CARTESIAN_POINT('',(89.,-2.6,11.7301270189222));
#19587=CARTESIAN_POINT('',(52.1103530029988,-2.6,-9.56812060510671));
#19588=CARTESIAN_POINT('',(89.,-1.3,11.7301270189222));
#19589=CARTESIAN_POINT('Origin',(89.,-1.3,8.84337567297406));
#19590=CARTESIAN_POINT('',(89.,0.,5.62168783648703));
#19591=CARTESIAN_POINT('',(89.,-2.6,4.42168783648703));
#19592=CARTESIAN_POINT('Origin',(103.5,-1.3,7.4));
#19593=CARTESIAN_POINT('',(101.,0.,8.84337567297406));
#19594=CARTESIAN_POINT('',(103.5,0.,7.4));
#19595=CARTESIAN_POINT('',(65.7700317547305,0.,29.1834073229223));
#19596=CARTESIAN_POINT('',(101.,-2.6,8.84337567297406));
#19597=CARTESIAN_POINT('',(101.,-1.3,8.84337567297406));
#19598=CARTESIAN_POINT('',(103.5,-2.6,7.4));
#19599=CARTESIAN_POINT('',(65.3146469970012,-2.6,29.4463238353822));
#19600=CARTESIAN_POINT('',(103.5,-1.3,7.4));
#19601=CARTESIAN_POINT('Origin',(106.,-1.3,8.84337567297406));
#19602=CARTESIAN_POINT('',(106.,0.,8.84337567297406));
#19603=CARTESIAN_POINT('',(64.8549682452694,0.,-14.9117194864353));
#19604=CARTESIAN_POINT('',(106.,-2.6,8.84337567297406));
#19605=CARTESIAN_POINT('',(63.3603530029987,-2.6,-15.7746359988952));
#19606=CARTESIAN_POINT('',(106.,-1.3,8.84337567297406));
#19607=CARTESIAN_POINT('Origin',(106.,-1.3,11.7301270189222));
#19608=CARTESIAN_POINT('',(106.,0.,11.7301270189222));
#19609=CARTESIAN_POINT('',(106.,0.,7.0650635094611));
#19610=CARTESIAN_POINT('',(106.,-2.6,11.7301270189222));
#19611=CARTESIAN_POINT('',(106.,-2.6,5.8650635094611));
#19612=CARTESIAN_POINT('',(106.,-1.3,11.7301270189222));
#19613=CARTESIAN_POINT('Origin',(103.5,-1.3,13.1735026918963));
#19614=CARTESIAN_POINT('',(103.5,0.,13.1735026918963));
#19615=CARTESIAN_POINT('',(67.0200317547305,0.,34.2352221783316));
#19616=CARTESIAN_POINT('',(103.5,-2.6,13.1735026918963));
#19617=CARTESIAN_POINT('',(66.5646469970012,-2.6,34.4981386907914));
#19618=CARTESIAN_POINT('',(103.5,-1.3,13.1735026918963));
#19619=CARTESIAN_POINT('Origin',(101.,-1.3,11.7301270189222));
#19620=CARTESIAN_POINT('',(101.,0.,11.7301270189222));
#19621=CARTESIAN_POINT('',(61.1049682452694,0.,-11.3032803040001));
#19622=CARTESIAN_POINT('',(101.,-2.6,11.7301270189222));
#19623=CARTESIAN_POINT('',(59.6103530029987,-2.6,-12.16619681646));
#19624=CARTESIAN_POINT('',(101.,-1.3,11.7301270189222));
#19625=CARTESIAN_POINT('Origin',(101.,-1.3,8.84337567297406));
#19626=CARTESIAN_POINT('',(101.,0.,5.62168783648703));
#19627=CARTESIAN_POINT('',(101.,-2.6,4.42168783648703));
#19628=CARTESIAN_POINT('Origin',(40.5,-1.3,12.5961524227066));
#19629=CARTESIAN_POINT('',(38.,0.,14.0395280956807));
#19630=CARTESIAN_POINT('',(40.5,0.,12.5961524227066));
#19631=CARTESIAN_POINT('',(27.5200317547305,0.,20.0901405831857));
#19632=CARTESIAN_POINT('',(38.,-2.6,14.0395280956807));
#19633=CARTESIAN_POINT('',(38.,-1.3,14.0395280956807));
#19634=CARTESIAN_POINT('',(40.5,-2.6,12.5961524227066));
#19635=CARTESIAN_POINT('',(27.0646469970012,-2.6,20.3530570956456));
#19636=CARTESIAN_POINT('',(40.5,-1.3,12.5961524227066));
#19637=CARTESIAN_POINT('Origin',(43.,-1.3,14.0395280956807));
#19638=CARTESIAN_POINT('',(43.,0.,14.0395280956807));
#19639=CARTESIAN_POINT('',(24.3549682452694,0.,3.2748139930379));
#19640=CARTESIAN_POINT('',(43.,-2.6,14.0395280956807));
#19641=CARTESIAN_POINT('',(22.8603530029988,-2.6,2.41189748057801));
#19642=CARTESIAN_POINT('',(43.,-1.3,14.0395280956807));
#19643=CARTESIAN_POINT('Origin',(43.,-1.3,16.9262794416288));
#19644=CARTESIAN_POINT('',(43.,0.,16.9262794416288));
#19645=CARTESIAN_POINT('',(43.,0.,9.66313972081441));
#19646=CARTESIAN_POINT('',(43.,-2.6,16.9262794416288));
#19647=CARTESIAN_POINT('',(43.,-2.6,8.46313972081441));
#19648=CARTESIAN_POINT('',(43.,-1.3,16.9262794416288));
#19649=CARTESIAN_POINT('Origin',(40.5,-1.3,18.3696551146029));
#19650=CARTESIAN_POINT('',(40.5,0.,18.3696551146029));
#19651=CARTESIAN_POINT('',(28.7700317547305,0.,25.141955438595));
#19652=CARTESIAN_POINT('',(40.5,-2.6,18.3696551146029));
#19653=CARTESIAN_POINT('',(28.3146469970012,-2.6,25.4048719510549));
#19654=CARTESIAN_POINT('',(40.5,-1.3,18.3696551146029));
#19655=CARTESIAN_POINT('Origin',(38.,-1.3,16.9262794416288));
#19656=CARTESIAN_POINT('',(38.,0.,16.9262794416288));
#19657=CARTESIAN_POINT('',(20.6049682452694,0.,6.88325317547306));
#19658=CARTESIAN_POINT('',(38.,-2.6,16.9262794416288));
#19659=CARTESIAN_POINT('',(19.1103530029988,-2.6,6.02033666301318));
#19660=CARTESIAN_POINT('',(38.,-1.3,16.9262794416288));
#19661=CARTESIAN_POINT('Origin',(38.,-1.3,14.0395280956807));
#19662=CARTESIAN_POINT('',(38.,0.,8.21976404784035));
#19663=CARTESIAN_POINT('',(38.,-2.6,7.01976404784035));
#19664=CARTESIAN_POINT('Origin',(52.5,-1.3,12.5961524227066));
#19665=CARTESIAN_POINT('',(50.,0.,14.0395280956807));
#19666=CARTESIAN_POINT('',(52.5,0.,12.5961524227066));
#19667=CARTESIAN_POINT('',(35.0200317547305,0.,22.6882167945391));
#19668=CARTESIAN_POINT('',(50.,-2.6,14.0395280956807));
#19669=CARTESIAN_POINT('',(50.,-1.3,14.0395280956807));
#19670=CARTESIAN_POINT('',(52.5,-2.6,12.5961524227066));
#19671=CARTESIAN_POINT('',(34.5646469970012,-2.6,22.9511333069989));
#19672=CARTESIAN_POINT('',(52.5,-1.3,12.5961524227066));
#19673=CARTESIAN_POINT('Origin',(55.,-1.3,14.0395280956807));
#19674=CARTESIAN_POINT('',(55.,0.,14.0395280956807));
#19675=CARTESIAN_POINT('',(31.8549682452694,0.,0.676737781684583));
#19676=CARTESIAN_POINT('',(55.,-2.6,14.0395280956807));
#19677=CARTESIAN_POINT('',(30.3603530029988,-2.6,-0.1861787307753));
#19678=CARTESIAN_POINT('',(55.,-1.3,14.0395280956807));
#19679=CARTESIAN_POINT('Origin',(55.,-1.3,16.9262794416288));
#19680=CARTESIAN_POINT('',(55.,0.,16.9262794416288));
#19681=CARTESIAN_POINT('',(55.,0.,9.66313972081441));
#19682=CARTESIAN_POINT('',(55.,-2.6,16.9262794416288));
#19683=CARTESIAN_POINT('',(55.,-2.6,8.46313972081441));
#19684=CARTESIAN_POINT('',(55.,-1.3,16.9262794416288));
#19685=CARTESIAN_POINT('Origin',(52.5,-1.3,18.3696551146029));
#19686=CARTESIAN_POINT('',(52.5,0.,18.3696551146029));
#19687=CARTESIAN_POINT('',(36.2700317547305,0.,27.7400316499483));
#19688=CARTESIAN_POINT('',(52.5,-2.6,18.3696551146029));
#19689=CARTESIAN_POINT('',(35.8146469970012,-2.6,28.0029481624082));
#19690=CARTESIAN_POINT('',(52.5,-1.3,18.3696551146029));
#19691=CARTESIAN_POINT('Origin',(50.,-1.3,16.9262794416288));
#19692=CARTESIAN_POINT('',(50.,0.,16.9262794416288));
#19693=CARTESIAN_POINT('',(28.1049682452694,0.,4.28517696411975));
#19694=CARTESIAN_POINT('',(50.,-2.6,16.9262794416288));
#19695=CARTESIAN_POINT('',(26.6103530029988,-2.6,3.42226045165986));
#19696=CARTESIAN_POINT('',(50.,-1.3,16.9262794416288));
#19697=CARTESIAN_POINT('Origin',(50.,-1.3,14.0395280956807));
#19698=CARTESIAN_POINT('',(50.,0.,8.21976404784035));
#19699=CARTESIAN_POINT('',(50.,-2.6,7.01976404784035));
#19700=CARTESIAN_POINT('Origin',(64.5,-1.3,12.5961524227066));
#19701=CARTESIAN_POINT('',(62.,0.,14.0395280956807));
#19702=CARTESIAN_POINT('',(64.5,0.,12.5961524227066));
#19703=CARTESIAN_POINT('',(42.5200317547305,0.,25.2862930058924));
#19704=CARTESIAN_POINT('',(62.,-2.6,14.0395280956807));
#19705=CARTESIAN_POINT('',(62.,-1.3,14.0395280956807));
#19706=CARTESIAN_POINT('',(64.5,-2.6,12.5961524227066));
#19707=CARTESIAN_POINT('',(42.0646469970012,-2.6,25.5492095183523));
#19708=CARTESIAN_POINT('',(64.5,-1.3,12.5961524227066));
#19709=CARTESIAN_POINT('Origin',(67.,-1.3,14.0395280956807));
#19710=CARTESIAN_POINT('',(67.,0.,14.0395280956807));
#19711=CARTESIAN_POINT('',(39.3549682452694,0.,-1.92133842966873));
#19712=CARTESIAN_POINT('',(67.,-2.6,14.0395280956807));
#19713=CARTESIAN_POINT('',(37.8603530029988,-2.6,-2.78425494212861));
#19714=CARTESIAN_POINT('',(67.,-1.3,14.0395280956807));
#19715=CARTESIAN_POINT('Origin',(67.,-1.3,16.9262794416288));
#19716=CARTESIAN_POINT('',(67.,0.,16.9262794416288));
#19717=CARTESIAN_POINT('',(67.,0.,9.66313972081441));
#19718=CARTESIAN_POINT('',(67.,-2.6,16.9262794416288));
#19719=CARTESIAN_POINT('',(67.,-2.6,8.46313972081441));
#19720=CARTESIAN_POINT('',(67.,-1.3,16.9262794416288));
#19721=CARTESIAN_POINT('Origin',(64.5,-1.3,18.3696551146029));
#19722=CARTESIAN_POINT('',(64.5,0.,18.3696551146029));
#19723=CARTESIAN_POINT('',(43.7700317547305,0.,30.3381078613016));
#19724=CARTESIAN_POINT('',(64.5,-2.6,18.3696551146029));
#19725=CARTESIAN_POINT('',(43.3146469970012,-2.6,30.6010243737615));
#19726=CARTESIAN_POINT('',(64.5,-1.3,18.3696551146029));
#19727=CARTESIAN_POINT('Origin',(62.,-1.3,16.9262794416288));
#19728=CARTESIAN_POINT('',(62.,0.,16.9262794416288));
#19729=CARTESIAN_POINT('',(35.6049682452694,0.,1.68710075276643));
#19730=CARTESIAN_POINT('',(62.,-2.6,16.9262794416288));
#19731=CARTESIAN_POINT('',(34.1103530029988,-2.6,0.824184240306548));
#19732=CARTESIAN_POINT('',(62.,-1.3,16.9262794416288));
#19733=CARTESIAN_POINT('Origin',(62.,-1.3,14.0395280956807));
#19734=CARTESIAN_POINT('',(62.,0.,8.21976404784035));
#19735=CARTESIAN_POINT('',(62.,-2.6,7.01976404784035));
#19736=CARTESIAN_POINT('Origin',(76.5,-1.3,12.5961524227066));
#19737=CARTESIAN_POINT('',(74.,0.,14.0395280956807));
#19738=CARTESIAN_POINT('',(76.5,0.,12.5961524227066));
#19739=CARTESIAN_POINT('',(50.0200317547305,0.,27.8843692172457));
#19740=CARTESIAN_POINT('',(74.,-2.6,14.0395280956807));
#19741=CARTESIAN_POINT('',(74.,-1.3,14.0395280956807));
#19742=CARTESIAN_POINT('',(76.5,-2.6,12.5961524227066));
#19743=CARTESIAN_POINT('',(49.5646469970012,-2.6,28.1472857297056));
#19744=CARTESIAN_POINT('',(76.5,-1.3,12.5961524227066));
#19745=CARTESIAN_POINT('Origin',(79.,-1.3,14.0395280956807));
#19746=CARTESIAN_POINT('',(79.,0.,14.0395280956807));
#19747=CARTESIAN_POINT('',(46.8549682452694,0.,-4.51941464102204));
#19748=CARTESIAN_POINT('',(79.,-2.6,14.0395280956807));
#19749=CARTESIAN_POINT('',(45.3603530029988,-2.6,-5.38233115348193));
#19750=CARTESIAN_POINT('',(79.,-1.3,14.0395280956807));
#19751=CARTESIAN_POINT('Origin',(79.,-1.3,16.9262794416288));
#19752=CARTESIAN_POINT('',(79.,0.,16.9262794416288));
#19753=CARTESIAN_POINT('',(79.,0.,9.66313972081441));
#19754=CARTESIAN_POINT('',(79.,-2.6,16.9262794416288));
#19755=CARTESIAN_POINT('',(79.,-2.6,8.46313972081441));
#19756=CARTESIAN_POINT('',(79.,-1.3,16.9262794416288));
#19757=CARTESIAN_POINT('Origin',(76.5,-1.3,18.3696551146029));
#19758=CARTESIAN_POINT('',(76.5,0.,18.3696551146029));
#19759=CARTESIAN_POINT('',(51.2700317547305,0.,32.9361840726549));
#19760=CARTESIAN_POINT('',(76.5,-2.6,18.3696551146029));
#19761=CARTESIAN_POINT('',(50.8146469970012,-2.6,33.1991005851148));
#19762=CARTESIAN_POINT('',(76.5,-1.3,18.3696551146029));
#19763=CARTESIAN_POINT('Origin',(74.,-1.3,16.9262794416288));
#19764=CARTESIAN_POINT('',(74.,0.,16.9262794416288));
#19765=CARTESIAN_POINT('',(43.1049682452694,0.,-0.910975458586879));
#19766=CARTESIAN_POINT('',(74.,-2.6,16.9262794416288));
#19767=CARTESIAN_POINT('',(41.6103530029988,-2.6,-1.77389197104676));
#19768=CARTESIAN_POINT('',(74.,-1.3,16.9262794416288));
#19769=CARTESIAN_POINT('Origin',(74.,-1.3,14.0395280956807));
#19770=CARTESIAN_POINT('',(74.,0.,8.21976404784035));
#19771=CARTESIAN_POINT('',(74.,-2.6,7.01976404784035));
#19772=CARTESIAN_POINT('Origin',(82.5,-1.3,12.5961524227066));
#19773=CARTESIAN_POINT('',(80.,0.,14.0395280956807));
#19774=CARTESIAN_POINT('',(82.5,0.,12.5961524227066));
#19775=CARTESIAN_POINT('',(53.7700317547305,0.,29.1834073229223));
#19776=CARTESIAN_POINT('',(80.,-2.6,14.0395280956807));
#19777=CARTESIAN_POINT('',(80.,-1.3,14.0395280956807));
#19778=CARTESIAN_POINT('',(82.5,-2.6,12.5961524227066));
#19779=CARTESIAN_POINT('',(53.3146469970012,-2.6,29.4463238353822));
#19780=CARTESIAN_POINT('',(82.5,-1.3,12.5961524227066));
#19781=CARTESIAN_POINT('Origin',(85.,-1.3,14.0395280956807));
#19782=CARTESIAN_POINT('',(85.,0.,14.0395280956807));
#19783=CARTESIAN_POINT('',(50.6049682452694,0.,-5.8184527466987));
#19784=CARTESIAN_POINT('',(85.,-2.6,14.0395280956807));
#19785=CARTESIAN_POINT('',(49.1103530029988,-2.6,-6.68136925915859));
#19786=CARTESIAN_POINT('',(85.,-1.3,14.0395280956807));
#19787=CARTESIAN_POINT('Origin',(85.,-1.3,16.9262794416288));
#19788=CARTESIAN_POINT('',(85.,0.,16.9262794416288));
#19789=CARTESIAN_POINT('',(85.,0.,9.66313972081441));
#19790=CARTESIAN_POINT('',(85.,-2.6,16.9262794416288));
#19791=CARTESIAN_POINT('',(85.,-2.6,8.46313972081441));
#19792=CARTESIAN_POINT('',(85.,-1.3,16.9262794416288));
#19793=CARTESIAN_POINT('Origin',(82.5,-1.3,18.3696551146029));
#19794=CARTESIAN_POINT('',(82.5,0.,18.3696551146029));
#19795=CARTESIAN_POINT('',(55.0200317547305,0.,34.2352221783316));
#19796=CARTESIAN_POINT('',(82.5,-2.6,18.3696551146029));
#19797=CARTESIAN_POINT('',(54.5646469970012,-2.6,34.4981386907914));
#19798=CARTESIAN_POINT('',(82.5,-1.3,18.3696551146029));
#19799=CARTESIAN_POINT('Origin',(80.,-1.3,16.9262794416288));
#19800=CARTESIAN_POINT('',(80.,0.,16.9262794416288));
#19801=CARTESIAN_POINT('',(46.8549682452694,0.,-2.21001356426354));
#19802=CARTESIAN_POINT('',(80.,-2.6,16.9262794416288));
#19803=CARTESIAN_POINT('',(45.3603530029988,-2.6,-3.07293007672342));
#19804=CARTESIAN_POINT('',(80.,-1.3,16.9262794416288));
#19805=CARTESIAN_POINT('Origin',(80.,-1.3,14.0395280956807));
#19806=CARTESIAN_POINT('',(80.,0.,8.21976404784035));
#19807=CARTESIAN_POINT('',(80.,-2.6,7.01976404784035));
#19808=CARTESIAN_POINT('Origin',(94.5,-1.3,12.5961524227066));
#19809=CARTESIAN_POINT('',(92.,0.,14.0395280956807));
#19810=CARTESIAN_POINT('',(94.5,0.,12.5961524227066));
#19811=CARTESIAN_POINT('',(61.2700317547305,0.,31.7814835342757));
#19812=CARTESIAN_POINT('',(92.,-2.6,14.0395280956807));
#19813=CARTESIAN_POINT('',(92.,-1.3,14.0395280956807));
#19814=CARTESIAN_POINT('',(94.5,-2.6,12.5961524227066));
#19815=CARTESIAN_POINT('',(60.8146469970012,-2.6,32.0444000467355));
#19816=CARTESIAN_POINT('',(94.5,-1.3,12.5961524227066));
#19817=CARTESIAN_POINT('Origin',(97.,-1.3,14.0395280956807));
#19818=CARTESIAN_POINT('',(97.,0.,14.0395280956807));
#19819=CARTESIAN_POINT('',(58.1049682452694,0.,-8.41652895805202));
#19820=CARTESIAN_POINT('',(97.,-2.6,14.0395280956807));
#19821=CARTESIAN_POINT('',(56.6103530029988,-2.6,-9.2794454705119));
#19822=CARTESIAN_POINT('',(97.,-1.3,14.0395280956807));
#19823=CARTESIAN_POINT('Origin',(97.,-1.3,16.9262794416288));
#19824=CARTESIAN_POINT('',(97.,0.,16.9262794416288));
#19825=CARTESIAN_POINT('',(97.,0.,9.66313972081441));
#19826=CARTESIAN_POINT('',(97.,-2.6,16.9262794416288));
#19827=CARTESIAN_POINT('',(97.,-2.6,8.46313972081441));
#19828=CARTESIAN_POINT('',(97.,-1.3,16.9262794416288));
#19829=CARTESIAN_POINT('Origin',(94.5,-1.3,18.3696551146029));
#19830=CARTESIAN_POINT('',(94.5,0.,18.3696551146029));
#19831=CARTESIAN_POINT('',(62.5200317547305,0.,36.8332983896849));
#19832=CARTESIAN_POINT('',(94.5,-2.6,18.3696551146029));
#19833=CARTESIAN_POINT('',(62.0646469970012,-2.6,37.0962149021448));
#19834=CARTESIAN_POINT('',(94.5,-1.3,18.3696551146029));
#19835=CARTESIAN_POINT('Origin',(92.,-1.3,16.9262794416288));
#19836=CARTESIAN_POINT('',(92.,0.,16.9262794416288));
#19837=CARTESIAN_POINT('',(54.3549682452694,0.,-4.80808977561685));
#19838=CARTESIAN_POINT('',(92.,-2.6,16.9262794416288));
#19839=CARTESIAN_POINT('',(52.8603530029988,-2.6,-5.67100628807674));
#19840=CARTESIAN_POINT('',(92.,-1.3,16.9262794416288));
#19841=CARTESIAN_POINT('Origin',(92.,-1.3,14.0395280956807));
#19842=CARTESIAN_POINT('',(92.,0.,8.21976404784035));
#19843=CARTESIAN_POINT('',(92.,-2.6,7.01976404784035));
#19844=CARTESIAN_POINT('Origin',(106.5,-1.3,12.5961524227066));
#19845=CARTESIAN_POINT('',(104.,0.,14.0395280956807));
#19846=CARTESIAN_POINT('',(106.5,0.,12.5961524227066));
#19847=CARTESIAN_POINT('',(68.7700317547305,0.,34.379559745629));
#19848=CARTESIAN_POINT('',(104.,-2.6,14.0395280956807));
#19849=CARTESIAN_POINT('',(104.,-1.3,14.0395280956807));
#19850=CARTESIAN_POINT('',(106.5,-2.6,12.5961524227066));
#19851=CARTESIAN_POINT('',(68.3146469970012,-2.6,34.6424762580889));
#19852=CARTESIAN_POINT('',(106.5,-1.3,12.5961524227066));
#19853=CARTESIAN_POINT('Origin',(109.,-1.3,14.0395280956807));
#19854=CARTESIAN_POINT('',(109.,0.,14.0395280956807));
#19855=CARTESIAN_POINT('',(65.6049682452694,0.,-11.0146051694053));
#19856=CARTESIAN_POINT('',(109.,-2.6,14.0395280956807));
#19857=CARTESIAN_POINT('',(64.1103530029987,-2.6,-11.8775216818652));
#19858=CARTESIAN_POINT('',(109.,-1.3,14.0395280956807));
#19859=CARTESIAN_POINT('Origin',(109.,-1.3,16.9262794416288));
#19860=CARTESIAN_POINT('',(109.,0.,16.9262794416288));
#19861=CARTESIAN_POINT('',(109.,0.,9.66313972081441));
#19862=CARTESIAN_POINT('',(109.,-2.6,16.9262794416288));
#19863=CARTESIAN_POINT('',(109.,-2.6,8.46313972081441));
#19864=CARTESIAN_POINT('',(109.,-1.3,16.9262794416288));
#19865=CARTESIAN_POINT('Origin',(106.5,-1.3,18.3696551146029));
#19866=CARTESIAN_POINT('',(106.5,0.,18.3696551146029));
#19867=CARTESIAN_POINT('',(70.0200317547305,0.,39.4313746010382));
#19868=CARTESIAN_POINT('',(106.5,-2.6,18.3696551146029));
#19869=CARTESIAN_POINT('',(69.5646469970012,-2.6,39.6942911134981));
#19870=CARTESIAN_POINT('',(106.5,-1.3,18.3696551146029));
#19871=CARTESIAN_POINT('Origin',(104.,-1.3,16.9262794416288));
#19872=CARTESIAN_POINT('',(104.,0.,16.9262794416288));
#19873=CARTESIAN_POINT('',(61.8549682452694,0.,-7.40616598697017));
#19874=CARTESIAN_POINT('',(104.,-2.6,16.9262794416288));
#19875=CARTESIAN_POINT('',(60.3603530029988,-2.6,-8.26908249943005));
#19876=CARTESIAN_POINT('',(104.,-1.3,16.9262794416288));
#19877=CARTESIAN_POINT('Origin',(104.,-1.3,14.0395280956807));
#19878=CARTESIAN_POINT('',(104.,0.,8.21976404784035));
#19879=CARTESIAN_POINT('',(104.,-2.6,7.01976404784035));
#19880=CARTESIAN_POINT('Origin',(37.5,-1.3,17.7923048454133));
#19881=CARTESIAN_POINT('',(35.,0.,19.2356805183873));
#19882=CARTESIAN_POINT('',(37.5,0.,17.7923048454133));
#19883=CARTESIAN_POINT('',(26.7700317547305,0.,23.9872549002157));
#19884=CARTESIAN_POINT('',(35.,-2.6,19.2356805183873));
#19885=CARTESIAN_POINT('',(35.,-1.3,19.2356805183873));
#19886=CARTESIAN_POINT('',(37.5,-2.6,17.7923048454133));
#19887=CARTESIAN_POINT('',(26.3146469970012,-2.6,24.2501714126756));
#19888=CARTESIAN_POINT('',(37.5,-1.3,17.7923048454133));
#19889=CARTESIAN_POINT('Origin',(40.,-1.3,19.2356805183873));
#19890=CARTESIAN_POINT('',(40.,0.,19.2356805183873));
#19891=CARTESIAN_POINT('',(21.3549682452694,0.,8.47096641574453));
#19892=CARTESIAN_POINT('',(40.,-2.6,19.2356805183873));
#19893=CARTESIAN_POINT('',(19.8603530029988,-2.6,7.60804990328464));
#19894=CARTESIAN_POINT('',(40.,-1.3,19.2356805183873));
#19895=CARTESIAN_POINT('Origin',(40.,-1.3,22.1224318643355));
#19896=CARTESIAN_POINT('',(40.,0.,22.1224318643355));
#19897=CARTESIAN_POINT('',(40.,0.,12.2612159321677));
#19898=CARTESIAN_POINT('',(40.,-2.6,22.1224318643355));
#19899=CARTESIAN_POINT('',(40.,-2.6,11.0612159321677));
#19900=CARTESIAN_POINT('',(40.,-1.3,22.1224318643355));
#19901=CARTESIAN_POINT('Origin',(37.5,-1.3,23.5658075373095));
#19902=CARTESIAN_POINT('',(37.5,0.,23.5658075373095));
#19903=CARTESIAN_POINT('',(28.0200317547306,0.,29.0390697556249));
#19904=CARTESIAN_POINT('',(37.5,-2.6,23.5658075373095));
#19905=CARTESIAN_POINT('',(27.5646469970012,-2.6,29.3019862680848));
#19906=CARTESIAN_POINT('',(37.5,-1.3,23.5658075373095));
#19907=CARTESIAN_POINT('Origin',(35.,-1.3,22.1224318643355));
#19908=CARTESIAN_POINT('',(35.,0.,22.1224318643355));
#19909=CARTESIAN_POINT('',(17.6049682452695,0.,12.0794055981797));
#19910=CARTESIAN_POINT('',(35.,-2.6,22.1224318643355));
#19911=CARTESIAN_POINT('',(16.1103530029988,-2.6,11.2164890857198));
#19912=CARTESIAN_POINT('',(35.,-1.3,22.1224318643355));
#19913=CARTESIAN_POINT('Origin',(35.,-1.3,19.2356805183873));
#19914=CARTESIAN_POINT('',(35.,0.,10.8178402591937));
#19915=CARTESIAN_POINT('',(35.,-2.6,9.61784025919366));
#19916=CARTESIAN_POINT('Origin',(49.5,-1.3,17.7923048454133));
#19917=CARTESIAN_POINT('',(47.,0.,19.2356805183873));
#19918=CARTESIAN_POINT('',(49.5,0.,17.7923048454133));
#19919=CARTESIAN_POINT('',(34.2700317547305,0.,26.585331111569));
#19920=CARTESIAN_POINT('',(47.,-2.6,19.2356805183873));
#19921=CARTESIAN_POINT('',(47.,-1.3,19.2356805183873));
#19922=CARTESIAN_POINT('',(49.5,-2.6,17.7923048454133));
#19923=CARTESIAN_POINT('',(33.8146469970012,-2.6,26.8482476240289));
#19924=CARTESIAN_POINT('',(49.5,-1.3,17.7923048454133));
#19925=CARTESIAN_POINT('Origin',(52.,-1.3,19.2356805183873));
#19926=CARTESIAN_POINT('',(52.,0.,19.2356805183873));
#19927=CARTESIAN_POINT('',(28.8549682452694,0.,5.87289020439121));
#19928=CARTESIAN_POINT('',(52.,-2.6,19.2356805183873));
#19929=CARTESIAN_POINT('',(27.3603530029988,-2.6,5.00997369193133));
#19930=CARTESIAN_POINT('',(52.,-1.3,19.2356805183873));
#19931=CARTESIAN_POINT('Origin',(52.,-1.3,22.1224318643355));
#19932=CARTESIAN_POINT('',(52.,0.,22.1224318643355));
#19933=CARTESIAN_POINT('',(52.,0.,12.2612159321677));
#19934=CARTESIAN_POINT('',(52.,-2.6,22.1224318643355));
#19935=CARTESIAN_POINT('',(52.,-2.6,11.0612159321677));
#19936=CARTESIAN_POINT('',(52.,-1.3,22.1224318643355));
#19937=CARTESIAN_POINT('Origin',(49.5,-1.3,23.5658075373095));
#19938=CARTESIAN_POINT('',(49.5,0.,23.5658075373095));
#19939=CARTESIAN_POINT('',(35.5200317547306,0.,31.6371459669783));
#19940=CARTESIAN_POINT('',(49.5,-2.6,23.5658075373095));
#19941=CARTESIAN_POINT('',(35.0646469970012,-2.6,31.9000624794381));
#19942=CARTESIAN_POINT('',(49.5,-1.3,23.5658075373095));
#19943=CARTESIAN_POINT('Origin',(47.,-1.3,22.1224318643355));
#19944=CARTESIAN_POINT('',(47.,0.,22.1224318643355));
#19945=CARTESIAN_POINT('',(25.1049682452695,0.,9.48132938682636));
#19946=CARTESIAN_POINT('',(47.,-2.6,22.1224318643355));
#19947=CARTESIAN_POINT('',(23.6103530029988,-2.6,8.61841287436648));
#19948=CARTESIAN_POINT('',(47.,-1.3,22.1224318643355));
#19949=CARTESIAN_POINT('Origin',(47.,-1.3,19.2356805183873));
#19950=CARTESIAN_POINT('',(47.,0.,10.8178402591937));
#19951=CARTESIAN_POINT('',(47.,-2.6,9.61784025919366));
#19952=CARTESIAN_POINT('Origin',(61.5,-1.3,17.7923048454133));
#19953=CARTESIAN_POINT('',(59.,0.,19.2356805183873));
#19954=CARTESIAN_POINT('',(61.5,0.,17.7923048454133));
#19955=CARTESIAN_POINT('',(41.7700317547305,0.,29.1834073229223));
#19956=CARTESIAN_POINT('',(59.,-2.6,19.2356805183873));
#19957=CARTESIAN_POINT('',(59.,-1.3,19.2356805183873));
#19958=CARTESIAN_POINT('',(61.5,-2.6,17.7923048454133));
#19959=CARTESIAN_POINT('',(41.3146469970012,-2.6,29.4463238353822));
#19960=CARTESIAN_POINT('',(61.5,-1.3,17.7923048454133));
#19961=CARTESIAN_POINT('Origin',(64.,-1.3,19.2356805183873));
#19962=CARTESIAN_POINT('',(64.,0.,19.2356805183873));
#19963=CARTESIAN_POINT('',(36.3549682452694,0.,3.2748139930379));
#19964=CARTESIAN_POINT('',(64.,-2.6,19.2356805183873));
#19965=CARTESIAN_POINT('',(34.8603530029988,-2.6,2.41189748057802));
#19966=CARTESIAN_POINT('',(64.,-1.3,19.2356805183873));
#19967=CARTESIAN_POINT('Origin',(64.,-1.3,22.1224318643355));
#19968=CARTESIAN_POINT('',(64.,0.,22.1224318643355));
#19969=CARTESIAN_POINT('',(64.,0.,12.2612159321677));
#19970=CARTESIAN_POINT('',(64.,-2.6,22.1224318643355));
#19971=CARTESIAN_POINT('',(64.,-2.6,11.0612159321677));
#19972=CARTESIAN_POINT('',(64.,-1.3,22.1224318643355));
#19973=CARTESIAN_POINT('Origin',(61.5,-1.3,23.5658075373095));
#19974=CARTESIAN_POINT('',(61.5,0.,23.5658075373095));
#19975=CARTESIAN_POINT('',(43.0200317547306,0.,34.2352221783316));
#19976=CARTESIAN_POINT('',(61.5,-2.6,23.5658075373095));
#19977=CARTESIAN_POINT('',(42.5646469970012,-2.6,34.4981386907915));
#19978=CARTESIAN_POINT('',(61.5,-1.3,23.5658075373095));
#19979=CARTESIAN_POINT('Origin',(59.,-1.3,22.1224318643355));
#19980=CARTESIAN_POINT('',(59.,0.,22.1224318643355));
#19981=CARTESIAN_POINT('',(32.6049682452695,0.,6.88325317547305));
#19982=CARTESIAN_POINT('',(59.,-2.6,22.1224318643355));
#19983=CARTESIAN_POINT('',(31.1103530029988,-2.6,6.02033666301316));
#19984=CARTESIAN_POINT('',(59.,-1.3,22.1224318643355));
#19985=CARTESIAN_POINT('Origin',(59.,-1.3,19.2356805183873));
#19986=CARTESIAN_POINT('',(59.,0.,10.8178402591937));
#19987=CARTESIAN_POINT('',(59.,-2.6,9.61784025919366));
#19988=CARTESIAN_POINT('Origin',(73.5,-1.3,17.7923048454133));
#19989=CARTESIAN_POINT('',(71.,0.,19.2356805183873));
#19990=CARTESIAN_POINT('',(73.5,0.,17.7923048454133));
#19991=CARTESIAN_POINT('',(49.2700317547305,0.,31.7814835342757));
#19992=CARTESIAN_POINT('',(71.,-2.6,19.2356805183873));
#19993=CARTESIAN_POINT('',(71.,-1.3,19.2356805183873));
#19994=CARTESIAN_POINT('',(73.5,-2.6,17.7923048454133));
#19995=CARTESIAN_POINT('',(48.8146469970012,-2.6,32.0444000467355));
#19996=CARTESIAN_POINT('',(73.5,-1.3,17.7923048454133));
#19997=CARTESIAN_POINT('Origin',(76.,-1.3,19.2356805183873));
#19998=CARTESIAN_POINT('',(76.,0.,19.2356805183873));
#19999=CARTESIAN_POINT('',(43.8549682452694,0.,0.676737781684587));
#20000=CARTESIAN_POINT('',(76.,-2.6,19.2356805183873));
#20001=CARTESIAN_POINT('',(42.3603530029988,-2.6,-0.186178730775297));
#20002=CARTESIAN_POINT('',(76.,-1.3,19.2356805183873));
#20003=CARTESIAN_POINT('Origin',(76.,-1.3,22.1224318643355));
#20004=CARTESIAN_POINT('',(76.,0.,22.1224318643355));
#20005=CARTESIAN_POINT('',(76.,0.,12.2612159321677));
#20006=CARTESIAN_POINT('',(76.,-2.6,22.1224318643355));
#20007=CARTESIAN_POINT('',(76.,-2.6,11.0612159321677));
#20008=CARTESIAN_POINT('',(76.,-1.3,22.1224318643355));
#20009=CARTESIAN_POINT('Origin',(73.5,-1.3,23.5658075373095));
#20010=CARTESIAN_POINT('',(73.5,0.,23.5658075373095));
#20011=CARTESIAN_POINT('',(50.5200317547305,0.,36.8332983896849));
#20012=CARTESIAN_POINT('',(73.5,-2.6,23.5658075373095));
#20013=CARTESIAN_POINT('',(50.0646469970012,-2.6,37.0962149021448));
#20014=CARTESIAN_POINT('',(73.5,-1.3,23.5658075373095));
#20015=CARTESIAN_POINT('Origin',(71.,-1.3,22.1224318643355));
#20016=CARTESIAN_POINT('',(71.,0.,22.1224318643355));
#20017=CARTESIAN_POINT('',(40.1049682452695,0.,4.28517696411973));
#20018=CARTESIAN_POINT('',(71.,-2.6,22.1224318643355));
#20019=CARTESIAN_POINT('',(38.6103530029988,-2.6,3.42226045165985));
#20020=CARTESIAN_POINT('',(71.,-1.3,22.1224318643355));
#20021=CARTESIAN_POINT('Origin',(71.,-1.3,19.2356805183873));
#20022=CARTESIAN_POINT('',(71.,0.,10.8178402591937));
#20023=CARTESIAN_POINT('',(71.,-2.6,9.61784025919366));
#20024=CARTESIAN_POINT('Origin',(85.5,-1.3,17.7923048454133));
#20025=CARTESIAN_POINT('',(83.,0.,19.2356805183873));
#20026=CARTESIAN_POINT('',(85.5,0.,17.7923048454133));
#20027=CARTESIAN_POINT('',(56.7700317547305,0.,34.379559745629));
#20028=CARTESIAN_POINT('',(83.,-2.6,19.2356805183873));
#20029=CARTESIAN_POINT('',(83.,-1.3,19.2356805183873));
#20030=CARTESIAN_POINT('',(85.5,-2.6,17.7923048454133));
#20031=CARTESIAN_POINT('',(56.3146469970012,-2.6,34.6424762580889));
#20032=CARTESIAN_POINT('',(85.5,-1.3,17.7923048454133));
#20033=CARTESIAN_POINT('Origin',(88.,-1.3,19.2356805183873));
#20034=CARTESIAN_POINT('',(88.,0.,19.2356805183873));
#20035=CARTESIAN_POINT('',(51.3549682452694,0.,-1.92133842966873));
#20036=CARTESIAN_POINT('',(88.,-2.6,19.2356805183873));
#20037=CARTESIAN_POINT('',(49.8603530029988,-2.6,-2.78425494212861));
#20038=CARTESIAN_POINT('',(88.,-1.3,19.2356805183873));
#20039=CARTESIAN_POINT('Origin',(88.,-1.3,22.1224318643355));
#20040=CARTESIAN_POINT('',(88.,0.,22.1224318643355));
#20041=CARTESIAN_POINT('',(88.,0.,12.2612159321677));
#20042=CARTESIAN_POINT('',(88.,-2.6,22.1224318643355));
#20043=CARTESIAN_POINT('',(88.,-2.6,11.0612159321677));
#20044=CARTESIAN_POINT('',(88.,-1.3,22.1224318643355));
#20045=CARTESIAN_POINT('Origin',(85.5,-1.3,23.5658075373095));
#20046=CARTESIAN_POINT('',(85.5,0.,23.5658075373095));
#20047=CARTESIAN_POINT('',(58.0200317547305,0.,39.4313746010382));
#20048=CARTESIAN_POINT('',(85.5,-2.6,23.5658075373095));
#20049=CARTESIAN_POINT('',(57.5646469970012,-2.6,39.6942911134981));
#20050=CARTESIAN_POINT('',(85.5,-1.3,23.5658075373095));
#20051=CARTESIAN_POINT('Origin',(83.,-1.3,22.1224318643355));
#20052=CARTESIAN_POINT('',(83.,0.,22.1224318643355));
#20053=CARTESIAN_POINT('',(47.6049682452694,0.,1.68710075276642));
#20054=CARTESIAN_POINT('',(83.,-2.6,22.1224318643355));
#20055=CARTESIAN_POINT('',(46.1103530029988,-2.6,0.824184240306531));
#20056=CARTESIAN_POINT('',(83.,-1.3,22.1224318643355));
#20057=CARTESIAN_POINT('Origin',(83.,-1.3,19.2356805183873));
#20058=CARTESIAN_POINT('',(83.,0.,10.8178402591937));
#20059=CARTESIAN_POINT('',(83.,-2.6,9.61784025919366));
#20060=CARTESIAN_POINT('Origin',(97.5,-1.3,17.7923048454133));
#20061=CARTESIAN_POINT('',(95.,0.,19.2356805183873));
#20062=CARTESIAN_POINT('',(97.5,0.,17.7923048454133));
#20063=CARTESIAN_POINT('',(64.2700317547305,0.,36.9776359569823));
#20064=CARTESIAN_POINT('',(95.,-2.6,19.2356805183873));
#20065=CARTESIAN_POINT('',(95.,-1.3,19.2356805183873));
#20066=CARTESIAN_POINT('',(97.5,-2.6,17.7923048454133));
#20067=CARTESIAN_POINT('',(63.8146469970012,-2.6,37.2405524694422));
#20068=CARTESIAN_POINT('',(97.5,-1.3,17.7923048454133));
#20069=CARTESIAN_POINT('Origin',(100.,-1.3,19.2356805183873));
#20070=CARTESIAN_POINT('',(100.,0.,19.2356805183873));
#20071=CARTESIAN_POINT('',(58.8549682452694,0.,-4.51941464102204));
#20072=CARTESIAN_POINT('',(100.,-2.6,19.2356805183873));
#20073=CARTESIAN_POINT('',(57.3603530029988,-2.6,-5.38233115348192));
#20074=CARTESIAN_POINT('',(100.,-1.3,19.2356805183873));
#20075=CARTESIAN_POINT('Origin',(100.,-1.3,22.1224318643355));
#20076=CARTESIAN_POINT('',(100.,0.,22.1224318643355));
#20077=CARTESIAN_POINT('',(100.,0.,12.2612159321677));
#20078=CARTESIAN_POINT('',(100.,-2.6,22.1224318643355));
#20079=CARTESIAN_POINT('',(100.,-2.6,11.0612159321677));
#20080=CARTESIAN_POINT('',(100.,-1.3,22.1224318643355));
#20081=CARTESIAN_POINT('Origin',(97.5,-1.3,23.5658075373095));
#20082=CARTESIAN_POINT('',(97.5,0.,23.5658075373095));
#20083=CARTESIAN_POINT('',(65.5200317547306,0.,42.0294508123915));
#20084=CARTESIAN_POINT('',(97.5,-2.6,23.5658075373095));
#20085=CARTESIAN_POINT('',(65.0646469970012,-2.6,42.2923673248514));
#20086=CARTESIAN_POINT('',(97.5,-1.3,23.5658075373095));
#20087=CARTESIAN_POINT('Origin',(95.,-1.3,22.1224318643355));
#20088=CARTESIAN_POINT('',(95.,0.,22.1224318643355));
#20089=CARTESIAN_POINT('',(55.1049682452694,0.,-0.910975458586902));
#20090=CARTESIAN_POINT('',(95.,-2.6,22.1224318643355));
#20091=CARTESIAN_POINT('',(53.6103530029988,-2.6,-1.77389197104679));
#20092=CARTESIAN_POINT('',(95.,-1.3,22.1224318643355));
#20093=CARTESIAN_POINT('Origin',(95.,-1.3,19.2356805183873));
#20094=CARTESIAN_POINT('',(95.,0.,10.8178402591937));
#20095=CARTESIAN_POINT('',(95.,-2.6,9.61784025919366));
#20096=CARTESIAN_POINT('Origin',(109.5,-1.3,17.7923048454133));
#20097=CARTESIAN_POINT('',(107.,0.,19.2356805183873));
#20098=CARTESIAN_POINT('',(109.5,0.,17.7923048454133));
#20099=CARTESIAN_POINT('',(71.7700317547305,0.,39.5757121683356));
#20100=CARTESIAN_POINT('',(107.,-2.6,19.2356805183873));
#20101=CARTESIAN_POINT('',(107.,-1.3,19.2356805183873));
#20102=CARTESIAN_POINT('',(109.5,-2.6,17.7923048454133));
#20103=CARTESIAN_POINT('',(71.3146469970012,-2.6,39.8386286807955));
#20104=CARTESIAN_POINT('',(109.5,-1.3,17.7923048454133));
#20105=CARTESIAN_POINT('Origin',(112.,-1.3,19.2356805183873));
#20106=CARTESIAN_POINT('',(112.,0.,19.2356805183873));
#20107=CARTESIAN_POINT('',(66.3549682452694,0.,-7.11749085237536));
#20108=CARTESIAN_POINT('',(112.,-2.6,19.2356805183873));
#20109=CARTESIAN_POINT('',(64.8603530029987,-2.6,-7.98040736483524));
#20110=CARTESIAN_POINT('',(112.,-1.3,19.2356805183873));
#20111=CARTESIAN_POINT('Origin',(112.,-1.3,22.1224318643355));
#20112=CARTESIAN_POINT('',(112.,0.,22.1224318643355));
#20113=CARTESIAN_POINT('',(112.,0.,12.2612159321677));
#20114=CARTESIAN_POINT('',(112.,-2.6,22.1224318643355));
#20115=CARTESIAN_POINT('',(112.,-2.6,11.0612159321677));
#20116=CARTESIAN_POINT('',(112.,-1.3,22.1224318643355));
#20117=CARTESIAN_POINT('Origin',(109.5,-1.3,23.5658075373095));
#20118=CARTESIAN_POINT('',(109.5,0.,23.5658075373095));
#20119=CARTESIAN_POINT('',(73.0200317547305,0.,44.6275270237448));
#20120=CARTESIAN_POINT('',(109.5,-2.6,23.5658075373095));
#20121=CARTESIAN_POINT('',(72.5646469970012,-2.6,44.8904435362047));
#20122=CARTESIAN_POINT('',(109.5,-1.3,23.5658075373095));
#20123=CARTESIAN_POINT('Origin',(107.,-1.3,22.1224318643355));
#20124=CARTESIAN_POINT('',(107.,0.,22.1224318643355));
#20125=CARTESIAN_POINT('',(62.6049682452694,0.,-3.50905166994022));
#20126=CARTESIAN_POINT('',(107.,-2.6,22.1224318643355));
#20127=CARTESIAN_POINT('',(61.1103530029988,-2.6,-4.3719681824001));
#20128=CARTESIAN_POINT('',(107.,-1.3,22.1224318643355));
#20129=CARTESIAN_POINT('Origin',(107.,-1.3,19.2356805183873));
#20130=CARTESIAN_POINT('',(107.,0.,10.8178402591937));
#20131=CARTESIAN_POINT('',(107.,-2.6,9.61784025919366));
#20132=CARTESIAN_POINT('Origin',(126.,-1.3,25.));
#20133=CARTESIAN_POINT('',(124.,-2.6,25.));
#20134=CARTESIAN_POINT('Origin',(126.,-2.6,25.));
#20135=CARTESIAN_POINT('',(124.,0.,25.));
#20136=CARTESIAN_POINT('',(124.,-1.3,25.));
#20137=CARTESIAN_POINT('Origin',(126.,0.,25.));
#20138=CARTESIAN_POINT('Origin',(132.,79.3,12.4));
#20139=CARTESIAN_POINT('',(132.,78.,12.4));
#20140=CARTESIAN_POINT('',(132.,78.,5.4));
#20141=CARTESIAN_POINT('',(132.,78.,7.4));
#20142=CARTESIAN_POINT('',(132.,80.6,12.4));
#20143=CARTESIAN_POINT('',(132.,79.3,12.4));
#20144=CARTESIAN_POINT('',(132.,80.6,5.4));
#20145=CARTESIAN_POINT('',(132.,80.6,6.2));
#20146=CARTESIAN_POINT('',(132.,79.3,5.4));
#20147=CARTESIAN_POINT('Origin',(132.,79.3,5.4));
#20148=CARTESIAN_POINT('',(120.,78.,5.4));
#20149=CARTESIAN_POINT('',(141.,78.,5.4));
#20150=CARTESIAN_POINT('',(120.,80.6,5.4));
#20151=CARTESIAN_POINT('',(142.3,80.6,5.4));
#20152=CARTESIAN_POINT('',(120.,79.3,5.4));
#20153=CARTESIAN_POINT('Origin',(120.,79.3,5.4));
#20154=CARTESIAN_POINT('',(120.,78.,12.4));
#20155=CARTESIAN_POINT('',(120.,78.,3.9));
#20156=CARTESIAN_POINT('',(120.,80.6,12.4));
#20157=CARTESIAN_POINT('',(120.,80.6,2.7));
#20158=CARTESIAN_POINT('',(120.,79.3,12.4));
#20159=CARTESIAN_POINT('Origin',(120.,79.3,12.4));
#20160=CARTESIAN_POINT('',(135.,78.,12.4));
#20161=CARTESIAN_POINT('',(136.3,80.6,12.4));
#20162=CARTESIAN_POINT('Origin',(57.,79.3,18.9));
#20163=CARTESIAN_POINT('',(57.,78.,18.9));
#20164=CARTESIAN_POINT('',(57.,78.,9.9));
#20165=CARTESIAN_POINT('',(57.,78.,10.65));
#20166=CARTESIAN_POINT('',(57.,80.6,18.9));
#20167=CARTESIAN_POINT('',(57.,79.3,18.9));
#20168=CARTESIAN_POINT('',(57.,80.6,9.9));
#20169=CARTESIAN_POINT('',(57.,80.6,9.45));
#20170=CARTESIAN_POINT('',(57.,79.3,9.9));
#20171=CARTESIAN_POINT('Origin',(57.,79.3,9.9));
#20172=CARTESIAN_POINT('',(43.,78.,9.9));
#20173=CARTESIAN_POINT('',(103.5,78.,9.9));
#20174=CARTESIAN_POINT('',(43.,80.6,9.9));
#20175=CARTESIAN_POINT('',(104.8,80.6,9.9));
#20176=CARTESIAN_POINT('',(43.,79.3,9.9));
#20177=CARTESIAN_POINT('Origin',(43.,79.3,9.9));
#20178=CARTESIAN_POINT('',(43.,78.,18.9));
#20179=CARTESIAN_POINT('',(43.,78.,6.15));
#20180=CARTESIAN_POINT('',(43.,80.6,18.9));
#20181=CARTESIAN_POINT('',(43.,80.6,4.95));
#20182=CARTESIAN_POINT('',(43.,79.3,18.9));
#20183=CARTESIAN_POINT('Origin',(43.,79.3,18.9));
#20184=CARTESIAN_POINT('',(96.5,78.,18.9));
#20185=CARTESIAN_POINT('',(97.8,80.6,18.9));
#20186=CARTESIAN_POINT('Origin',(25.,79.3,14.4));
#20187=CARTESIAN_POINT('',(14.,78.,14.4));
#20188=CARTESIAN_POINT('Origin',(25.,78.,14.4));
#20189=CARTESIAN_POINT('',(14.,80.6,14.4));
#20190=CARTESIAN_POINT('',(14.,79.3,14.4));
#20191=CARTESIAN_POINT('Origin',(25.,80.6,14.4));
#20192=CARTESIAN_POINT('Origin',(4.,74.,32.4));
#20193=CARTESIAN_POINT('',(1.95,74.,32.4));
#20194=CARTESIAN_POINT('Origin',(4.,74.,32.4));
#20195=CARTESIAN_POINT('',(1.95,74.,26.4));
#20196=CARTESIAN_POINT('',(1.95,74.,32.4));
#20197=CARTESIAN_POINT('Origin',(4.,74.,26.4));
#20198=CARTESIAN_POINT('Origin',(4.,74.,26.4));
#20199=CARTESIAN_POINT('Origin',(146.,4.,32.4));
#20200=CARTESIAN_POINT('',(143.95,4.,32.4));
#20201=CARTESIAN_POINT('Origin',(146.,4.,32.4));
#20202=CARTESIAN_POINT('',(143.95,4.,26.4));
#20203=CARTESIAN_POINT('',(143.95,4.,32.4));
#20204=CARTESIAN_POINT('Origin',(146.,4.,26.4));
#20205=CARTESIAN_POINT('Origin',(146.,4.,26.4));
#20206=CARTESIAN_POINT('Origin',(4.,4.,32.4));
#20207=CARTESIAN_POINT('',(1.95,4.,32.4));
#20208=CARTESIAN_POINT('Origin',(4.,4.,32.4));
#20209=CARTESIAN_POINT('',(1.95,4.,26.4));
#20210=CARTESIAN_POINT('',(1.95,4.,32.4));
#20211=CARTESIAN_POINT('Origin',(4.,4.,26.4));
#20212=CARTESIAN_POINT('Origin',(4.,4.,26.4));
#20213=CARTESIAN_POINT('Origin',(146.,74.,32.4));
#20214=CARTESIAN_POINT('',(143.95,74.,32.4));
#20215=CARTESIAN_POINT('Origin',(146.,74.,32.4));
#20216=CARTESIAN_POINT('',(143.95,74.,26.4));
#20217=CARTESIAN_POINT('',(143.95,74.,32.4));
#20218=CARTESIAN_POINT('Origin',(146.,74.,26.4));
#20219=CARTESIAN_POINT('Origin',(146.,74.,26.4));
#20220=CARTESIAN_POINT('Origin',(146.,74.,2.4));
#20221=CARTESIAN_POINT('',(150.,74.,2.4));
#20222=CARTESIAN_POINT('',(150.,74.,32.4));
#20223=CARTESIAN_POINT('',(150.,74.,2.4));
#20224=CARTESIAN_POINT('',(146.,78.,2.4));
#20225=CARTESIAN_POINT('Origin',(146.,74.,2.4));
#20226=CARTESIAN_POINT('',(146.,78.,32.4));
#20227=CARTESIAN_POINT('',(146.,78.,2.4));
#20228=CARTESIAN_POINT('Origin',(146.,74.,32.4));
#20229=CARTESIAN_POINT('Origin',(146.,74.,2.4));
#20230=CARTESIAN_POINT('Origin',(146.,74.,32.4));
#20231=CARTESIAN_POINT('Origin',(146.,74.,2.4));
#20232=CARTESIAN_POINT('Origin',(146.,74.,32.4));
#20233=CARTESIAN_POINT('Origin',(150.,0.,2.4));
#20234=CARTESIAN_POINT('',(150.,74.,2.4));
#20235=CARTESIAN_POINT('',(150.,4.,2.4));
#20236=CARTESIAN_POINT('',(150.,0.,2.4));
#20237=CARTESIAN_POINT('',(150.,4.,32.4));
#20238=CARTESIAN_POINT('',(150.,4.,2.4));
#20239=CARTESIAN_POINT('',(150.,19.5,32.4));
#20240=CARTESIAN_POINT('Origin',(150.,78.,2.4));
#20241=CARTESIAN_POINT('',(146.,78.,2.4));
#20242=CARTESIAN_POINT('',(150.,78.,2.4));
#20243=CARTESIAN_POINT('',(150.,78.,2.4));
#20244=CARTESIAN_POINT('',(150.,78.,32.4));
#20245=CARTESIAN_POINT('',(150.,78.,2.4));
#20246=CARTESIAN_POINT('',(112.5,78.,32.4));
#20247=CARTESIAN_POINT('Origin',(75.,39.,2.4));
#20248=CARTESIAN_POINT('',(150.,0.,2.4));
#20249=CARTESIAN_POINT('Origin',(75.,39.,2.4));
#20250=CARTESIAN_POINT('',(4.,78.,2.4));
#20251=CARTESIAN_POINT('',(150.,78.,2.4));
#20252=CARTESIAN_POINT('',(0.,74.,2.4));
#20253=CARTESIAN_POINT('Origin',(4.,74.,2.4));
#20254=CARTESIAN_POINT('',(0.,4.,2.4));
#20255=CARTESIAN_POINT('',(0.,78.,2.4));
#20256=CARTESIAN_POINT('',(4.,0.,2.4));
#20257=CARTESIAN_POINT('Origin',(4.,4.,2.4));
#20258=CARTESIAN_POINT('',(146.,0.,2.4));
#20259=CARTESIAN_POINT('',(0.,0.,2.4));
#20260=CARTESIAN_POINT('Origin',(146.,4.,2.4));
#20261=CARTESIAN_POINT('Origin',(4.,4.,2.4));
#20262=CARTESIAN_POINT('',(0.,4.,32.4));
#20263=CARTESIAN_POINT('',(0.,4.,2.4));
#20264=CARTESIAN_POINT('Origin',(4.,4.,2.4));
#20265=CARTESIAN_POINT('',(4.,0.,32.4));
#20266=CARTESIAN_POINT('',(4.,0.,2.4));
#20267=CARTESIAN_POINT('Origin',(4.,4.,32.4));
#20268=CARTESIAN_POINT('Origin',(4.,4.,2.4));
#20269=CARTESIAN_POINT('Origin',(4.,4.,32.4));
#20270=CARTESIAN_POINT('Origin',(4.,4.,32.4));
#20271=CARTESIAN_POINT('Origin',(0.,78.,2.4));
#20272=CARTESIAN_POINT('',(0.,4.,2.4));
#20273=CARTESIAN_POINT('',(0.,74.,32.4));
#20274=CARTESIAN_POINT('',(0.,74.,2.4));
#20275=CARTESIAN_POINT('',(0.,58.5,32.4));
#20276=CARTESIAN_POINT('Origin',(75.,39.,2.4));
#20277=CARTESIAN_POINT('',(0.,0.,2.4));
#20278=CARTESIAN_POINT('',(0.,78.,2.4));
#20279=CARTESIAN_POINT('',(0.,0.,2.4));
#20280=CARTESIAN_POINT('Origin',(0.,0.,2.4));
#20281=CARTESIAN_POINT('',(4.,0.,2.4));
#20282=CARTESIAN_POINT('',(0.,0.,32.4));
#20283=CARTESIAN_POINT('',(0.,0.,2.4));
#20284=CARTESIAN_POINT('',(37.5,0.,32.4));
#20285=CARTESIAN_POINT('Origin',(146.,4.,2.4));
#20286=CARTESIAN_POINT('',(146.,0.,32.4));
#20287=CARTESIAN_POINT('',(146.,0.,2.4));
#20288=CARTESIAN_POINT('Origin',(146.,4.,2.4));
#20289=CARTESIAN_POINT('',(150.,4.,2.4));
#20290=CARTESIAN_POINT('Origin',(146.,4.,32.4));
#20291=CARTESIAN_POINT('Origin',(146.,4.,2.4));
#20292=CARTESIAN_POINT('Origin',(146.,4.,32.4));
#20293=CARTESIAN_POINT('Origin',(146.,4.,32.4));
#20294=CARTESIAN_POINT('Origin',(0.,0.,2.4));
#20295=CARTESIAN_POINT('',(37.5,0.,32.4));
#20296=CARTESIAN_POINT('',(146.,0.,2.4));
#20297=CARTESIAN_POINT('Origin',(150.,0.,2.4));
#20298=CARTESIAN_POINT('',(150.,0.,2.4));
#20299=CARTESIAN_POINT('',(150.,0.,2.4));
#20300=CARTESIAN_POINT('',(150.,0.,32.4));
#20301=CARTESIAN_POINT('',(150.,0.,2.4));
#20302=CARTESIAN_POINT('',(150.,19.5,32.4));
#20303=CARTESIAN_POINT('Origin',(75.,39.,2.4));
#20304=CARTESIAN_POINT('',(0.,0.,2.4));
#20305=CARTESIAN_POINT('Origin',(4.,74.,2.4));
#20306=CARTESIAN_POINT('',(0.,74.,2.4));
#20307=CARTESIAN_POINT('',(4.,78.,32.4));
#20308=CARTESIAN_POINT('',(4.,78.,2.4));
#20309=CARTESIAN_POINT('Origin',(4.,74.,32.4));
#20310=CARTESIAN_POINT('Origin',(4.,74.,2.4));
#20311=CARTESIAN_POINT('Origin',(4.,74.,32.4));
#20312=CARTESIAN_POINT('Origin',(4.,74.,2.4));
#20313=CARTESIAN_POINT('Origin',(4.,74.,32.4));
#20314=CARTESIAN_POINT('Origin',(0.,78.,2.4));
#20315=CARTESIAN_POINT('',(0.,78.,2.4));
#20316=CARTESIAN_POINT('',(0.,78.,2.4));
#20317=CARTESIAN_POINT('',(0.,78.,32.4));
#20318=CARTESIAN_POINT('',(0.,78.,2.4));
#20319=CARTESIAN_POINT('',(0.,58.5,32.4));
#20320=CARTESIAN_POINT('Origin',(75.,39.,2.4));
#20321=CARTESIAN_POINT('',(150.,78.,2.4));
#20322=CARTESIAN_POINT('Origin',(150.,78.,2.4));
#20323=CARTESIAN_POINT('',(112.5,78.,32.4));
#20324=CARTESIAN_POINT('',(4.,78.,2.4));
#20325=CARTESIAN_POINT('Origin',(3.4,3.4,1.25));
#20326=CARTESIAN_POINT('',(3.4,-0.100000000000002,0.));
#20327=CARTESIAN_POINT('',(3.4,-2.6,2.5));
#20328=CARTESIAN_POINT('',(3.4,-0.100000000000002,0.));
#20329=CARTESIAN_POINT('',(-2.6,3.4,2.5));
#20330=CARTESIAN_POINT('Origin',(3.4,3.4,2.5));
#20331=CARTESIAN_POINT('',(-0.0999999999999995,3.4,0.));
#20332=CARTESIAN_POINT('',(-2.6,3.4,2.5));
#20333=CARTESIAN_POINT('Origin',(3.4,3.4,0.));
#20334=CARTESIAN_POINT('Origin',(36.2,-1.35,1.25));
#20335=CARTESIAN_POINT('',(146.6,-0.0999999999999979,0.));
#20336=CARTESIAN_POINT('',(146.6,-2.6,2.5));
#20337=CARTESIAN_POINT('',(146.6,-0.0999999999999979,0.));
#20338=CARTESIAN_POINT('',(36.2,-2.6,2.5));
#20339=CARTESIAN_POINT('',(36.2,-0.0999999999999979,0.));
#20340=CARTESIAN_POINT('Origin',(146.6,3.4,1.25));
#20341=CARTESIAN_POINT('',(150.1,3.4,0.));
#20342=CARTESIAN_POINT('',(152.6,3.4,2.5));
#20343=CARTESIAN_POINT('',(150.1,3.4,0.));
#20344=CARTESIAN_POINT('Origin',(146.6,3.4,2.5));
#20345=CARTESIAN_POINT('Origin',(146.6,3.4,0.));
#20346=CARTESIAN_POINT('Origin',(151.35,18.2,1.25));
#20347=CARTESIAN_POINT('',(150.1,74.6,0.));
#20348=CARTESIAN_POINT('',(152.6,74.6,2.5));
#20349=CARTESIAN_POINT('',(150.1,74.6,0.));
#20350=CARTESIAN_POINT('',(152.6,18.2,2.5));
#20351=CARTESIAN_POINT('',(150.1,18.2,0.));
#20352=CARTESIAN_POINT('Origin',(146.6,74.6,1.25));
#20353=CARTESIAN_POINT('',(146.6,78.1,0.));
#20354=CARTESIAN_POINT('',(146.6,80.6,2.5));
#20355=CARTESIAN_POINT('',(146.6,78.1,0.));
#20356=CARTESIAN_POINT('Origin',(146.6,74.6,2.5));
#20357=CARTESIAN_POINT('Origin',(146.6,74.6,0.));
#20358=CARTESIAN_POINT('Origin',(113.8,79.35,1.25));
#20359=CARTESIAN_POINT('',(3.4,78.1,0.));
#20360=CARTESIAN_POINT('',(3.4,80.6,2.5));
#20361=CARTESIAN_POINT('',(3.4,78.1,0.));
#20362=CARTESIAN_POINT('',(113.8,80.6,2.5));
#20363=CARTESIAN_POINT('',(113.8,78.1,0.));
#20364=CARTESIAN_POINT('Origin',(3.4,74.6,1.25));
#20365=CARTESIAN_POINT('',(-0.100000000000006,74.6,0.));
#20366=CARTESIAN_POINT('',(-2.6,74.6,2.5));
#20367=CARTESIAN_POINT('',(-0.100000000000006,74.6,0.));
#20368=CARTESIAN_POINT('Origin',(3.4,74.6,2.5));
#20369=CARTESIAN_POINT('Origin',(3.4,74.6,0.));
#20370=CARTESIAN_POINT('Origin',(-1.35,59.8,1.25));
#20371=CARTESIAN_POINT('',(-2.6,59.8,2.5));
#20372=CARTESIAN_POINT('',(-0.0999999999999979,59.8,0.));
#20373=CARTESIAN_POINT('Origin',(152.6,80.6,0.));
#20374=CARTESIAN_POINT('',(3.4,80.6,32.4));
#20375=CARTESIAN_POINT('',(3.4,80.6,0.));
#20376=CARTESIAN_POINT('',(146.6,80.6,32.4));
#20377=CARTESIAN_POINT('',(152.6,80.6,32.4));
#20378=CARTESIAN_POINT('',(146.6,80.6,0.));
#20379=CARTESIAN_POINT('Origin',(3.4,74.6,0.));
#20380=CARTESIAN_POINT('',(-2.6,74.6,32.4));
#20381=CARTESIAN_POINT('',(-2.6,74.6,0.));
#20382=CARTESIAN_POINT('Origin',(3.4,74.6,32.4));
#20383=CARTESIAN_POINT('Origin',(-2.6,80.6,0.));
#20384=CARTESIAN_POINT('',(-2.6,3.4,32.4));
#20385=CARTESIAN_POINT('',(-2.6,3.4,0.));
#20386=CARTESIAN_POINT('',(-2.6,80.6,32.4));
#20387=CARTESIAN_POINT('Origin',(3.4,3.4,0.));
#20388=CARTESIAN_POINT('',(3.4,-2.6,32.4));
#20389=CARTESIAN_POINT('',(3.4,-2.6,0.));
#20390=CARTESIAN_POINT('Origin',(3.4,3.4,32.4));
#20391=CARTESIAN_POINT('Origin',(75.,39.,0.));
#20392=CARTESIAN_POINT('Origin',(0.,0.,2.4));
#20393=CARTESIAN_POINT('',(37.5,0.,32.4));
#20394=CARTESIAN_POINT('Origin',(0.,78.,2.4));
#20395=CARTESIAN_POINT('',(0.,58.5,32.4));
#20396=CARTESIAN_POINT('Origin',(150.,78.,2.4));
#20397=CARTESIAN_POINT('',(112.5,78.,32.4));
#20398=CARTESIAN_POINT('Origin',(150.,0.,2.4));
#20399=CARTESIAN_POINT('',(150.,19.5,32.4));
#20400=CARTESIAN_POINT('Origin',(75.,39.,32.4));
#20401=CARTESIAN_POINT('',(146.6,-2.6,32.4));
#20402=CARTESIAN_POINT('',(-2.6,-2.6,32.4));
#20403=CARTESIAN_POINT('',(152.6,3.4,32.4));
#20404=CARTESIAN_POINT('Origin',(146.6,3.4,32.4));
#20405=CARTESIAN_POINT('',(152.6,74.6,32.4));
#20406=CARTESIAN_POINT('',(152.6,-2.6,32.4));
#20407=CARTESIAN_POINT('Origin',(146.6,74.6,32.4));
#20408=CARTESIAN_POINT('Origin',(146.6,3.4,0.));
#20409=CARTESIAN_POINT('',(152.6,3.4,0.));
#20410=CARTESIAN_POINT('',(146.6,-2.6,0.));
#20411=CARTESIAN_POINT('Origin',(152.6,-2.6,0.));
#20412=CARTESIAN_POINT('',(152.6,74.6,0.));
#20413=CARTESIAN_POINT('Origin',(146.6,74.6,0.));
#20414=CARTESIAN_POINT('Origin',(-2.6,-2.6,0.));
#20415=CARTESIAN_POINT('',(0.,0.,0.));
#20416=CARTESIAN_POINT('',(0.,0.,0.));
#20417=CARTESIAN_POINT('',(0.,0.,0.));
#20418=UNCERTAINTY_MEASURE_WITH_UNIT(LENGTH_MEASURE(0.01),#20428,
'DISTANCE_ACCURACY_VALUE',
'Maximum model space distance between geometric entities at asserted c
onnectivities');
#20419=UNCERTAINTY_MEASURE_WITH_UNIT(LENGTH_MEASURE(0.01),#20428,
'DISTANCE_ACCURACY_VALUE',
'Maximum model space distance between geometric entities at asserted c
onnectivities');
#20420=UNCERTAINTY_MEASURE_WITH_UNIT(LENGTH_MEASURE(0.01),#20428,
'DISTANCE_ACCURACY_VALUE',
'Maximum model space distance between geometric entities at asserted c
onnectivities');
#20421=UNCERTAINTY_MEASURE_WITH_UNIT(LENGTH_MEASURE(0.01),#20428,
'DISTANCE_ACCURACY_VALUE',
'Maximum model space distance between geometric entities at asserted c
onnectivities');
#20422=UNCERTAINTY_MEASURE_WITH_UNIT(LENGTH_MEASURE(0.01),#20428,
'DISTANCE_ACCURACY_VALUE',
'Maximum model space distance between geometric entities at asserted c
onnectivities');
#20423=(
GEOMETRIC_REPRESENTATION_CONTEXT(3)
GLOBAL_UNCERTAINTY_ASSIGNED_CONTEXT((#20418))
GLOBAL_UNIT_ASSIGNED_CONTEXT((#20428,#20430,#20431))
REPRESENTATION_CONTEXT('','3D')
);
#20424=(
GEOMETRIC_REPRESENTATION_CONTEXT(3)
GLOBAL_UNCERTAINTY_ASSIGNED_CONTEXT((#20419))
GLOBAL_UNIT_ASSIGNED_CONTEXT((#20428,#20430,#20431))
REPRESENTATION_CONTEXT('','3D')
);
#20425=(
GEOMETRIC_REPRESENTATION_CONTEXT(3)
GLOBAL_UNCERTAINTY_ASSIGNED_CONTEXT((#20420))
GLOBAL_UNIT_ASSIGNED_CONTEXT((#20428,#20430,#20431))
REPRESENTATION_CONTEXT('','3D')
);
#20426=(
GEOMETRIC_REPRESENTATION_CONTEXT(3)
GLOBAL_UNCERTAINTY_ASSIGNED_CONTEXT((#20421))
GLOBAL_UNIT_ASSIGNED_CONTEXT((#20428,#20430,#20431))
REPRESENTATION_CONTEXT('','3D')
);
#20427=(
GEOMETRIC_REPRESENTATION_CONTEXT(3)
GLOBAL_UNCERTAINTY_ASSIGNED_CONTEXT((#20422))
GLOBAL_UNIT_ASSIGNED_CONTEXT((#20428,#20430,#20431))
REPRESENTATION_CONTEXT('','3D')
);
#20428=(
LENGTH_UNIT()
NAMED_UNIT(*)
SI_UNIT(.MILLI.,.METRE.)
);
#20429=(
LENGTH_UNIT()
NAMED_UNIT(*)
SI_UNIT($,.METRE.)
);
#20430=(
NAMED_UNIT(*)
PLANE_ANGLE_UNIT()
SI_UNIT($,.RADIAN.)
);
#20431=(
NAMED_UNIT(*)
SI_UNIT($,.STERADIAN.)
SOLID_ANGLE_UNIT()
);
#20432=SHAPE_DEFINITION_REPRESENTATION(#20436,#20443);
#20433=SHAPE_DEFINITION_REPRESENTATION(#20437,#20444);
#20434=SHAPE_DEFINITION_REPRESENTATION(#20438,#20445);
#20435=SHAPE_DEFINITION_REPRESENTATION(#20439,#20446);
#20436=PRODUCT_DEFINITION_SHAPE('',$,#20448);
#20437=PRODUCT_DEFINITION_SHAPE('',$,#20449);
#20438=PRODUCT_DEFINITION_SHAPE('',$,#20450);
#20439=PRODUCT_DEFINITION_SHAPE('',$,#20451);
#20440=PRODUCT_DEFINITION_SHAPE($,$,#20);
#20441=PRODUCT_DEFINITION_SHAPE($,$,#21);
#20442=PRODUCT_DEFINITION_SHAPE($,$,#22);
#20443=SHAPE_REPRESENTATION('',(#12954,#13677,#13678,#13679),#20423);
#20444=SHAPE_REPRESENTATION('',(#12955),#20424);
#20445=SHAPE_REPRESENTATION('',(#13030),#20425);
#20446=SHAPE_REPRESENTATION('',(#13133),#20426);
#20447=PRODUCT_DEFINITION_CONTEXT('part definition',#20461,'design');
#20448=PRODUCT_DEFINITION('2026-07-01-00-32-10-666','Sensor_Case',#20452,
#20447);
#20449=PRODUCT_DEFINITION('2026-07-01-01-16-19-831','Tray',#20453,#20447);
#20450=PRODUCT_DEFINITION('2026-07-01-01-18-53-876','Lid',#20454,#20447);
#20451=PRODUCT_DEFINITION('Base','Base',#20455,#20447);
#20452=PRODUCT_DEFINITION_FORMATION('',$,#20463);
#20453=PRODUCT_DEFINITION_FORMATION('',$,#20464);
#20454=PRODUCT_DEFINITION_FORMATION('',$,#20465);
#20455=PRODUCT_DEFINITION_FORMATION('',$,#20466);
#20456=PRODUCT_RELATED_PRODUCT_CATEGORY('Sensor_Case','Sensor_Case',(#20463));
#20457=PRODUCT_RELATED_PRODUCT_CATEGORY('Tray','Tray',(#20464));
#20458=PRODUCT_RELATED_PRODUCT_CATEGORY('Lid','Lid',(#20465));
#20459=PRODUCT_RELATED_PRODUCT_CATEGORY('Base','Base',(#20466));
#20460=APPLICATION_PROTOCOL_DEFINITION('international standard',
'automotive_design',2009,#20461);
#20461=APPLICATION_CONTEXT(
'Core Data for Automotive Mechanical Design Process');
#20462=PRODUCT_CONTEXT('part definition',#20461,'mechanical');
#20463=PRODUCT('2026-07-01-00-32-10-666','Sensor_Case',$,(#20462));
#20464=PRODUCT('2026-07-01-01-16-19-831','Tray',$,(#20462));
#20465=PRODUCT('2026-07-01-01-18-53-876','Lid',$,(#20462));
#20466=PRODUCT('Base','Base',$,(#20462));
#20467=PRESENTATION_STYLE_ASSIGNMENT((#20468));
#20468=SURFACE_STYLE_USAGE(.BOTH.,#20469);
#20469=SURFACE_SIDE_STYLE('',(#20470));
#20470=SURFACE_STYLE_FILL_AREA(#20471);
#20471=FILL_AREA_STYLE('Steel - Satin',(#20472));
#20472=FILL_AREA_STYLE_COLOUR('Steel - Satin',#20473);
#20473=COLOUR_RGB('Steel - Satin',0.627450980392157,0.627450980392157,0.627450980392157);
ENDSEC;
END-ISO-10303-21;
